{
  "reference_quaternion": {
    "w": 0.7402328848838806,
    "x": -0.1662135124206543,
    "y": -0.6349981427192688,
    "z": -0.14562182128429413
  },
  "calibrated_at": "2026-07-13 16:16:49"
}