{
  "reference_quaternion": {
    "w": 0.7305218577384949,
    "x": -0.03269679844379425,
    "y": 0.6811332702636719,
    "z": 0.036416616290807724
  },
  "calibrated_at": "2026-07-13 12:47:45"
}