time,RForceX,RForceY_Vertical,RForceZ,RCOPX,RCOPY_Vertical,RCOPZ,LForceX,LForceY_Vertical,LForceZ,LCOPX,LCOPY_Vertical,LCOPZ
40,NaN,NaN,NaN,NaN,NaN,NaN,101.817,588.06,39.131,0.441,0,-1.0408
40.005,NaN,NaN,NaN,NaN,NaN,NaN,100.263,584.836,37.4995,0.4407,0,-1.0365
40.01,NaN,NaN,NaN,NaN,NaN,NaN,98.821,581.987,35.9288,0.4405,0,-1.0322
40.015,NaN,NaN,NaN,NaN,NaN,NaN,97.5633,579.562,34.3403,0.4402,0,-1.0278
40.02,NaN,NaN,NaN,NaN,NaN,NaN,96.5535,577.589,32.6647,0.4401,0,-1.0233
40.025,NaN,NaN,NaN,NaN,NaN,NaN,95.8223,576.071,30.8628,0.4399,0,-1.0186
40.03,NaN,NaN,NaN,NaN,NaN,NaN,95.3491,574.999,28.9365,0.4399,0,-1.0137
40.035,NaN,NaN,NaN,NaN,NaN,NaN,95.0613,574.36,26.9252,0.4398,0,-1.0087
40.04,NaN,NaN,NaN,NaN,NaN,NaN,94.8571,574.153,24.8945,0.4398,0,-1.0036
40.045,NaN,NaN,NaN,NaN,NaN,NaN,94.6447,574.405,22.916,0.4398,0,-0.9985
40.05,NaN,NaN,NaN,NaN,NaN,NaN,94.3805,575.168,21.0431,0.4399,0,-0.9934
40.055,NaN,NaN,NaN,NaN,NaN,NaN,94.0912,576.518,19.2911,0.4399,0,-0.9883
40.06,NaN,NaN,NaN,NaN,NaN,NaN,93.8681,578.542,17.63,0.44,0,-0.9832
40.065,NaN,NaN,NaN,NaN,NaN,NaN,93.8338,581.325,15.9939,0.44,0,-0.9781
40.07,NaN,NaN,NaN,NaN,NaN,NaN,94.0904,584.933,14.3036,0.4401,0,-0.9728
40.075,NaN,NaN,NaN,NaN,NaN,NaN,94.6714,589.404,12.4941,0.4403,0,-0.9674
40.08,NaN,NaN,NaN,NaN,NaN,NaN,95.5212,594.744,10.5369,0.4404,0,-0.962
40.085,NaN,NaN,NaN,NaN,NaN,NaN,96.5154,600.926,8.4472,0.4406,0,-0.9564
40.09,NaN,NaN,NaN,NaN,NaN,NaN,97.5108,607.906,6.2703,0.4408,0,-0.9509
40.095,NaN,NaN,NaN,NaN,NaN,NaN,98.3996,615.623,4.0514,0.441,0,-0.9455
40.1,NaN,NaN,NaN,NaN,NaN,NaN,99.1398,624.006,1.8055,0.4412,0,-0.9401
40.105,NaN,NaN,NaN,NaN,NaN,NaN,99.7593,632.98,-0.4962,0.4413,0,-0.9348
40.11,NaN,NaN,NaN,NaN,NaN,NaN,100.337,642.487,-2.9152,0.4414,0,-0.9295
40.115,NaN,NaN,NaN,NaN,NaN,NaN,100.974,652.491,-5.5214,0.4415,0,-0.9241
40.12,NaN,NaN,NaN,NaN,NaN,NaN,101.766,662.985,-8.3712,0.4416,0,-0.9187
40.125,NaN,NaN,NaN,NaN,NaN,NaN,102.775,673.989,-11.4991,0.4416,0,-0.9132
40.13,NaN,NaN,NaN,NaN,NaN,NaN,104.019,685.531,-14.9234,0.4417,0,-0.9076
40.135,NaN,NaN,NaN,NaN,NaN,NaN,105.468,697.637,-18.6553,0.4418,0,-0.902
40.14,NaN,NaN,NaN,NaN,NaN,NaN,107.049,710.308,-22.7014,0.4419,0,-0.8963
40.145,NaN,NaN,NaN,NaN,NaN,NaN,108.666,723.5,-27.0579,0.442,0,-0.8905
40.15,NaN,NaN,NaN,NaN,NaN,NaN,110.216,737.116,-31.7036,0.4421,0,-0.8847
40.155,NaN,NaN,NaN,NaN,NaN,NaN,111.619,751.015,-36.5968,0.4423,0,-0.8789
40.16,NaN,NaN,NaN,NaN,NaN,NaN,112.827,765.036,-41.6784,0.4424,0,-0.8731
40.165,NaN,NaN,NaN,NaN,NaN,NaN,113.844,779.018,-46.8808,0.4427,0,-0.8673
40.17,NaN,NaN,NaN,NaN,NaN,NaN,114.712,792.825,-52.1369,0.4429,0,-0.8615
40.175,NaN,NaN,NaN,NaN,NaN,NaN,115.484,806.347,-57.3883,0.4432,0,-0.8558
40.18,NaN,NaN,NaN,NaN,NaN,NaN,116.194,819.493,-62.5897,0.4436,0,-0.8502
40.185,NaN,NaN,NaN,NaN,NaN,NaN,116.822,832.166,-67.7111,0.444,0,-0.8447
40.19,NaN,NaN,NaN,NaN,NaN,NaN,117.29,844.238,-72.737,0.4445,0,-0.8394
40.195,NaN,NaN,NaN,NaN,NaN,NaN,117.483,855.522,-77.6665,0.4449,0,-0.8341
40.2,NaN,NaN,NaN,NaN,NaN,NaN,117.312,865.783,-82.5127,0.4453,0,-0.829
40.205,NaN,NaN,NaN,NaN,NaN,NaN,116.765,874.743,-87.3056,0.4456,0,-0.8239
40.21,NaN,NaN,NaN,NaN,NaN,NaN,115.948,882.12,-92.0978,0.4459,0,-0.819
40.215,NaN,NaN,NaN,NaN,NaN,NaN,115.078,887.652,-96.9691,0.4463,0,-0.814
40.22,NaN,NaN,NaN,NaN,NaN,NaN,114.423,891.115,-102.023,0.4467,0,-0.809
40.225,NaN,NaN,NaN,NaN,NaN,NaN,114.212,892.314,-107.367,0.4471,0,-0.8039
40.23,NaN,NaN,NaN,NaN,NaN,NaN,114.53,891.054,-113.072,0.4477,0,-0.7986
40.235,NaN,NaN,NaN,NaN,NaN,NaN,115.252,887.108,-119.13,0.4482,0,-0.7932
40.24,NaN,NaN,NaN,NaN,NaN,NaN,116.021,880.215,-125.417,0.4489,0,-0.7876
40.245,NaN,NaN,NaN,NaN,NaN,NaN,116.324,870.105,-131.698,0.4494,0,-0.782
40.25,NaN,NaN,NaN,NaN,NaN,NaN,115.609,856.559,-137.683,0.45,0,-0.7764
40.255,NaN,NaN,NaN,NaN,NaN,NaN,113.453,839.474,-143.118,0.4504,0,-0.7709
40.26,NaN,NaN,NaN,NaN,NaN,NaN,109.696,818.88,-147.886,0.4509,0,-0.7655
40.265,NaN,NaN,NaN,NaN,NaN,NaN,104.519,794.903,-152.053,0.4512,0,-0.7602
40.27,NaN,NaN,NaN,NaN,NaN,NaN,98.4033,767.668,-155.817,0.4517,0,-0.7549
40.275,NaN,NaN,NaN,NaN,NaN,NaN,91.9899,737.181,-159.391,0.4522,0,-0.7495
40.28,NaN,NaN,NaN,NaN,NaN,NaN,85.8559,703.239,-162.834,0.4529,0,-0.7439
40.285,NaN,NaN,NaN,NaN,NaN,NaN,80.3134,665.413,-165.911,0.4537,0,-0.7379
40.29,NaN,NaN,NaN,NaN,NaN,NaN,75.3233,623.14,-168.021,0.4547,0,-0.7316
40.295,NaN,NaN,NaN,NaN,NaN,NaN,70.5839,575.919,-168.223,0.4556,0,-0.7249
40.3,NaN,NaN,NaN,NaN,NaN,NaN,65.7551,523.575,-165.376,0.4566,0,-0.718
40.305,NaN,NaN,NaN,NaN,NaN,NaN,60.693,466.521,-158.386,0.4575,0,-0.7111
40.31,NaN,NaN,NaN,NaN,NaN,NaN,55.5617,405.944,-146.526,0.4583,0,-0.7042
40.315,NaN,NaN,NaN,NaN,NaN,NaN,50.7681,343.817,-129.721,0.459,0,-0.6977
40.32,NaN,NaN,NaN,NaN,NaN,NaN,46.7753,282.728,-108.714,0.4598,0,-0.6919
40.325,NaN,NaN,NaN,NaN,NaN,NaN,43.9056,225.509,-85.0161,0.4606,0,-0.6875
40.33,NaN,NaN,NaN,NaN,NaN,NaN,42.2259,174.757,-60.6591,0.4617,0,-0.6854
40.335,NaN,NaN,NaN,NaN,NaN,NaN,41.5438,132.363,-37.8239,0.4631,0,-0.6874
40.34,NaN,NaN,NaN,NaN,NaN,NaN,41.4924,99.1767,-18.4269,0.4647,0,-0.696
40.345,NaN,NaN,NaN,NaN,NaN,NaN,41.6579,74.9104,-3.7639,0.4665,0,-0.7128
40.35,NaN,NaN,NaN,NaN,NaN,NaN,41.7017,58.2962,5.7092,0.4682,0,-0.7366
40.355,NaN,NaN,NaN,NaN,NaN,NaN,41.4325,47.4369,10.3915,0.47,0,-0.7612
40.36,NaN,NaN,NaN,NaN,NaN,NaN,40.8052,40.2461,11.3379,0.4722,0,-0.7782
40.365,NaN,NaN,NaN,NaN,NaN,NaN,39.8611,34.8578,9.915,0.4756,0,-0.7819
40.37,NaN,NaN,NaN,NaN,NaN,NaN,38.6608,29.9167,7.4455,0.4813,0,-0.7705
40.375,NaN,NaN,NaN,NaN,NaN,NaN,37.256,24.7049,4.9541,0.4904,0,-0.7429
40.38,NaN,NaN,NaN,NaN,NaN,NaN,0,0,0,0,0,0
40.385,NaN,NaN,NaN,NaN,NaN,NaN,0,0,0,0,0,0
40.39,NaN,NaN,NaN,NaN,NaN,NaN,0,0,0,0,0,0
40.395,NaN,NaN,NaN,NaN,NaN,NaN,0,0,0,0,0,0
40.4,NaN,NaN,NaN,NaN,NaN,NaN,0,0,0,0,0,0
40.405,NaN,NaN,NaN,NaN,NaN,NaN,0,0,0,0,0,0
40.41,NaN,NaN,NaN,NaN,NaN,NaN,0,0,0,0,0,0
40.415,NaN,NaN,NaN,NaN,NaN,NaN,0,0,0,0,0,0
40.42,NaN,NaN,NaN,NaN,NaN,NaN,0,0,0,0,0,0
40.425,NaN,NaN,NaN,NaN,NaN,NaN,0,0,0,0,0,0
40.43,NaN,NaN,NaN,NaN,NaN,NaN,0,0,0,0,0,0
40.435,NaN,NaN,NaN,NaN,NaN,NaN,0,0,0,0,0,0
40.44,NaN,NaN,NaN,NaN,NaN,NaN,0,0,0,0,0,0
40.445,NaN,NaN,NaN,NaN,NaN,NaN,0,0,0,0,0,0
40.45,NaN,NaN,NaN,NaN,NaN,NaN,0,0,0,0,0,0
40.455,NaN,NaN,NaN,NaN,NaN,NaN,0,0,0,0,0,0
40.46,NaN,NaN,NaN,NaN,NaN,NaN,0,0,0,0,0,0
40.465,NaN,NaN,NaN,NaN,NaN,NaN,0,0,0,0,0,0
40.47,NaN,NaN,NaN,NaN,NaN,NaN,0,0,0,0,0,0
40.475,NaN,NaN,NaN,NaN,NaN,NaN,0,0,0,0,0,0
40.48,NaN,NaN,NaN,NaN,NaN,NaN,0,0,0,0,0,0
40.485,NaN,NaN,NaN,NaN,NaN,NaN,0,0,0,0,0,0
40.49,NaN,NaN,NaN,NaN,NaN,NaN,0,0,0,0,0,0
40.495,NaN,NaN,NaN,NaN,NaN,NaN,0,0,0,0,0,0
40.5,NaN,NaN,NaN,NaN,NaN,NaN,0,0,0,0,0,0
40.505,NaN,NaN,NaN,NaN,NaN,NaN,0,0,0,0,0,0
40.51,NaN,NaN,NaN,NaN,NaN,NaN,0,0,0,0,0,0
40.515,NaN,NaN,NaN,NaN,NaN,NaN,0,0,0,0,0,0
40.52,NaN,NaN,NaN,NaN,NaN,NaN,0,0,0,0,0,0
40.525,NaN,NaN,NaN,NaN,NaN,NaN,0,0,0,0,0,0
40.53,NaN,NaN,NaN,NaN,NaN,NaN,0,0,0,0,0,0
40.535,NaN,NaN,NaN,NaN,NaN,NaN,0,0,0,0,0,0
40.54,NaN,NaN,NaN,NaN,NaN,NaN,0,0,0,0,0,0
40.545,NaN,NaN,NaN,NaN,NaN,NaN,0,0,0,0,0,0
40.55,NaN,NaN,NaN,NaN,NaN,NaN,0,0,0,0,0,0
40.555,NaN,NaN,NaN,NaN,NaN,NaN,0,0,0,0,0,0
40.56,NaN,NaN,NaN,NaN,NaN,NaN,0,0,0,0,0,0
40.565,NaN,NaN,NaN,NaN,NaN,NaN,0,0,0,0,0,0
40.57,NaN,NaN,NaN,NaN,NaN,NaN,0,0,0,0,0,0
40.575,NaN,NaN,NaN,NaN,NaN,NaN,0,0,0,0,0,0
40.58,NaN,NaN,NaN,NaN,NaN,NaN,0,0,0,0,0,0
40.585,NaN,NaN,NaN,NaN,NaN,NaN,0,0,0,0,0,0
40.59,NaN,NaN,NaN,NaN,NaN,NaN,0,0,0,0,0,0
40.595,NaN,NaN,NaN,NaN,NaN,NaN,0,0,0,0,0,0
40.6,NaN,NaN,NaN,NaN,NaN,NaN,0,0,0,0,0,0
40.605,NaN,NaN,NaN,NaN,NaN,NaN,0,0,0,0,0,0
40.61,NaN,NaN,NaN,NaN,NaN,NaN,0,0,0,0,0,0
40.615,NaN,NaN,NaN,NaN,NaN,NaN,0,0,0,0,0,0
40.62,NaN,NaN,NaN,NaN,NaN,NaN,0,0,0,0,0,0
40.625,NaN,NaN,NaN,NaN,NaN,NaN,0,0,0,0,0,0
40.63,NaN,NaN,NaN,NaN,NaN,NaN,0,0,0,0,0,0
40.635,NaN,NaN,NaN,NaN,NaN,NaN,0,0,0,0,0,0
40.64,NaN,NaN,NaN,NaN,NaN,NaN,0,0,0,0,0,0
40.645,NaN,NaN,NaN,NaN,NaN,NaN,0,0,0,0,0,0
40.65,NaN,NaN,NaN,NaN,NaN,NaN,0,0,0,0,0,0
40.655,NaN,NaN,NaN,NaN,NaN,NaN,0,0,0,0,0,0
40.66,NaN,NaN,NaN,NaN,NaN,NaN,0,0,0,0,0,0
40.665,NaN,NaN,NaN,NaN,NaN,NaN,0,0,0,0,0,0
40.67,NaN,NaN,NaN,NaN,NaN,NaN,0,0,0,0,0,0
40.675,NaN,NaN,NaN,NaN,NaN,NaN,0,0,0,0,0,0
40.68,NaN,NaN,NaN,NaN,NaN,NaN,0,0,0,0,0,0
40.685,NaN,NaN,NaN,NaN,NaN,NaN,0,0,0,0,0,0
40.69,NaN,NaN,NaN,NaN,NaN,NaN,0,0,0,0,0,0
40.695,NaN,NaN,NaN,NaN,NaN,NaN,0,0,0,0,0,0
40.7,NaN,NaN,NaN,NaN,NaN,NaN,0,0,0,0,0,0
40.705,NaN,NaN,NaN,NaN,NaN,NaN,0,0,0,0,0,0
40.71,NaN,NaN,NaN,NaN,NaN,NaN,0,0,0,0,0,0
40.715,NaN,NaN,NaN,NaN,NaN,NaN,0,0,0,0,0,0
40.72,NaN,NaN,NaN,NaN,NaN,NaN,0,0,0,0,0,0
40.725,NaN,NaN,NaN,NaN,NaN,NaN,0,0,0,0,0,0
40.73,NaN,NaN,NaN,NaN,NaN,NaN,0,0,0,0,0,0
40.735,NaN,NaN,NaN,NaN,NaN,NaN,0,0,0,0,0,0
40.74,NaN,NaN,NaN,NaN,NaN,NaN,0,0,0,0,0,0
40.745,NaN,NaN,NaN,NaN,NaN,NaN,0,0,0,0,0,0
40.75,NaN,NaN,NaN,NaN,NaN,NaN,0,0,0,0,0,0
40.755,NaN,NaN,NaN,NaN,NaN,NaN,0,0,0,0,0,0
40.76,NaN,NaN,NaN,NaN,NaN,NaN,0,0,0,0,0,0
40.765,NaN,NaN,NaN,NaN,NaN,NaN,0,0,0,0,0,0
40.77,NaN,NaN,NaN,NaN,NaN,NaN,0,0,0,0,0,0
40.775,NaN,NaN,NaN,NaN,NaN,NaN,27.1078,0,-1.8664,0.4802,0,-1.3326
40.78,NaN,NaN,NaN,NaN,NaN,NaN,27.1182,40.5451,-11.2173,0.4379,0,-1.2872
40.785,NaN,NaN,NaN,NaN,NaN,NaN,26.7838,69.053,-21.7092,0.4232,0,-1.2583
40.79,NaN,NaN,NaN,NaN,NaN,NaN,26.4576,100.957,-30.7276,0.4173,0,-1.2374
40.795,NaN,NaN,NaN,NaN,NaN,NaN,26.5474,133.106,-35.6548,0.4153,0,-1.2215
40.8,NaN,NaN,NaN,NaN,NaN,NaN,27.2608,163.119,-34.7181,0.4155,0,-1.2094
40.805,NaN,NaN,NaN,NaN,NaN,NaN,28.4234,190.386,-27.5181,0.4166,0,-1.2011
40.81,NaN,NaN,NaN,NaN,NaN,NaN,29.5213,216.436,-15.0076,0.4174,0,-1.1967
40.815,NaN,NaN,NaN,NaN,NaN,NaN,30.0088,244.457,1.0332,0.4171,0,-1.1965
40.82,NaN,NaN,NaN,NaN,NaN,NaN,29.7581,278.078,18.7243,0.415,0,-1.1998
40.825,NaN,NaN,NaN,NaN,NaN,NaN,29.3974,319.85,36.6372,0.4114,0,-1.205
40.83,NaN,NaN,NaN,NaN,NaN,NaN,30.2879,369.978,53.9299,0.4071,0,-1.2106
40.835,NaN,NaN,NaN,NaN,NaN,NaN,34.0416,425.777,70.1012,0.4031,0,-1.215
40.84,NaN,NaN,NaN,NaN,NaN,NaN,41.7398,482.087,84.6326,0.3998,0,-1.2177
40.845,NaN,NaN,NaN,NaN,NaN,NaN,53.236,532.546,96.8138,0.3974,0,-1.2185
40.85,NaN,NaN,NaN,NaN,NaN,NaN,66.9708,571.337,105.877,0.3958,0,-1.2178
40.855,NaN,NaN,NaN,NaN,NaN,NaN,80.5087,594.863,111.33,0.3948,0,-1.2157
40.86,NaN,NaN,NaN,NaN,NaN,NaN,91.5894,602.818,113.258,0.394,0,-1.2126
40.865,NaN,NaN,NaN,NaN,NaN,NaN,99.1366,598.297,112.418,0.3932,0,-1.2086
40.87,NaN,NaN,NaN,NaN,NaN,NaN,103.648,586.947,110.069,0.3923,0,-1.2041
40.875,NaN,NaN,NaN,NaN,NaN,NaN,106.755,575.437,107.62,0.3912,0,-1.1992
40.88,NaN,NaN,NaN,NaN,NaN,NaN,110.256,569.808,106.246,0.39,0,-1.1942
40.885,NaN,NaN,NaN,NaN,NaN,NaN,115.215,574.187,106.597,0.3888,0,-1.1894
40.89,NaN,NaN,NaN,NaN,NaN,NaN,121.634,590.177,108.727,0.3876,0,-1.1849
40.895,NaN,NaN,NaN,NaN,NaN,NaN,128.755,616.961,112.19,0.3866,0,-1.1808
40.9,NaN,NaN,NaN,NaN,NaN,NaN,135.677,651.942,116.26,0.3858,0,-1.1769
40.905,NaN,NaN,NaN,NaN,NaN,NaN,141.814,691.636,120.159,0.3853,0,-1.173
40.91,NaN,NaN,NaN,NaN,NaN,NaN,146.967,732.528,123.255,0.385,0,-1.1689
40.915,NaN,NaN,NaN,NaN,NaN,NaN,151.076,771.68,125.171,0.385,0,-1.1646
40.92,NaN,NaN,NaN,NaN,NaN,NaN,153.984,807.007,125.807,0.3851,0,-1.1601
40.925,NaN,NaN,NaN,NaN,NaN,NaN,155.433,837.255,125.27,0.3853,0,-1.1553
40.93,NaN,NaN,NaN,NaN,NaN,NaN,155.283,861.805,123.783,0.3854,0,-1.1503
40.935,NaN,NaN,NaN,NaN,NaN,NaN,153.737,880.436,121.604,0.3854,0,-1.1451
40.94,NaN,NaN,NaN,NaN,NaN,NaN,151.353,893.158,118.971,0.3853,0,-1.14
40.945,NaN,NaN,NaN,NaN,NaN,NaN,148.809,900.151,116.077,0.3852,0,-1.1349
40.95,NaN,NaN,NaN,NaN,NaN,NaN,146.599,901.793,113.064,0.3851,0,-1.1299
40.955,NaN,NaN,NaN,NaN,NaN,NaN,144.878,898.702,110.027,0.3849,0,-1.125
40.96,NaN,NaN,NaN,NaN,NaN,NaN,143.545,891.758,107.018,0.3847,0,-1.1203
40.965,NaN,NaN,NaN,NaN,NaN,NaN,142.45,882.028,104.051,0.3844,0,-1.1157
40.97,NaN,NaN,NaN,NaN,NaN,NaN,141.53,870.628,101.109,0.3841,0,-1.1114
40.975,NaN,NaN,NaN,NaN,NaN,NaN,140.792,858.546,98.1515,0.3837,0,-1.1072
40.98,NaN,NaN,NaN,NaN,NaN,NaN,140.181,846.489,95.1273,0.3833,0,-1.1032
40.985,NaN,NaN,NaN,NaN,NaN,NaN,139.499,834.82,91.9896,0.3829,0,-1.0992
40.99,NaN,NaN,NaN,NaN,NaN,NaN,138.467,823.576,88.706,0.3824,0,-1.0952
40.995,NaN,NaN,NaN,NaN,NaN,NaN,136.895,812.567,85.2662,0.382,0,-1.0912
41,NaN,NaN,NaN,NaN,NaN,NaN,134.81,801.492,81.687,0.3815,0,-1.087
41.005,NaN,NaN,NaN,NaN,NaN,NaN,132.445,790.063,78.016,0.381,0,-1.0827
41.01,NaN,NaN,NaN,NaN,NaN,NaN,130.084,778.079,74.3288,0.3805,0,-1.0782
41.015,NaN,NaN,NaN,NaN,NaN,NaN,127.877,765.461,70.7149,0.3801,0,-1.0737
41.02,NaN,NaN,NaN,NaN,NaN,NaN,125.784,752.222,67.2518,0.3797,0,-1.0692
41.025,NaN,NaN,NaN,NaN,NaN,NaN,123.659,738.43,63.9796,0.3792,0,-1.0648
41.03,NaN,NaN,NaN,NaN,NaN,NaN,121.416,724.164,60.892,0.3788,0,-1.0605
41.035,NaN,NaN,NaN,NaN,NaN,NaN,119.119,709.509,57.9485,0.3783,0,-1.0564
41.04,NaN,NaN,NaN,NaN,NaN,NaN,116.933,694.574,55.0991,0.3778,0,-1.0523
41.045,NaN,NaN,NaN,NaN,NaN,NaN,114.988,679.519,52.3105,0.3775,0,-1.0483
41.05,NaN,NaN,NaN,NaN,NaN,NaN,113.262,664.586,49.5848,0.3772,0,-1.0443
41.055,NaN,NaN,NaN,NaN,NaN,NaN,111.599,650.085,46.9644,0.377,0,-1.0402
41.06,NaN,NaN,NaN,NaN,NaN,NaN,109.82,636.348,44.5147,0.3768,0,-1.0361
41.065,NaN,NaN,NaN,NaN,NaN,NaN,107.855,623.66,42.284,0.3767,0,-1.0321
41.07,NaN,NaN,NaN,NaN,NaN,NaN,105.788,612.2,40.2603,0.3766,0,-1.0281
41.075,NaN,NaN,NaN,NaN,NaN,NaN,103.799,602.033,38.3495,0.3766,0,-1.0242
41.08,NaN,NaN,NaN,NaN,NaN,NaN,102.041,593.16,36.3989,0.3766,0,-1.0201
41.085,NaN,NaN,NaN,NaN,NaN,NaN,100.543,585.579,34.2643,0.3768,0,-1.0158
41.09,NaN,NaN,NaN,NaN,NaN,NaN,99.1866,579.327,31.886,0.377,0,-1.0111
41.095,NaN,NaN,NaN,NaN,NaN,NaN,97.7786,574.475,29.3215,0.3773,0,-1.0061
41.1,NaN,NaN,NaN,NaN,NaN,NaN,96.177,571.076,26.7128,0.3775,0,-1.001
41.105,NaN,NaN,NaN,NaN,NaN,NaN,94.395,569.108,24.2099,0.3776,0,-0.9959
41.11,NaN,NaN,NaN,NaN,NaN,NaN,92.632,568.438,21.9031,0.3777,0,-0.9909
41.115,NaN,NaN,NaN,NaN,NaN,NaN,91.2084,568.835,19.8019,0.3778,0,-0.9861
41.12,NaN,NaN,NaN,NaN,NaN,NaN,90.436,570.04,17.8698,0.378,0,-0.9816
41.125,NaN,NaN,NaN,NaN,NaN,NaN,90.4806,571.844,16.0808,0.3782,0,-0.9772
41.13,NaN,NaN,NaN,NaN,NaN,NaN,91.2833,574.132,14.4515,0.3785,0,-0.973
41.135,NaN,NaN,NaN,NaN,NaN,NaN,92.579,576.896,13.0221,0.3788,0,-0.9691
41.14,NaN,NaN,NaN,NaN,NaN,NaN,94.0061,580.191,11.8038,0.3789,0,-0.9654
41.145,NaN,NaN,NaN,NaN,NaN,NaN,95.2586,584.095,10.7301,0.379,0,-0.9619
41.15,NaN,NaN,NaN,NaN,NaN,NaN,96.207,588.68,9.6463,0.379,0,-0.9584
41.155,NaN,NaN,NaN,NaN,NaN,NaN,96.9305,594.015,8.3468,0.3789,0,-0.9548
41.16,NaN,NaN,NaN,NaN,NaN,NaN,97.6531,600.173,6.6426,0.3787,0,-0.9507
41.165,NaN,NaN,NaN,NaN,NaN,NaN,98.6225,607.237,4.4271,0.3786,0,-0.9463
41.17,NaN,NaN,NaN,NaN,NaN,NaN,100.001,615.285,1.7128,0.3786,0,-0.9414
41.175,NaN,NaN,NaN,NaN,NaN,NaN,101.813,624.361,-1.3775,0.3786,0,-0.9361
41.18,NaN,NaN,NaN,NaN,NaN,NaN,103.965,634.447,-4.6603,0.3786,0,-0.9307
41.185,NaN,NaN,NaN,NaN,NaN,NaN,106.304,645.444,-7.9575,0.3786,0,-0.9252
41.19,NaN,NaN,NaN,NaN,NaN,NaN,108.672,657.174,-11.1504,0.3786,0,-0.9199
41.195,NaN,NaN,NaN,NaN,NaN,NaN,110.945,669.407,-14.1993,0.3787,0,-0.9149
41.2,NaN,NaN,NaN,NaN,NaN,NaN,113.039,681.893,-17.1282,0.3787,0,-0.91
41.205,NaN,NaN,NaN,NaN,NaN,NaN,114.912,694.401,-19.9921,0.3787,0,-0.9053
41.21,NaN,NaN,NaN,NaN,NaN,NaN,116.564,706.745,-22.8495,0.3787,0,-0.9009
41.215,NaN,NaN,NaN,NaN,NaN,NaN,118.052,718.791,-25.7521,0.3788,0,-0.8965
41.22,NaN,NaN,NaN,NaN,NaN,NaN,119.485,730.452,-28.7483,0.3788,0,-0.8923
41.225,NaN,NaN,NaN,NaN,NaN,NaN,121.012,741.67,-31.8902,0.3789,0,-0.8881
41.23,NaN,NaN,NaN,NaN,NaN,NaN,122.761,752.415,-35.2312,0.379,0,-0.8837
41.235,NaN,NaN,NaN,NaN,NaN,NaN,124.778,762.677,-38.8149,0.3791,0,-0.8792
41.24,NaN,NaN,NaN,NaN,NaN,NaN,126.976,772.473,-42.6579,0.3792,0,-0.8745
41.245,NaN,NaN,NaN,NaN,NaN,NaN,129.138,781.832,-46.7377,0.3793,0,-0.8697
41.25,NaN,NaN,NaN,NaN,NaN,NaN,130.984,790.772,-50.9941,0.3795,0,-0.8646
41.255,NaN,NaN,NaN,NaN,NaN,NaN,132.268,799.275,-55.3486,0.3796,0,-0.8596
41.26,NaN,NaN,NaN,NaN,NaN,NaN,132.871,807.267,-59.7344,0.3797,0,-0.8544
41.265,NaN,NaN,NaN,NaN,NaN,NaN,132.852,814.621,-64.1173,0.3798,0,-0.8493
41.27,NaN,NaN,NaN,NaN,NaN,NaN,132.42,821.179,-68.4982,0.38,0,-0.8442
41.275,NaN,NaN,NaN,NaN,NaN,NaN,131.867,826.784,-72.8971,0.3803,0,-0.8391
41.28,NaN,NaN,NaN,NaN,NaN,NaN,131.465,831.295,-77.3351,0.3806,0,-0.8339
41.285,NaN,NaN,NaN,NaN,NaN,NaN,131.392,834.593,-81.8267,0.3809,0,-0.8288
41.29,NaN,NaN,NaN,NaN,NaN,NaN,131.696,836.562,-86.3854,0.3813,0,-0.8236
41.295,NaN,NaN,NaN,NaN,NaN,NaN,132.315,837.065,-91.0328,0.3817,0,-0.8185
41.3,NaN,NaN,NaN,NaN,NaN,NaN,133.105,835.916,-95.799,0.3822,0,-0.8133
41.305,NaN,NaN,NaN,NaN,NaN,NaN,133.883,832.865,-100.702,0.3826,0,-0.8082
41.31,NaN,NaN,NaN,NaN,NaN,NaN,134.453,827.606,-105.715,0.3831,0,-0.803
41.315,NaN,NaN,NaN,NaN,NaN,NaN,134.627,819.813,-110.735,0.3836,0,-0.7978
41.32,NaN,NaN,NaN,NaN,NaN,NaN,134.255,809.202,-115.599,0.3841,0,-0.7925
41.325,NaN,NaN,NaN,NaN,NaN,NaN,133.247,795.599,-120.127,0.3847,0,-0.7873
41.33,NaN,NaN,NaN,NaN,NaN,NaN,131.591,778.973,-124.198,0.3854,0,-0.7821
41.335,NaN,NaN,NaN,NaN,NaN,NaN,129.338,759.422,-127.788,0.3861,0,-0.777
41.34,NaN,NaN,NaN,NaN,NaN,NaN,126.566,737.109,-130.971,0.3869,0,-0.7718
41.345,NaN,NaN,NaN,NaN,NaN,NaN,123.318,712.146,-133.867,0.3879,0,-0.7664
41.35,NaN,NaN,NaN,NaN,NaN,NaN,119.541,684.481,-136.573,0.3888,0,-0.7609
41.355,NaN,NaN,NaN,NaN,NaN,NaN,115.069,653.808,-139.089,0.3899,0,-0.7552
41.36,NaN,NaN,NaN,NaN,NaN,NaN,109.66,619.571,-141.265,0.3909,0,-0.7493
41.365,NaN,NaN,NaN,NaN,NaN,NaN,103.107,581.051,-142.742,0.392,0,-0.7431
41.37,NaN,NaN,NaN,NaN,NaN,NaN,95.3578,537.569,-142.928,0.3931,0,-0.7368
41.375,NaN,NaN,NaN,NaN,NaN,NaN,86.6087,488.751,-141.016,0.3943,0,-0.7302
41.38,NaN,NaN,NaN,NaN,NaN,NaN,77.2898,434.818,-136.105,0.3955,0,-0.7235
41.385,NaN,NaN,NaN,NaN,NaN,NaN,67.9598,376.801,-127.414,0.3969,0,-0.7166
41.39,NaN,NaN,NaN,NaN,NaN,NaN,59.1558,316.607,-114.569,0.3986,0,-0.7096
41.395,NaN,NaN,NaN,NaN,NaN,NaN,51.2821,256.869,-97.8303,0.4007,0,-0.7028
41.4,NaN,NaN,NaN,NaN,NaN,NaN,44.5888,200.574,-78.173,0.4032,0,-0.6967
41.405,NaN,NaN,NaN,NaN,NaN,NaN,39.2198,150.552,-57.1755,0.4064,0,-0.6924
41.41,NaN,NaN,NaN,NaN,NaN,NaN,35.2565,108.949,-36.7342,0.4102,0,-0.6919
41.415,NaN,NaN,NaN,NaN,NaN,NaN,32.7021,76.8379,-18.6889,0.4146,0,-0.6986
41.42,NaN,NaN,NaN,NaN,NaN,NaN,31.421,54.0702,-4.4508,0.419,0,-0.7163
41.425,NaN,NaN,NaN,NaN,NaN,NaN,31.104,39.4043,5.2682,0.4224,0,-0.7458
41.43,NaN,NaN,NaN,NaN,NaN,NaN,31.3151,30.864,10.5482,0.4237,0,-0.7783
41.435,NaN,NaN,NaN,NaN,NaN,NaN,31.6103,26.2112,12.149,0.4232,0,-0.7987
41.44,NaN,NaN,NaN,NaN,NaN,NaN,31.6587,23.4052,11.236,0.4228,0,-0.7984
41.445,NaN,NaN,NaN,NaN,NaN,NaN,31.298,20.9367,9.0489,0.4246,0,-0.7794
41.45,NaN,NaN,NaN,NaN,NaN,NaN,0,0,0,0,0,0
41.455,NaN,NaN,NaN,NaN,NaN,NaN,0,0,0,0,0,0
41.46,NaN,NaN,NaN,NaN,NaN,NaN,0,0,0,0,0,0
41.465,NaN,NaN,NaN,NaN,NaN,NaN,0,0,0,0,0,0
41.47,NaN,NaN,NaN,NaN,NaN,NaN,0,0,0,0,0,0
41.475,NaN,NaN,NaN,NaN,NaN,NaN,0,0,0,0,0,0
41.48,NaN,NaN,NaN,NaN,NaN,NaN,0,0,0,0,0,0
41.485,NaN,NaN,NaN,NaN,NaN,NaN,0,0,0,0,0,0
41.49,NaN,NaN,NaN,NaN,NaN,NaN,0,0,0,0,0,0
41.495,NaN,NaN,NaN,NaN,NaN,NaN,0,0,0,0,0,0
41.5,NaN,NaN,NaN,NaN,NaN,NaN,0,0,0,0,0,0
41.505,NaN,NaN,NaN,NaN,NaN,NaN,0,0,0,0,0,0
41.51,NaN,NaN,NaN,NaN,NaN,NaN,0,0,0,0,0,0
41.515,NaN,NaN,NaN,NaN,NaN,NaN,0,0,0,0,0,0
41.52,NaN,NaN,NaN,NaN,NaN,NaN,0,0,0,0,0,0
41.525,NaN,NaN,NaN,NaN,NaN,NaN,0,0,0,0,0,0
41.53,NaN,NaN,NaN,NaN,NaN,NaN,0,0,0,0,0,0
41.535,NaN,NaN,NaN,NaN,NaN,NaN,0,0,0,0,0,0
41.54,NaN,NaN,NaN,NaN,NaN,NaN,0,0,0,0,0,0
41.545,NaN,NaN,NaN,NaN,NaN,NaN,0,0,0,0,0,0
41.55,NaN,NaN,NaN,NaN,NaN,NaN,0,0,0,0,0,0
41.555,NaN,NaN,NaN,NaN,NaN,NaN,0,0,0,0,0,0
41.56,NaN,NaN,NaN,NaN,NaN,NaN,0,0,0,0,0,0
41.565,NaN,NaN,NaN,NaN,NaN,NaN,0,0,0,0,0,0
41.57,NaN,NaN,NaN,NaN,NaN,NaN,0,0,0,0,0,0
41.575,NaN,NaN,NaN,NaN,NaN,NaN,0,0,0,0,0,0
41.58,NaN,NaN,NaN,NaN,NaN,NaN,0,0,0,0,0,0
41.585,NaN,NaN,NaN,NaN,NaN,NaN,0,0,0,0,0,0
41.59,NaN,NaN,NaN,NaN,NaN,NaN,0,0,0,0,0,0
41.595,NaN,NaN,NaN,NaN,NaN,NaN,0,0,0,0,0,0
41.6,NaN,NaN,NaN,NaN,NaN,NaN,0,0,0,0,0,0
41.605,NaN,NaN,NaN,NaN,NaN,NaN,0,0,0,0,0,0
41.61,NaN,NaN,NaN,NaN,NaN,NaN,0,0,0,0,0,0
41.615,NaN,NaN,NaN,NaN,NaN,NaN,0,0,0,0,0,0
41.62,NaN,NaN,NaN,NaN,NaN,NaN,0,0,0,0,0,0
41.625,NaN,NaN,NaN,NaN,NaN,NaN,0,0,0,0,0,0
41.63,NaN,NaN,NaN,NaN,NaN,NaN,0,0,0,0,0,0
41.635,NaN,NaN,NaN,NaN,NaN,NaN,0,0,0,0,0,0
41.64,NaN,NaN,NaN,NaN,NaN,NaN,0,0,0,0,0,0
41.645,NaN,NaN,NaN,NaN,NaN,NaN,0,0,0,0,0,0
41.65,NaN,NaN,NaN,NaN,NaN,NaN,0,0,0,0,0,0
41.655,NaN,NaN,NaN,NaN,NaN,NaN,0,0,0,0,0,0
41.66,NaN,NaN,NaN,NaN,NaN,NaN,0,0,0,0,0,0
41.665,NaN,NaN,NaN,NaN,NaN,NaN,0,0,0,0,0,0
41.67,NaN,NaN,NaN,NaN,NaN,NaN,0,0,0,0,0,0
41.675,NaN,NaN,NaN,NaN,NaN,NaN,0,0,0,0,0,0
41.68,NaN,NaN,NaN,NaN,NaN,NaN,0,0,0,0,0,0
41.685,NaN,NaN,NaN,NaN,NaN,NaN,0,0,0,0,0,0
41.69,NaN,NaN,NaN,NaN,NaN,NaN,0,0,0,0,0,0
41.695,NaN,NaN,NaN,NaN,NaN,NaN,0,0,0,0,0,0
41.7,NaN,NaN,NaN,NaN,NaN,NaN,0,0,0,0,0,0
41.705,NaN,NaN,NaN,NaN,NaN,NaN,0,0,0,0,0,0
41.71,NaN,NaN,NaN,NaN,NaN,NaN,0,0,0,0,0,0
41.715,NaN,NaN,NaN,NaN,NaN,NaN,0,0,0,0,0,0
41.72,NaN,NaN,NaN,NaN,NaN,NaN,0,0,0,0,0,0
41.725,NaN,NaN,NaN,NaN,NaN,NaN,0,0,0,0,0,0
41.73,NaN,NaN,NaN,NaN,NaN,NaN,0,0,0,0,0,0
41.735,NaN,NaN,NaN,NaN,NaN,NaN,0,0,0,0,0,0
41.74,NaN,NaN,NaN,NaN,NaN,NaN,0,0,0,0,0,0
41.745,NaN,NaN,NaN,NaN,NaN,NaN,0,0,0,0,0,0
41.75,NaN,NaN,NaN,NaN,NaN,NaN,0,0,0,0,0,0
41.755,NaN,NaN,NaN,NaN,NaN,NaN,0,0,0,0,0,0
41.76,NaN,NaN,NaN,NaN,NaN,NaN,0,0,0,0,0,0
41.765,NaN,NaN,NaN,NaN,NaN,NaN,0,0,0,0,0,0
41.77,NaN,NaN,NaN,NaN,NaN,NaN,0,0,0,0,0,0
41.775,NaN,NaN,NaN,NaN,NaN,NaN,0,0,0,0,0,0
41.78,NaN,NaN,NaN,NaN,NaN,NaN,0,0,0,0,0,0
41.785,NaN,NaN,NaN,NaN,NaN,NaN,0,0,0,0,0,0
41.79,NaN,NaN,NaN,NaN,NaN,NaN,0,0,0,0,0,0
41.795,NaN,NaN,NaN,NaN,NaN,NaN,0,0,0,0,0,0
41.8,NaN,NaN,NaN,NaN,NaN,NaN,0,0,0,0,0,0
41.805,NaN,NaN,NaN,NaN,NaN,NaN,0,0,0,0,0,0
41.81,NaN,NaN,NaN,NaN,NaN,NaN,0,0,0,0,0,0
41.815,NaN,NaN,NaN,NaN,NaN,NaN,0,0,0,0,0,0
41.82,NaN,NaN,NaN,NaN,NaN,NaN,0,0,0,0,0,0
41.825,NaN,NaN,NaN,NaN,NaN,NaN,0,0,0,0,0,0
41.83,NaN,NaN,NaN,NaN,NaN,NaN,0,0,0,0,0,0
41.835,NaN,NaN,NaN,NaN,NaN,NaN,0,0,0,0,0,0
41.84,NaN,NaN,NaN,NaN,NaN,NaN,0,0,0,0,0,0
41.845,NaN,NaN,NaN,NaN,NaN,NaN,0,0,0,0,0,0
41.85,NaN,NaN,NaN,NaN,NaN,NaN,0,0,0,0,0,0
41.855,NaN,NaN,NaN,NaN,NaN,NaN,0,0,0,0,0,0
41.86,NaN,NaN,NaN,NaN,NaN,NaN,0,0,0,0,0,0
41.865,NaN,NaN,NaN,NaN,NaN,NaN,20.8323,26.457,-6.436,0.4672,0,-1.1724
41.87,NaN,NaN,NaN,NaN,NaN,NaN,20.7345,45.0981,-16.0227,0.4729,0,-1.2013
41.875,NaN,NaN,NaN,NaN,NaN,NaN,20.1317,66.6162,-25.7957,0.4759,0,-1.2006
41.88,NaN,NaN,NaN,NaN,NaN,NaN,19.0451,88.8435,-33.6671,0.4786,0,-1.1901
41.885,NaN,NaN,NaN,NaN,NaN,NaN,17.6096,109.992,-37.8457,0.4814,0,-1.1769
41.89,NaN,NaN,NaN,NaN,NaN,NaN,16.018,129.521,-37.3164,0.4841,0,-1.1649
41.895,NaN,NaN,NaN,NaN,NaN,NaN,14.4908,148.622,-31.9941,0.4861,0,-1.1569
41.9,NaN,NaN,NaN,NaN,NaN,NaN,13.3156,170.056,-22.5153,0.4863,0,-1.1549
41.905,NaN,NaN,NaN,NaN,NaN,NaN,12.9457,197.309,-9.8222,0.4841,0,-1.1591
41.91,NaN,NaN,NaN,NaN,NaN,NaN,14.0633,233.314,5.2033,0.48,0,-1.1676
41.915,NaN,NaN,NaN,NaN,NaN,NaN,17.4918,279.178,21.8428,0.4751,0,-1.1772
41.92,NaN,NaN,NaN,NaN,NaN,NaN,23.9026,333.407,39.3567,0.4705,0,-1.1856
41.925,NaN,NaN,NaN,NaN,NaN,NaN,33.4103,391.961,56.7015,0.467,0,-1.1913
41.93,NaN,NaN,NaN,NaN,NaN,NaN,45.2722,449.197,72.44,0.4646,0,-1.1944
41.935,NaN,NaN,NaN,NaN,NaN,NaN,57.9244,499.377,85.0108,0.4634,0,-1.195
41.94,NaN,NaN,NaN,NaN,NaN,NaN,69.4491,538.23,93.2611,0.4627,0,-1.1939
41.945,NaN,NaN,NaN,NaN,NaN,NaN,78.3246,564.041,96.9244,0.4624,0,-1.1915
41.95,NaN,NaN,NaN,NaN,NaN,NaN,84.0913,577.951,96.752,0.4619,0,-1.1883
41.955,NaN,NaN,NaN,NaN,NaN,NaN,87.5454,583.459,94.2501,0.4611,0,-1.1849
41.96,NaN,NaN,NaN,NaN,NaN,NaN,90.3221,585.317,91.2098,0.4599,0,-1.1816
41.965,NaN,NaN,NaN,NaN,NaN,NaN,94.0933,588.208,89.2515,0.4581,0,-1.1786
41.97,NaN,NaN,NaN,NaN,NaN,NaN,99.8336,595.641,89.5023,0.456,0,-1.1762
41.975,NaN,NaN,NaN,NaN,NaN,NaN,107.531,609.363,92.4384,0.4538,0,-1.1743
41.98,NaN,NaN,NaN,NaN,NaN,NaN,116.412,629.375,97.8843,0.4515,0,-1.173
41.985,NaN,NaN,NaN,NaN,NaN,NaN,125.443,654.422,105.141,0.4495,0,-1.172
41.99,NaN,NaN,NaN,NaN,NaN,NaN,133.762,682.698,113.204,0.4478,0,-1.1711
41.995,NaN,NaN,NaN,NaN,NaN,NaN,140.841,712.471,121.007,0.4465,0,-1.17
42,NaN,NaN,NaN,NaN,NaN,NaN,146.412,742.434,127.655,0.4456,0,-1.1686
42.005,NaN,NaN,NaN,NaN,NaN,NaN,150.316,771.755,132.569,0.445,0,-1.1667
42.01,NaN,NaN,NaN,NaN,NaN,NaN,152.451,799.902,135.536,0.4446,0,-1.1643
42.015,NaN,NaN,NaN,NaN,NaN,NaN,152.838,826.392,136.666,0.4444,0,-1.1614
42.02,NaN,NaN,NaN,NaN,NaN,NaN,151.702,850.574,136.286,0.4442,0,-1.1581
42.025,NaN,NaN,NaN,NaN,NaN,NaN,149.478,871.578,134.811,0.444,0,-1.1545
42.03,NaN,NaN,NaN,NaN,NaN,NaN,146.697,888.425,132.633,0.4438,0,-1.1506
42.035,NaN,NaN,NaN,NaN,NaN,NaN,143.839,900.262,130.054,0.4437,0,-1.1466
42.04,NaN,NaN,NaN,NaN,NaN,NaN,141.236,906.61,127.278,0.4436,0,-1.1425
42.045,NaN,NaN,NaN,NaN,NaN,NaN,139.073,907.539,124.423,0.4435,0,-1.1385
42.05,NaN,NaN,NaN,NaN,NaN,NaN,137.444,903.678,121.559,0.4434,0,-1.1345
42.055,NaN,NaN,NaN,NaN,NaN,NaN,136.395,896.077,118.721,0.4432,0,-1.1307
42.06,NaN,NaN,NaN,NaN,NaN,NaN,135.915,885.98,115.915,0.443,0,-1.1271
42.065,NaN,NaN,NaN,NaN,NaN,NaN,135.893,874.571,113.12,0.4428,0,-1.1236
42.07,NaN,NaN,NaN,NaN,NaN,NaN,136.104,862.785,110.291,0.4424,0,-1.1202
42.075,NaN,NaN,NaN,NaN,NaN,NaN,136.264,851.204,107.37,0.4421,0,-1.1168
42.08,NaN,NaN,NaN,NaN,NaN,NaN,136.123,840.056,104.305,0.4417,0,-1.1134
42.085,NaN,NaN,NaN,NaN,NaN,NaN,135.553,829.296,101.06,0.4413,0,-1.1097
42.09,NaN,NaN,NaN,NaN,NaN,NaN,134.562,818.725,97.64,0.4409,0,-1.1059
42.095,NaN,NaN,NaN,NaN,NaN,NaN,133.25,808.091,94.0847,0.4406,0,-1.1018
42.1,NaN,NaN,NaN,NaN,NaN,NaN,131.74,797.18,90.4451,0.4403,0,-1.0976
42.105,NaN,NaN,NaN,NaN,NaN,NaN,130.153,785.865,86.7602,0.4401,0,-1.0934
42.11,NaN,NaN,NaN,NaN,NaN,NaN,128.601,774.116,83.0506,0.44,0,-1.0891
42.115,NaN,NaN,NaN,NaN,NaN,NaN,127.195,761.986,79.3279,0.44,0,-1.0847
42.12,NaN,NaN,NaN,NaN,NaN,NaN,126.016,749.572,75.6033,0.44,0,-1.0804
42.125,NaN,NaN,NaN,NaN,NaN,NaN,125.076,736.98,71.8902,0.4401,0,-1.0759
42.13,NaN,NaN,NaN,NaN,NaN,NaN,124.3,724.295,68.2054,0.4402,0,-1.0714
42.135,NaN,NaN,NaN,NaN,NaN,NaN,123.551,711.568,64.5723,0.4403,0,-1.0666
42.14,NaN,NaN,NaN,NaN,NaN,NaN,122.704,698.824,61.0218,0.4404,0,-1.0617
42.145,NaN,NaN,NaN,NaN,NaN,NaN,121.712,686.059,57.5831,0.4405,0,-1.0567
42.15,NaN,NaN,NaN,NaN,NaN,NaN,120.629,673.264,54.2675,0.4406,0,-1.0515
42.155,NaN,NaN,NaN,NaN,NaN,NaN,119.561,660.428,51.0557,0.4407,0,-1.0463
42.16,NaN,NaN,NaN,NaN,NaN,NaN,118.603,647.57,47.9017,0.441,0,-1.0411
42.165,NaN,NaN,NaN,NaN,NaN,NaN,117.777,634.755,44.7597,0.4414,0,-1.0358
42.17,NaN,NaN,NaN,NaN,NaN,NaN,117.017,622.104,41.6205,0.4419,0,-1.0305
42.175,NaN,NaN,NaN,NaN,NaN,NaN,116.205,609.787,38.5347,0.4425,0,-1.025
42.18,NaN,NaN,NaN,NaN,NaN,NaN,115.217,597.991,35.603,0.4432,0,-1.0196
42.185,NaN,NaN,NaN,NaN,NaN,NaN,113.975,586.886,32.9346,0.4438,0,-1.0143
42.19,NaN,NaN,NaN,NaN,NaN,NaN,112.455,576.589,30.6001,0.4445,0,-1.009
42.195,NaN,NaN,NaN,NaN,NaN,NaN,110.694,567.154,28.6012,0.4451,0,-1.0038
42.2,NaN,NaN,NaN,NaN,NaN,NaN,108.769,558.576,26.872,0.4458,0,-0.9988
42.205,NaN,NaN,NaN,NaN,NaN,NaN,106.78,550.826,25.3061,0.4465,0,-0.9938
42.21,NaN,NaN,NaN,NaN,NaN,NaN,104.831,543.88,23.7945,0.4473,0,-0.9888
42.215,NaN,NaN,NaN,NaN,NaN,NaN,102.998,537.742,22.2536,0.4481,0,-0.9838
42.22,NaN,NaN,NaN,NaN,NaN,NaN,101.303,532.461,20.6331,0.4491,0,-0.9787
42.225,NaN,NaN,NaN,NaN,NaN,NaN,99.7024,528.123,18.9096,0.4501,0,-0.9736
42.23,NaN,NaN,NaN,NaN,NaN,NaN,98.1103,524.845,17.078,0.451,0,-0.9685
42.235,NaN,NaN,NaN,NaN,NaN,NaN,96.4423,522.751,15.1442,0.4519,0,-0.9634
42.24,NaN,NaN,NaN,NaN,NaN,NaN,94.6636,521.954,13.1158,0.4526,0,-0.9582
42.245,NaN,NaN,NaN,NaN,NaN,NaN,92.8147,522.527,10.9891,0.4533,0,-0.9529
42.25,NaN,NaN,NaN,NaN,NaN,NaN,91.0053,524.497,8.7412,0.4538,0,-0.9476
42.255,NaN,NaN,NaN,NaN,NaN,NaN,89.3896,527.841,6.3356,0.4543,0,-0.9422
42.26,NaN,NaN,NaN,NaN,NaN,NaN,88.1321,532.503,3.7404,0.4549,0,-0.9368
42.265,NaN,NaN,NaN,NaN,NaN,NaN,87.3735,538.412,0.9453,0.4555,0,-0.9313
42.27,NaN,NaN,NaN,NaN,NaN,NaN,87.1949,545.497,-2.0358,0.4561,0,-0.9257
42.275,NaN,NaN,NaN,NaN,NaN,NaN,87.5931,553.699,-5.1771,0.4567,0,-0.9201
42.28,NaN,NaN,NaN,NaN,NaN,NaN,88.4778,562.977,-8.4557,0.4573,0,-0.9143
42.285,NaN,NaN,NaN,NaN,NaN,NaN,89.6976,573.316,-11.8585,0.4579,0,-0.9084
42.29,NaN,NaN,NaN,NaN,NaN,NaN,91.0866,584.708,-15.3807,0.4584,0,-0.9024
42.295,NaN,NaN,NaN,NaN,NaN,NaN,92.5147,597.142,-19.02,0.4588,0,-0.8964
42.3,NaN,NaN,NaN,NaN,NaN,NaN,93.9256,610.57,-22.7772,0.4591,0,-0.8903
42.305,NaN,NaN,NaN,NaN,NaN,NaN,95.3512,624.899,-26.6619,0.4593,0,-0.8843
42.31,NaN,NaN,NaN,NaN,NaN,NaN,96.8963,639.985,-30.6979,0.4594,0,-0.8784
42.315,NaN,NaN,NaN,NaN,NaN,NaN,98.6969,655.645,-34.9213,0.4595,0,-0.8725
42.32,NaN,NaN,NaN,NaN,NaN,NaN,100.863,671.682,-39.3699,0.4596,0,-0.8667
42.325,NaN,NaN,NaN,NaN,NaN,NaN,103.425,687.903,-44.0698,0.4597,0,-0.8609
42.33,NaN,NaN,NaN,NaN,NaN,NaN,106.305,704.15,-49.0258,0.4599,0,-0.855
42.335,NaN,NaN,NaN,NaN,NaN,NaN,109.329,720.299,-54.2212,0.46,0,-0.8491
42.34,NaN,NaN,NaN,NaN,NaN,NaN,112.276,736.25,-59.6245,0.4601,0,-0.8432
42.345,NaN,NaN,NaN,NaN,NaN,NaN,114.942,751.895,-65.2012,0.4601,0,-0.8373
42.35,NaN,NaN,NaN,NaN,NaN,NaN,117.209,767.08,-70.9279,0.4601,0,-0.8315
42.355,NaN,NaN,NaN,NaN,NaN,NaN,119.075,781.595,-76.8045,0.46,0,-0.8258
42.36,NaN,NaN,NaN,NaN,NaN,NaN,120.645,795.171,-82.8579,0.4599,0,-0.8202
42.365,NaN,NaN,NaN,NaN,NaN,NaN,122.093,807.517,-89.1317,0.4598,0,-0.8145
42.37,NaN,NaN,NaN,NaN,NaN,NaN,123.592,818.353,-95.6655,0.4597,0,-0.8088
42.375,NaN,NaN,NaN,NaN,NaN,NaN,125.263,827.449,-102.471,0.4597,0,-0.803
42.38,NaN,NaN,NaN,NaN,NaN,NaN,127.141,834.64,-109.522,0.4597,0,-0.7971
42.385,NaN,NaN,NaN,NaN,NaN,NaN,129.176,839.823,-116.753,0.4597,0,-0.791
42.39,NaN,NaN,NaN,NaN,NaN,NaN,131.267,842.929,-124.085,0.4597,0,-0.7848
42.395,NaN,NaN,NaN,NaN,NaN,NaN,133.288,843.886,-131.436,0.4597,0,-0.7786
42.4,NaN,NaN,NaN,NaN,NaN,NaN,135.113,842.584,-138.731,0.4597,0,-0.7723
42.405,NaN,NaN,NaN,NaN,NaN,NaN,136.621,838.858,-145.895,0.4598,0,-0.766
42.41,NaN,NaN,NaN,NaN,NaN,NaN,137.685,832.494,-152.839,0.4598,0,-0.7598
42.415,NaN,NaN,NaN,NaN,NaN,NaN,138.159,823.238,-159.473,0.4599,0,-0.7537
42.42,NaN,NaN,NaN,NaN,NaN,NaN,137.881,810.792,-165.723,0.46,0,-0.7476
42.425,NaN,NaN,NaN,NaN,NaN,NaN,136.686,794.791,-171.573,0.4602,0,-0.7417
42.43,NaN,NaN,NaN,NaN,NaN,NaN,134.42,774.745,-177.063,0.4604,0,-0.7359
42.435,NaN,NaN,NaN,NaN,NaN,NaN,130.956,749.976,-182.223,0.4607,0,-0.73
42.44,NaN,NaN,NaN,NaN,NaN,NaN,126.2,719.611,-186.925,0.4611,0,-0.7239
42.445,NaN,NaN,NaN,NaN,NaN,NaN,120.105,682.672,-190.723,0.4615,0,-0.7176
42.45,NaN,NaN,NaN,NaN,NaN,NaN,112.687,638.292,-192.749,0.462,0,-0.7108
42.455,NaN,NaN,NaN,NaN,NaN,NaN,104.066,586.045,-191.763,0.4626,0,-0.7037
42.46,NaN,NaN,NaN,NaN,NaN,NaN,94.4933,526.293,-186.385,0.4632,0,-0.6963
42.465,NaN,NaN,NaN,NaN,NaN,NaN,84.3616,460.439,-175.463,0.4639,0,-0.6886
42.47,NaN,NaN,NaN,NaN,NaN,NaN,74.1781,390.973,-158.48,0.4647,0,-0.6811
42.475,NaN,NaN,NaN,NaN,NaN,NaN,64.4905,321.235,-135.851,0.4656,0,-0.6741
42.48,NaN,NaN,NaN,NaN,NaN,NaN,55.7852,254.938,-109.008,0.4667,0,-0.6685
42.485,NaN,NaN,NaN,NaN,NaN,NaN,48.3822,195.545,-80.2403,0.4679,0,-0.6657
42.49,NaN,NaN,NaN,NaN,NaN,NaN,42.3692,145.664,-52.2926,0.4694,0,-0.6681
42.495,NaN,NaN,NaN,NaN,NaN,NaN,37.6145,106.597,-27.816,0.4709,0,-0.6787
42.5,NaN,NaN,NaN,NaN,NaN,NaN,33.8609,78.1793,-8.7902,0.4721,0,-0.6997
42.505,NaN,NaN,NaN,NaN,NaN,NaN,30.8476,58.9609,3.8866,0.4727,0,-0.7295
42.51,NaN,NaN,NaN,NaN,NaN,NaN,28.3811,46.671,10.4798,0.4724,0,-0.7606
42.515,NaN,NaN,NaN,NaN,NaN,NaN,26.3248,38.8099,12.1586,0.4715,0,-0.7825
42.52,NaN,NaN,NaN,NaN,NaN,NaN,24.555,33.187,10.5473,0.4702,0,-0.7898
42.525,NaN,NaN,NaN,NaN,NaN,NaN,22.9493,28.2756,7.291,0.4682,0,-0.7833
42.53,NaN,NaN,NaN,NaN,NaN,NaN,21.4266,23.3276,3.7582,0.4649,0,-0.7666
42.535,NaN,NaN,NaN,NaN,NaN,NaN,0,0,0,0,0,0
42.54,NaN,NaN,NaN,NaN,NaN,NaN,0,0,0,0,0,0
42.545,NaN,NaN,NaN,NaN,NaN,NaN,0,0,0,0,0,0
42.55,NaN,NaN,NaN,NaN,NaN,NaN,0,0,0,0,0,0
42.555,NaN,NaN,NaN,NaN,NaN,NaN,0,0,0,0,0,0
42.56,NaN,NaN,NaN,NaN,NaN,NaN,0,0,0,0,0,0
42.565,NaN,NaN,NaN,NaN,NaN,NaN,0,0,0,0,0,0
42.57,NaN,NaN,NaN,NaN,NaN,NaN,0,0,0,0,0,0
42.575,NaN,NaN,NaN,NaN,NaN,NaN,0,0,0,0,0,0
42.58,NaN,NaN,NaN,NaN,NaN,NaN,0,0,0,0,0,0
42.585,NaN,NaN,NaN,NaN,NaN,NaN,0,0,0,0,0,0
42.59,NaN,NaN,NaN,NaN,NaN,NaN,0,0,0,0,0,0
42.595,NaN,NaN,NaN,NaN,NaN,NaN,0,0,0,0,0,0
42.6,NaN,NaN,NaN,NaN,NaN,NaN,0,0,0,0,0,0
42.605,NaN,NaN,NaN,NaN,NaN,NaN,0,0,0,0,0,0
42.61,NaN,NaN,NaN,NaN,NaN,NaN,0,0,0,0,0,0
42.615,NaN,NaN,NaN,NaN,NaN,NaN,0,0,0,0,0,0
42.62,NaN,NaN,NaN,NaN,NaN,NaN,0,0,0,0,0,0
42.625,NaN,NaN,NaN,NaN,NaN,NaN,0,0,0,0,0,0
42.63,NaN,NaN,NaN,NaN,NaN,NaN,0,0,0,0,0,0
42.635,NaN,NaN,NaN,NaN,NaN,NaN,0,0,0,0,0,0
42.64,NaN,NaN,NaN,NaN,NaN,NaN,0,0,0,0,0,0
42.645,NaN,NaN,NaN,NaN,NaN,NaN,0,0,0,0,0,0
42.65,NaN,NaN,NaN,NaN,NaN,NaN,0,0,0,0,0,0
42.655,NaN,NaN,NaN,NaN,NaN,NaN,0,0,0,0,0,0
42.66,NaN,NaN,NaN,NaN,NaN,NaN,0,0,0,0,0,0
42.665,NaN,NaN,NaN,NaN,NaN,NaN,0,0,0,0,0,0
42.67,NaN,NaN,NaN,NaN,NaN,NaN,0,0,0,0,0,0
42.675,NaN,NaN,NaN,NaN,NaN,NaN,0,0,0,0,0,0
42.68,NaN,NaN,NaN,NaN,NaN,NaN,0,0,0,0,0,0
42.685,NaN,NaN,NaN,NaN,NaN,NaN,0,0,0,0,0,0
42.69,NaN,NaN,NaN,NaN,NaN,NaN,0,0,0,0,0,0
42.695,NaN,NaN,NaN,NaN,NaN,NaN,0,0,0,0,0,0
42.7,NaN,NaN,NaN,NaN,NaN,NaN,0,0,0,0,0,0
42.705,NaN,NaN,NaN,NaN,NaN,NaN,0,0,0,0,0,0
42.71,NaN,NaN,NaN,NaN,NaN,NaN,0,0,0,0,0,0
42.715,NaN,NaN,NaN,NaN,NaN,NaN,0,0,0,0,0,0
42.72,NaN,NaN,NaN,NaN,NaN,NaN,0,0,0,0,0,0
42.725,NaN,NaN,NaN,NaN,NaN,NaN,0,0,0,0,0,0
42.73,NaN,NaN,NaN,NaN,NaN,NaN,0,0,0,0,0,0
42.735,NaN,NaN,NaN,NaN,NaN,NaN,0,0,0,0,0,0
42.74,NaN,NaN,NaN,NaN,NaN,NaN,0,0,0,0,0,0
42.745,NaN,NaN,NaN,NaN,NaN,NaN,0,0,0,0,0,0
42.75,NaN,NaN,NaN,NaN,NaN,NaN,0,0,0,0,0,0
42.755,NaN,NaN,NaN,NaN,NaN,NaN,0,0,0,0,0,0
42.76,NaN,NaN,NaN,NaN,NaN,NaN,0,0,0,0,0,0
42.765,NaN,NaN,NaN,NaN,NaN,NaN,0,0,0,0,0,0
42.77,NaN,NaN,NaN,NaN,NaN,NaN,0,0,0,0,0,0
42.775,NaN,NaN,NaN,NaN,NaN,NaN,0,0,0,0,0,0
42.78,NaN,NaN,NaN,NaN,NaN,NaN,0,0,0,0,0,0
42.785,NaN,NaN,NaN,NaN,NaN,NaN,0,0,0,0,0,0
42.79,NaN,NaN,NaN,NaN,NaN,NaN,0,0,0,0,0,0
42.795,NaN,NaN,NaN,NaN,NaN,NaN,0,0,0,0,0,0
42.8,NaN,NaN,NaN,NaN,NaN,NaN,0,0,0,0,0,0
42.805,NaN,NaN,NaN,NaN,NaN,NaN,0,0,0,0,0,0
42.81,NaN,NaN,NaN,NaN,NaN,NaN,0,0,0,0,0,0
42.815,NaN,NaN,NaN,NaN,NaN,NaN,0,0,0,0,0,0
42.82,NaN,NaN,NaN,NaN,NaN,NaN,0,0,0,0,0,0
42.825,NaN,NaN,NaN,NaN,NaN,NaN,0,0,0,0,0,0
42.83,NaN,NaN,NaN,NaN,NaN,NaN,0,0,0,0,0,0
42.835,NaN,NaN,NaN,NaN,NaN,NaN,0,0,0,0,0,0
42.84,NaN,NaN,NaN,NaN,NaN,NaN,0,0,0,0,0,0
42.845,NaN,NaN,NaN,NaN,NaN,NaN,0,0,0,0,0,0
42.85,NaN,NaN,NaN,NaN,NaN,NaN,0,0,0,0,0,0
42.855,NaN,NaN,NaN,NaN,NaN,NaN,0,0,0,0,0,0
42.86,NaN,NaN,NaN,NaN,NaN,NaN,0,0,0,0,0,0
42.865,NaN,NaN,NaN,NaN,NaN,NaN,0,0,0,0,0,0
42.87,NaN,NaN,NaN,NaN,NaN,NaN,0,0,0,0,0,0
42.875,NaN,NaN,NaN,NaN,NaN,NaN,0,0,0,0,0,0
42.88,NaN,NaN,NaN,NaN,NaN,NaN,0,0,0,0,0,0
42.885,NaN,NaN,NaN,NaN,NaN,NaN,0,0,0,0,0,0
42.89,NaN,NaN,NaN,NaN,NaN,NaN,0,0,0,0,0,0
42.895,NaN,NaN,NaN,NaN,NaN,NaN,0,0,0,0,0,0
42.9,NaN,NaN,NaN,NaN,NaN,NaN,0,0,0,0,0,0
42.905,NaN,NaN,NaN,NaN,NaN,NaN,0,0,0,0,0,0
42.91,NaN,NaN,NaN,NaN,NaN,NaN,0,0,0,0,0,0
42.915,NaN,NaN,NaN,NaN,NaN,NaN,0,0,0,0,0,0
42.92,NaN,NaN,NaN,NaN,NaN,NaN,0,0,0,0,0,0
42.925,NaN,NaN,NaN,NaN,NaN,NaN,0,0,0,0,0,0
42.93,NaN,NaN,NaN,NaN,NaN,NaN,0,0,0,0,0,0
42.935,NaN,NaN,NaN,NaN,NaN,NaN,0,0,0,0,0,0
42.94,NaN,NaN,NaN,NaN,NaN,NaN,0,0,0,0,0,0
42.945,NaN,NaN,NaN,NaN,NaN,NaN,8.6537,20.414,-6.0509,0.5025,0,-1.2873
42.95,NaN,NaN,NaN,NaN,NaN,NaN,10.3831,41.5074,-15.5033,0.4914,0,-1.2598
42.955,NaN,NaN,NaN,NaN,NaN,NaN,11.8665,67.0722,-25.2203,0.4887,0,-1.2412
42.96,NaN,NaN,NaN,NaN,NaN,NaN,13.3169,94.8784,-32.7394,0.4892,0,-1.2262
42.965,NaN,NaN,NaN,NaN,NaN,NaN,15.0189,123,-35.7947,0.4913,0,-1.2135
42.97,NaN,NaN,NaN,NaN,NaN,NaN,17.0802,150.711,-33.0104,0.4938,0,-1.2038
42.975,NaN,NaN,NaN,NaN,NaN,NaN,19.2761,178.915,-24.2666,0.4955,0,-1.1979
42.98,NaN,NaN,NaN,NaN,NaN,NaN,21.144,209.822,-10.6005,0.4956,0,-1.1965
42.985,NaN,NaN,NaN,NaN,NaN,NaN,22.3308,245.913,6.2619,0.4934,0,-1.1994
42.99,NaN,NaN,NaN,NaN,NaN,NaN,23.0094,288.577,24.4768,0.4896,0,-1.205
42.995,NaN,NaN,NaN,NaN,NaN,NaN,24.08,336.983,42.4786,0.4849,0,-1.2113
43,NaN,NaN,NaN,NaN,NaN,NaN,26.9468,387.741,59.0862,0.4804,0,-1.2167
43.005,NaN,NaN,NaN,NaN,NaN,NaN,32.8944,435.585,73.4242,0.4768,0,-1.2203
43.01,NaN,NaN,NaN,NaN,NaN,NaN,42.3537,474.894,84.8639,0.4743,0,-1.222
43.015,NaN,NaN,NaN,NaN,NaN,NaN,54.4902,501.514,93.0973,0.4728,0,-1.2219
43.02,NaN,NaN,NaN,NaN,NaN,NaN,67.4293,514.201,98.284,0.472,0,-1.2204
43.025,NaN,NaN,NaN,NaN,NaN,NaN,79.0715,515.168,101.119,0.4715,0,-1.2177
43.03,NaN,NaN,NaN,NaN,NaN,NaN,88.0565,509.569,102.72,0.4712,0,-1.2142
43.035,NaN,NaN,NaN,NaN,NaN,NaN,94.3098,504.108,104.361,0.4707,0,-1.21
43.04,NaN,NaN,NaN,NaN,NaN,NaN,98.8664,505.289,107.146,0.4701,0,-1.2053
43.045,NaN,NaN,NaN,NaN,NaN,NaN,103.132,517.88,111.744,0.4696,0,-1.2002
43.05,NaN,NaN,NaN,NaN,NaN,NaN,108.078,544.005,118.25,0.4691,0,-1.1951
43.055,NaN,NaN,NaN,NaN,NaN,NaN,113.854,583.005,126.236,0.4688,0,-1.1901
43.06,NaN,NaN,NaN,NaN,NaN,NaN,119.954,631.962,134.925,0.4685,0,-1.1856
43.065,NaN,NaN,NaN,NaN,NaN,NaN,125.698,686.616,143.42,0.4682,0,-1.1814
43.07,NaN,NaN,NaN,NaN,NaN,NaN,130.656,742.365,150.9,0.4679,0,-1.1776
43.075,NaN,NaN,NaN,NaN,NaN,NaN,134.761,795.104,156.745,0.4676,0,-1.1741
43.08,NaN,NaN,NaN,NaN,NaN,NaN,138.153,841.748,160.592,0.4674,0,-1.1706
43.085,NaN,NaN,NaN,NaN,NaN,NaN,140.959,880.432,162.343,0.4672,0,-1.167
43.09,NaN,NaN,NaN,NaN,NaN,NaN,143.215,910.406,162.137,0.467,0,-1.1631
43.095,NaN,NaN,NaN,NaN,NaN,NaN,144.927,931.748,160.302,0.4668,0,-1.1589
43.1,NaN,NaN,NaN,NaN,NaN,NaN,146.186,945.023,157.278,0.4666,0,-1.1545
43.105,NaN,NaN,NaN,NaN,NaN,NaN,147.181,951.036,153.509,0.4664,0,-1.1498
43.11,NaN,NaN,NaN,NaN,NaN,NaN,148.104,950.722,149.353,0.4662,0,-1.145
43.115,NaN,NaN,NaN,NaN,NaN,NaN,149.014,945.155,145.039,0.466,0,-1.1401
43.12,NaN,NaN,NaN,NaN,NaN,NaN,149.79,935.573,140.68,0.4658,0,-1.1352
43.125,NaN,NaN,NaN,NaN,NaN,NaN,150.213,923.327,136.311,0.4655,0,-1.1304
43.13,NaN,NaN,NaN,NaN,NaN,NaN,150.123,909.746,131.915,0.4651,0,-1.1257
43.135,NaN,NaN,NaN,NaN,NaN,NaN,149.52,895.962,127.446,0.4646,0,-1.121
43.14,NaN,NaN,NaN,NaN,NaN,NaN,148.55,882.747,122.844,0.464,0,-1.1165
43.145,NaN,NaN,NaN,NaN,NaN,NaN,147.389,870.437,118.067,0.4633,0,-1.1121
43.15,NaN,NaN,NaN,NaN,NaN,NaN,146.14,858.95,113.107,0.4626,0,-1.1077
43.155,NaN,NaN,NaN,NaN,NaN,NaN,144.803,847.894,107.999,0.4619,0,-1.1034
43.16,NaN,NaN,NaN,NaN,NaN,NaN,143.324,836.729,102.812,0.4612,0,-1.099
43.165,NaN,NaN,NaN,NaN,NaN,NaN,141.66,824.918,97.6411,0.4605,0,-1.0947
43.17,NaN,NaN,NaN,NaN,NaN,NaN,139.79,812.035,92.5932,0.4598,0,-1.0904
43.175,NaN,NaN,NaN,NaN,NaN,NaN,137.689,797.819,87.7703,0.4591,0,-1.0861
43.18,NaN,NaN,NaN,NaN,NaN,NaN,135.308,782.175,83.2495,0.4583,0,-1.082
43.185,NaN,NaN,NaN,NaN,NaN,NaN,132.6,765.144,79.0677,0.4575,0,-1.078
43.19,NaN,NaN,NaN,NaN,NaN,NaN,129.581,746.868,75.2107,0.4567,0,-1.0741
43.195,NaN,NaN,NaN,NaN,NaN,NaN,126.39,727.569,71.6097,0.4559,0,-1.0703
43.2,NaN,NaN,NaN,NaN,NaN,NaN,123.283,707.549,68.1561,0.4551,0,-1.0666
43.205,NaN,NaN,NaN,NaN,NaN,NaN,120.557,687.185,64.7355,0.4543,0,-1.0628
43.21,NaN,NaN,NaN,NaN,NaN,NaN,118.424,666.923,61.2688,0.4537,0,-1.0589
43.215,NaN,NaN,NaN,NaN,NaN,NaN,116.908,647.243,57.7433,0.4531,0,-1.0548
43.22,NaN,NaN,NaN,NaN,NaN,NaN,115.819,628.597,54.2211,0.4524,0,-1.0504
43.225,NaN,NaN,NaN,NaN,NaN,NaN,114.841,611.347,50.8159,0.4517,0,-1.046
43.23,NaN,NaN,NaN,NaN,NaN,NaN,113.667,595.709,47.6433,0.451,0,-1.0416
43.235,NaN,NaN,NaN,NaN,NaN,NaN,112.133,581.741,44.7671,0.4501,0,-1.0372
43.24,NaN,NaN,NaN,NaN,NaN,NaN,110.259,569.368,42.1684,0.4492,0,-1.033
43.245,NaN,NaN,NaN,NaN,NaN,NaN,108.202,558.444,39.7582,0.4484,0,-1.0289
43.25,NaN,NaN,NaN,NaN,NaN,NaN,106.151,548.83,37.4293,0.4477,0,-1.0249
43.255,NaN,NaN,NaN,NaN,NaN,NaN,104.234,540.455,35.1171,0.4473,0,-1.0208
43.26,NaN,NaN,NaN,NaN,NaN,NaN,102.494,533.323,32.8298,0.447,0,-1.0166
43.265,NaN,NaN,NaN,NaN,NaN,NaN,100.913,527.487,30.6317,0.4468,0,-1.0122
43.27,NaN,NaN,NaN,NaN,NaN,NaN,99.4687,522.99,28.5947,0.4466,0,-1.0077
43.275,NaN,NaN,NaN,NaN,NaN,NaN,98.1712,519.82,26.7522,0.4465,0,-1.0031
43.28,NaN,NaN,NaN,NaN,NaN,NaN,97.0558,517.899,25.0807,0.4464,0,-0.9983
43.285,NaN,NaN,NaN,NaN,NaN,NaN,96.1492,517.093,23.5128,0.4463,0,-0.9933
43.29,NaN,NaN,NaN,NaN,NaN,NaN,95.44,517.255,21.963,0.4462,0,-0.9882
43.295,NaN,NaN,NaN,NaN,NaN,NaN,94.881,518.26,20.3471,0.4461,0,-0.983
43.3,NaN,NaN,NaN,NaN,NaN,NaN,94.4212,520.043,18.594,0.4461,0,-0.9778
43.305,NaN,NaN,NaN,NaN,NaN,NaN,94.0424,522.611,16.6563,0.4461,0,-0.9726
43.31,NaN,NaN,NaN,NaN,NaN,NaN,93.7712,526.035,14.5193,0.4461,0,-0.9675
43.315,NaN,NaN,NaN,NaN,NaN,NaN,93.656,530.416,12.2014,0.4462,0,-0.9624
43.32,NaN,NaN,NaN,NaN,NaN,NaN,93.7319,535.845,9.741,0.4462,0,-0.9574
43.325,NaN,NaN,NaN,NaN,NaN,NaN,94.0002,542.368,7.1749,0.4462,0,-0.9523
43.33,NaN,NaN,NaN,NaN,NaN,NaN,94.4398,549.97,4.5212,0.4462,0,-0.9471
43.335,NaN,NaN,NaN,NaN,NaN,NaN,95.0367,558.59,1.78,0.4462,0,-0.9418
43.34,NaN,NaN,NaN,NaN,NaN,NaN,95.808,568.154,-1.0499,0.4461,0,-0.9365
43.345,NaN,NaN,NaN,NaN,NaN,NaN,96.802,578.62,-3.9492,0.446,0,-0.9311
43.35,NaN,NaN,NaN,NaN,NaN,NaN,98.078,590.009,-6.8655,0.4459,0,-0.9257
43.355,NaN,NaN,NaN,NaN,NaN,NaN,99.6837,602.417,-9.7222,0.4458,0,-0.9203
43.36,NaN,NaN,NaN,NaN,NaN,NaN,101.644,615.979,-12.4454,0.4457,0,-0.915
43.365,NaN,NaN,NaN,NaN,NaN,NaN,103.956,630.817,-14.9933,0.4456,0,-0.9098
43.37,NaN,NaN,NaN,NaN,NaN,NaN,106.591,646.973,-17.3733,0.4454,0,-0.9047
43.375,NaN,NaN,NaN,NaN,NaN,NaN,109.483,664.353,-19.6412,0.4453,0,-0.8995
43.38,NaN,NaN,NaN,NaN,NaN,NaN,112.527,682.716,-21.8872,0.4452,0,-0.8943
43.385,NaN,NaN,NaN,NaN,NaN,NaN,115.579,701.704,-24.2191,0.4451,0,-0.8892
43.39,NaN,NaN,NaN,NaN,NaN,NaN,118.481,720.902,-26.7454,0.4451,0,-0.8841
43.395,NaN,NaN,NaN,NaN,NaN,NaN,121.101,739.914,-29.5606,0.4451,0,-0.879
43.4,NaN,NaN,NaN,NaN,NaN,NaN,123.362,758.43,-32.7321,0.4452,0,-0.8739
43.405,NaN,NaN,NaN,NaN,NaN,NaN,125.256,776.255,-36.2911,0.4453,0,-0.8688
43.41,NaN,NaN,NaN,NaN,NaN,NaN,126.832,793.299,-40.2292,0.4455,0,-0.8637
43.415,NaN,NaN,NaN,NaN,NaN,NaN,128.166,809.528,-44.4981,0.4457,0,-0.8585
43.42,NaN,NaN,NaN,NaN,NaN,NaN,129.338,824.91,-49.0154,0.4459,0,-0.8533
43.425,NaN,NaN,NaN,NaN,NaN,NaN,130.408,839.355,-53.6773,0.4461,0,-0.8481
43.43,NaN,NaN,NaN,NaN,NaN,NaN,131.4,852.698,-58.378,0.4463,0,-0.8429
43.435,NaN,NaN,NaN,NaN,NaN,NaN,132.293,864.711,-63.0297,0.4465,0,-0.8377
43.44,NaN,NaN,NaN,NaN,NaN,NaN,133.017,875.147,-67.575,0.4467,0,-0.8327
43.445,NaN,NaN,NaN,NaN,NaN,NaN,133.472,883.796,-71.985,0.4469,0,-0.8277
43.45,NaN,NaN,NaN,NaN,NaN,NaN,133.553,890.525,-76.2522,0.4471,0,-0.8229
43.455,NaN,NaN,NaN,NaN,NaN,NaN,133.209,895.303,-80.3821,0.4473,0,-0.8181
43.46,NaN,NaN,NaN,NaN,NaN,NaN,132.481,898.198,-84.3955,0.4475,0,-0.8135
43.465,NaN,NaN,NaN,NaN,NaN,NaN,131.54,899.351,-88.3389,0.4478,0,-0.8089
43.47,NaN,NaN,NaN,NaN,NaN,NaN,130.672,898.941,-92.2962,0.448,0,-0.8043
43.475,NaN,NaN,NaN,NaN,NaN,NaN,130.201,897.127,-96.3878,0.4483,0,-0.7997
43.48,NaN,NaN,NaN,NaN,NaN,NaN,130.382,893.997,-100.748,0.4486,0,-0.7948
43.485,NaN,NaN,NaN,NaN,NaN,NaN,131.278,889.512,-105.48,0.449,0,-0.7897
43.49,NaN,NaN,NaN,NaN,NaN,NaN,132.692,883.482,-110.611,0.4494,0,-0.7844
43.495,NaN,NaN,NaN,NaN,NaN,NaN,134.178,875.571,-116.055,0.4498,0,-0.7789
43.5,NaN,NaN,NaN,NaN,NaN,NaN,135.145,865.356,-121.611,0.4502,0,-0.7732
43.505,NaN,NaN,NaN,NaN,NaN,NaN,135.011,852.426,-126.998,0.4506,0,-0.7675
43.51,NaN,NaN,NaN,NaN,NaN,NaN,133.376,836.501,-131.933,0.451,0,-0.762
43.515,NaN,NaN,NaN,NaN,NaN,NaN,130.145,817.51,-136.211,0.4514,0,-0.7565
43.52,NaN,NaN,NaN,NaN,NaN,NaN,125.559,795.604,-139.767,0.4517,0,-0.7513
43.525,NaN,NaN,NaN,NaN,NaN,NaN,120.113,771.076,-142.679,0.4522,0,-0.746
43.53,NaN,NaN,NaN,NaN,NaN,NaN,114.382,744.224,-145.136,0.4528,0,-0.7407
43.535,NaN,NaN,NaN,NaN,NaN,NaN,108.796,715.192,-147.349,0.4534,0,-0.7353
43.54,NaN,NaN,NaN,NaN,NaN,NaN,103.466,683.843,-149.451,0.4542,0,-0.7297
43.545,NaN,NaN,NaN,NaN,NaN,NaN,98.1594,649.7,-151.393,0.455,0,-0.7239
43.55,NaN,NaN,NaN,NaN,NaN,NaN,92.4351,611.993,-152.864,0.4558,0,-0.7182
43.555,NaN,NaN,NaN,NaN,NaN,NaN,85.9027,569.837,-153.26,0.4564,0,-0.7124
43.56,NaN,NaN,NaN,NaN,NaN,NaN,78.4662,522.501,-151.738,0.4569,0,-0.7068
43.565,NaN,NaN,NaN,NaN,NaN,NaN,70.4316,469.741,-147.364,0.4573,0,-0.7011
43.57,NaN,NaN,NaN,NaN,NaN,NaN,62.4273,412.091,-139.334,0.4578,0,-0.6953
43.575,NaN,NaN,NaN,NaN,NaN,NaN,55.1845,351.043,-127.198,0.4585,0,-0.6889
43.58,NaN,NaN,NaN,NaN,NaN,NaN,49.2814,289.006,-111.048,0.4597,0,-0.6817
43.585,NaN,NaN,NaN,NaN,NaN,NaN,44.9573,229.039,-91.6021,0.4617,0,-0.6734
43.59,NaN,NaN,NaN,NaN,NaN,NaN,42.0621,174.352,-70.1716,0.4647,0,-0.6645
43.595,NaN,NaN,NaN,NaN,NaN,NaN,40.1537,127.701,-48.4803,0.4688,0,-0.6561
43.6,NaN,NaN,NaN,NaN,NaN,NaN,38.6987,90.8281,-28.3557,0.4739,0,-0.6513
43.605,NaN,NaN,NaN,NaN,NaN,NaN,37.2888,64.1397,-11.3719,0.4788,0,-0.6557
43.61,NaN,NaN,NaN,NaN,NaN,NaN,35.7724,46.7129,1.4505,0.4816,0,-0.6751
43.615,NaN,NaN,NaN,NaN,NaN,NaN,34.2428,36.624,9.7958,0.4805,0,-0.7086
43.62,NaN,NaN,NaN,NaN,NaN,NaN,32.9047,31.4627,14.0267,0.4766,0,-0.743
43.625,NaN,NaN,NaN,NaN,NaN,NaN,31.9081,28.8664,15.0044,0.4733,0,-0.7638
43.63,NaN,NaN,NaN,NaN,NaN,NaN,31.2473,26.9384,13.8223,0.4733,0,-0.7673
43.635,NaN,NaN,NaN,NaN,NaN,NaN,30.7724,24.4762,11.5374,0.4777,0,-0.7573
43.64,NaN,NaN,NaN,NaN,NaN,NaN,30.2904,21.0011,8.9788,0.4867,0,-0.7383
43.645,NaN,NaN,NaN,NaN,NaN,NaN,0,0,0,0,0,0
43.65,NaN,NaN,NaN,NaN,NaN,NaN,0,0,0,0,0,0
43.655,NaN,NaN,NaN,NaN,NaN,NaN,0,0,0,0,0,0
43.66,NaN,NaN,NaN,NaN,NaN,NaN,0,0,0,0,0,0
43.665,NaN,NaN,NaN,NaN,NaN,NaN,0,0,0,0,0,0
43.67,NaN,NaN,NaN,NaN,NaN,NaN,0,0,0,0,0,0
43.675,NaN,NaN,NaN,NaN,NaN,NaN,0,0,0,0,0,0
43.68,NaN,NaN,NaN,NaN,NaN,NaN,0,0,0,0,0,0
43.685,NaN,NaN,NaN,NaN,NaN,NaN,0,0,0,0,0,0
43.69,NaN,NaN,NaN,NaN,NaN,NaN,0,0,0,0,0,0
43.695,NaN,NaN,NaN,NaN,NaN,NaN,0,0,0,0,0,0
43.7,NaN,NaN,NaN,NaN,NaN,NaN,0,0,0,0,0,0
43.705,NaN,NaN,NaN,NaN,NaN,NaN,0,0,0,0,0,0
43.71,NaN,NaN,NaN,NaN,NaN,NaN,0,0,0,0,0,0
43.715,NaN,NaN,NaN,NaN,NaN,NaN,0,0,0,0,0,0
43.72,NaN,NaN,NaN,NaN,NaN,NaN,0,0,0,0,0,0
43.725,NaN,NaN,NaN,NaN,NaN,NaN,0,0,0,0,0,0
43.73,NaN,NaN,NaN,NaN,NaN,NaN,0,0,0,0,0,0
43.735,NaN,NaN,NaN,NaN,NaN,NaN,0,0,0,0,0,0
43.74,NaN,NaN,NaN,NaN,NaN,NaN,0,0,0,0,0,0
43.745,NaN,NaN,NaN,NaN,NaN,NaN,0,0,0,0,0,0
43.75,NaN,NaN,NaN,NaN,NaN,NaN,0,0,0,0,0,0
43.755,NaN,NaN,NaN,NaN,NaN,NaN,0,0,0,0,0,0
43.76,NaN,NaN,NaN,NaN,NaN,NaN,0,0,0,0,0,0
43.765,NaN,NaN,NaN,NaN,NaN,NaN,0,0,0,0,0,0
43.77,NaN,NaN,NaN,NaN,NaN,NaN,0,0,0,0,0,0
43.775,NaN,NaN,NaN,NaN,NaN,NaN,0,0,0,0,0,0
43.78,NaN,NaN,NaN,NaN,NaN,NaN,0,0,0,0,0,0
43.785,NaN,NaN,NaN,NaN,NaN,NaN,0,0,0,0,0,0
43.79,NaN,NaN,NaN,NaN,NaN,NaN,0,0,0,0,0,0
43.795,NaN,NaN,NaN,NaN,NaN,NaN,0,0,0,0,0,0
43.8,NaN,NaN,NaN,NaN,NaN,NaN,0,0,0,0,0,0
43.805,NaN,NaN,NaN,NaN,NaN,NaN,0,0,0,0,0,0
43.81,NaN,NaN,NaN,NaN,NaN,NaN,0,0,0,0,0,0
43.815,NaN,NaN,NaN,NaN,NaN,NaN,0,0,0,0,0,0
43.82,NaN,NaN,NaN,NaN,NaN,NaN,0,0,0,0,0,0
43.825,NaN,NaN,NaN,NaN,NaN,NaN,0,0,0,0,0,0
43.83,NaN,NaN,NaN,NaN,NaN,NaN,0,0,0,0,0,0
43.835,NaN,NaN,NaN,NaN,NaN,NaN,0,0,0,0,0,0
43.84,NaN,NaN,NaN,NaN,NaN,NaN,0,0,0,0,0,0
43.845,NaN,NaN,NaN,NaN,NaN,NaN,0,0,0,0,0,0
43.85,NaN,NaN,NaN,NaN,NaN,NaN,0,0,0,0,0,0
43.855,NaN,NaN,NaN,NaN,NaN,NaN,0,0,0,0,0,0
43.86,NaN,NaN,NaN,NaN,NaN,NaN,0,0,0,0,0,0
43.865,NaN,NaN,NaN,NaN,NaN,NaN,0,0,0,0,0,0
43.87,NaN,NaN,NaN,NaN,NaN,NaN,0,0,0,0,0,0
43.875,NaN,NaN,NaN,NaN,NaN,NaN,0,0,0,0,0,0
43.88,NaN,NaN,NaN,NaN,NaN,NaN,0,0,0,0,0,0
43.885,NaN,NaN,NaN,NaN,NaN,NaN,0,0,0,0,0,0
43.89,NaN,NaN,NaN,NaN,NaN,NaN,0,0,0,0,0,0
43.895,NaN,NaN,NaN,NaN,NaN,NaN,0,0,0,0,0,0
43.9,NaN,NaN,NaN,NaN,NaN,NaN,0,0,0,0,0,0
43.905,NaN,NaN,NaN,NaN,NaN,NaN,0,0,0,0,0,0
43.91,NaN,NaN,NaN,NaN,NaN,NaN,0,0,0,0,0,0
43.915,NaN,NaN,NaN,NaN,NaN,NaN,0,0,0,0,0,0
43.92,NaN,NaN,NaN,NaN,NaN,NaN,0,0,0,0,0,0
43.925,NaN,NaN,NaN,NaN,NaN,NaN,0,0,0,0,0,0
43.93,NaN,NaN,NaN,NaN,NaN,NaN,0,0,0,0,0,0
43.935,NaN,NaN,NaN,NaN,NaN,NaN,0,0,0,0,0,0
43.94,NaN,NaN,NaN,NaN,NaN,NaN,0,0,0,0,0,0
43.945,NaN,NaN,NaN,NaN,NaN,NaN,0,0,0,0,0,0
43.95,NaN,NaN,NaN,NaN,NaN,NaN,0,0,0,0,0,0
43.955,NaN,NaN,NaN,NaN,NaN,NaN,0,0,0,0,0,0
43.96,NaN,NaN,NaN,NaN,NaN,NaN,0,0,0,0,0,0
43.965,NaN,NaN,NaN,NaN,NaN,NaN,0,0,0,0,0,0
43.97,NaN,NaN,NaN,NaN,NaN,NaN,0,0,0,0,0,0
43.975,NaN,NaN,NaN,NaN,NaN,NaN,0,0,0,0,0,0
43.98,NaN,NaN,NaN,NaN,NaN,NaN,0,0,0,0,0,0
43.985,NaN,NaN,NaN,NaN,NaN,NaN,0,0,0,0,0,0
43.99,NaN,NaN,NaN,NaN,NaN,NaN,0,0,0,0,0,0
43.995,NaN,NaN,NaN,NaN,NaN,NaN,0,0,0,0,0,0
44,NaN,NaN,NaN,NaN,NaN,NaN,0,0,0,0,0,0
44.005,NaN,NaN,NaN,NaN,NaN,NaN,0,0,0,0,0,0
44.01,NaN,NaN,NaN,NaN,NaN,NaN,0,0,0,0,0,0
44.015,NaN,NaN,NaN,NaN,NaN,NaN,0,0,0,0,0,0
44.02,NaN,NaN,NaN,NaN,NaN,NaN,0,0,0,0,0,0
44.025,NaN,NaN,NaN,NaN,NaN,NaN,0,0,0,0,0,0
44.03,NaN,NaN,NaN,NaN,NaN,NaN,0,0,0,0,0,0
44.035,NaN,NaN,NaN,NaN,NaN,NaN,0,0,0,0,0,0
44.04,NaN,NaN,NaN,NaN,NaN,NaN,0,0,0,0,0,0
44.045,NaN,NaN,NaN,NaN,NaN,NaN,0,0,0,0,0,0
44.05,NaN,NaN,NaN,NaN,NaN,NaN,18.5492,33.8486,-20.0865,0.4249,0,-1.2438
44.055,NaN,NaN,NaN,NaN,NaN,NaN,14.0774,56.9329,-31.499,0.4126,0,-1.2168
44.06,NaN,NaN,NaN,NaN,NaN,NaN,9.7741,83.0915,-40.9104,0.4076,0,-1.1955
44.065,NaN,NaN,NaN,NaN,NaN,NaN,6.3835,109.426,-46.0195,0.4063,0,-1.1784
44.07,NaN,NaN,NaN,NaN,NaN,NaN,4.285,133.3,-45.4383,0.407,0,-1.1648
44.075,NaN,NaN,NaN,NaN,NaN,NaN,3.3371,153.331,-39.1168,0.409,0,-1.1543
44.08,NaN,NaN,NaN,NaN,NaN,NaN,2.9611,170.08,-28.2756,0.411,0,-1.1474
44.085,NaN,NaN,NaN,NaN,NaN,NaN,2.4725,186.109,-14.8679,0.412,0,-1.1447
44.09,NaN,NaN,NaN,NaN,NaN,NaN,1.5476,205.342,-0.8089,0.4108,0,-1.1467
44.095,NaN,NaN,NaN,NaN,NaN,NaN,0.6089,231.888,12.6856,0.407,0,-1.1527
44.1,NaN,NaN,NaN,NaN,NaN,NaN,0.9058,268.693,25.366,0.4011,0,-1.1608
44.105,NaN,NaN,NaN,NaN,NaN,NaN,4.1657,316.478,37.7244,0.3947,0,-1.1687
44.11,NaN,NaN,NaN,NaN,NaN,NaN,11.8906,373.306,50.4265,0.3891,0,-1.1749
44.115,NaN,NaN,NaN,NaN,NaN,NaN,24.572,434.954,63.7141,0.3847,0,-1.1788
44.12,NaN,NaN,NaN,NaN,NaN,NaN,41.2072,495.988,77.1004,0.3817,0,-1.1804
44.125,NaN,NaN,NaN,NaN,NaN,NaN,59.4212,551.17,89.504,0.3797,0,-1.1802
44.13,NaN,NaN,NaN,NaN,NaN,NaN,76.2466,596.719,99.7172,0.3784,0,-1.1785
44.135,NaN,NaN,NaN,NaN,NaN,NaN,89.2699,631.046,106.923,0.3773,0,-1.176
44.14,NaN,NaN,NaN,NaN,NaN,NaN,97.6012,654.823,110.997,0.3761,0,-1.1728
44.145,NaN,NaN,NaN,NaN,NaN,NaN,102.153,670.491,112.507,0.3746,0,-1.1694
44.15,NaN,NaN,NaN,NaN,NaN,NaN,105.074,681.449,112.485,0.3728,0,-1.166
44.155,NaN,NaN,NaN,NaN,NaN,NaN,108.666,691.188,112.105,0.3709,0,-1.1626
44.16,NaN,NaN,NaN,NaN,NaN,NaN,114.382,702.618,112.372,0.3689,0,-1.1594
44.165,NaN,NaN,NaN,NaN,NaN,NaN,122.405,717.675,113.9,0.3668,0,-1.1564
44.17,NaN,NaN,NaN,NaN,NaN,NaN,131.893,737.202,116.82,0.3648,0,-1.1534
44.175,NaN,NaN,NaN,NaN,NaN,NaN,141.592,761.044,120.821,0.3629,0,-1.1505
44.18,NaN,NaN,NaN,NaN,NaN,NaN,150.365,788.281,125.294,0.3613,0,-1.1476
44.185,NaN,NaN,NaN,NaN,NaN,NaN,157.414,817.503,129.54,0.3599,0,-1.1446
44.19,NaN,NaN,NaN,NaN,NaN,NaN,162.243,847.084,132.981,0.3588,0,-1.1415
44.195,NaN,NaN,NaN,NaN,NaN,NaN,164.587,875.411,135.296,0.3579,0,-1.1383
44.2,NaN,NaN,NaN,NaN,NaN,NaN,164.461,901.044,136.434,0.3572,0,-1.1349
44.205,NaN,NaN,NaN,NaN,NaN,NaN,162.297,922.816,136.542,0.3565,0,-1.1315
44.21,NaN,NaN,NaN,NaN,NaN,NaN,158.961,939.893,135.85,0.3558,0,-1.128
44.215,NaN,NaN,NaN,NaN,NaN,NaN,155.526,951.8,134.57,0.3551,0,-1.1245
44.22,NaN,NaN,NaN,NaN,NaN,NaN,152.887,958.43,132.848,0.3543,0,-1.1209
44.225,NaN,NaN,NaN,NaN,NaN,NaN,151.425,960.03,130.749,0.3536,0,-1.1173
44.23,NaN,NaN,NaN,NaN,NaN,NaN,150.957,957.143,128.286,0.3529,0,-1.1136
44.235,NaN,NaN,NaN,NaN,NaN,NaN,150.979,950.528,125.456,0.3521,0,-1.1099
44.24,NaN,NaN,NaN,NaN,NaN,NaN,151.002,941.05,122.277,0.3512,0,-1.1061
44.245,NaN,NaN,NaN,NaN,NaN,NaN,150.77,929.566,118.79,0.3503,0,-1.1022
44.25,NaN,NaN,NaN,NaN,NaN,NaN,150.242,916.822,115.064,0.3493,0,-1.0984
44.255,NaN,NaN,NaN,NaN,NaN,NaN,149.441,903.386,111.166,0.3484,0,-1.0945
44.26,NaN,NaN,NaN,NaN,NaN,NaN,148.341,889.625,107.146,0.3476,0,-1.0906
44.265,NaN,NaN,NaN,NaN,NaN,NaN,146.893,875.725,103.031,0.3467,0,-1.0868
44.27,NaN,NaN,NaN,NaN,NaN,NaN,145.125,861.73,98.8327,0.3459,0,-1.0829
44.275,NaN,NaN,NaN,NaN,NaN,NaN,143.198,847.598,94.5642,0.3452,0,-1.0789
44.28,NaN,NaN,NaN,NaN,NaN,NaN,141.328,833.262,90.2584,0.3445,0,-1.075
44.285,NaN,NaN,NaN,NaN,NaN,NaN,139.628,818.669,85.9762,0.3439,0,-1.0709
44.29,NaN,NaN,NaN,NaN,NaN,NaN,137.99,803.804,81.8005,0.3433,0,-1.0669
44.295,NaN,NaN,NaN,NaN,NaN,NaN,136.128,788.676,77.8119,0.3427,0,-1.0628
44.3,NaN,NaN,NaN,NaN,NaN,NaN,133.763,773.293,74.0536,0.3422,0,-1.0587
44.305,NaN,NaN,NaN,NaN,NaN,NaN,130.826,757.644,70.5076,0.3416,0,-1.0545
44.31,NaN,NaN,NaN,NaN,NaN,NaN,127.543,741.704,67.0949,0.3411,0,-1.0502
44.315,NaN,NaN,NaN,NaN,NaN,NaN,124.331,725.464,63.7049,0.3406,0,-1.0458
44.32,NaN,NaN,NaN,NaN,NaN,NaN,121.582,708.98,60.2405,0.3403,0,-1.0412
44.325,NaN,NaN,NaN,NaN,NaN,NaN,119.453,692.402,56.6627,0.3402,0,-1.0364
44.33,NaN,NaN,NaN,NaN,NaN,NaN,117.798,675.968,53.016,0.3401,0,-1.0314
44.335,NaN,NaN,NaN,NaN,NaN,NaN,116.262,659.959,49.4209,0.3402,0,-1.0265
44.34,NaN,NaN,NaN,NaN,NaN,NaN,114.457,644.627,46.0291,0.3402,0,-1.0217
44.345,NaN,NaN,NaN,NaN,NaN,NaN,112.142,630.12,42.9571,0.3402,0,-1.0171
44.35,NaN,NaN,NaN,NaN,NaN,NaN,109.301,616.463,40.2277,0.3401,0,-1.0128
44.355,NaN,NaN,NaN,NaN,NaN,NaN,106.107,603.579,37.7597,0.3401,0,-1.0085
44.36,NaN,NaN,NaN,NaN,NaN,NaN,102.819,591.361,35.4171,0.3401,0,-1.0042
44.365,NaN,NaN,NaN,NaN,NaN,NaN,99.6636,579.747,33.0882,0.3402,0,-0.9997
44.37,NaN,NaN,NaN,NaN,NaN,NaN,96.7665,568.761,30.7401,0.3404,0,-0.995
44.375,NaN,NaN,NaN,NaN,NaN,NaN,94.1526,558.512,28.4154,0.3407,0,-0.99
44.38,NaN,NaN,NaN,NaN,NaN,NaN,91.797,549.135,26.1813,0.3411,0,-0.985
44.385,NaN,NaN,NaN,NaN,NaN,NaN,89.6816,540.744,24.0732,0.3416,0,-0.9799
44.39,NaN,NaN,NaN,NaN,NaN,NaN,87.819,533.398,22.0714,0.342,0,-0.9747
44.395,NaN,NaN,NaN,NaN,NaN,NaN,86.2323,527.103,20.1179,0.3425,0,-0.9696
44.4,NaN,NaN,NaN,NaN,NaN,NaN,84.9153,521.836,18.1521,0.3429,0,-0.9644
44.405,NaN,NaN,NaN,NaN,NaN,NaN,83.8127,517.569,16.1361,0.3433,0,-0.9591
44.41,NaN,NaN,NaN,NaN,NaN,NaN,82.8393,514.273,14.05,0.3437,0,-0.9536
44.415,NaN,NaN,NaN,NaN,NaN,NaN,81.9303,511.922,11.8714,0.344,0,-0.948
44.42,NaN,NaN,NaN,NaN,NaN,NaN,81.0837,510.503,9.5597,0.3442,0,-0.9422
44.425,NaN,NaN,NaN,NaN,NaN,NaN,80.3675,510.033,7.0634,0.3445,0,-0.9363
44.43,NaN,NaN,NaN,NaN,NaN,NaN,79.8871,510.575,4.3421,0.3447,0,-0.9305
44.435,NaN,NaN,NaN,NaN,NaN,NaN,79.7349,512.252,1.3841,0.3449,0,-0.9246
44.44,NaN,NaN,NaN,NaN,NaN,NaN,79.9514,515.224,-1.7952,0.3451,0,-0.9189
44.445,NaN,NaN,NaN,NaN,NaN,NaN,80.5161,519.664,-5.1708,0.3454,0,-0.9134
44.45,NaN,NaN,NaN,NaN,NaN,NaN,81.3671,525.727,-8.7215,0.3457,0,-0.9079
44.455,NaN,NaN,NaN,NaN,NaN,NaN,82.4302,533.53,-12.4287,0.3461,0,-0.9023
44.46,NaN,NaN,NaN,NaN,NaN,NaN,83.6402,543.137,-16.2637,0.3464,0,-0.8968
44.465,NaN,NaN,NaN,NaN,NaN,NaN,84.9502,554.553,-20.1787,0.3466,0,-0.8911
44.47,NaN,NaN,NaN,NaN,NaN,NaN,86.3355,567.712,-24.112,0.3469,0,-0.8854
44.475,NaN,NaN,NaN,NaN,NaN,NaN,87.8006,582.487,-28.0083,0.3471,0,-0.8796
44.48,NaN,NaN,NaN,NaN,NaN,NaN,89.3808,598.699,-31.8423,0.3474,0,-0.874
44.485,NaN,NaN,NaN,NaN,NaN,NaN,91.1275,616.129,-35.6333,0.3477,0,-0.8684
44.49,NaN,NaN,NaN,NaN,NaN,NaN,93.0728,634.525,-39.4451,0.3479,0,-0.8628
44.495,NaN,NaN,NaN,NaN,NaN,NaN,95.1918,653.613,-43.3718,0.3483,0,-0.8571
44.5,NaN,NaN,NaN,NaN,NaN,NaN,97.3871,673.106,-47.5154,0.3487,0,-0.8514
44.505,NaN,NaN,NaN,NaN,NaN,NaN,99.5117,692.717,-51.9628,0.3491,0,-0.8455
44.51,NaN,NaN,NaN,NaN,NaN,NaN,101.421,712.182,-56.7704,0.3494,0,-0.8394
44.515,NaN,NaN,NaN,NaN,NaN,NaN,103.023,731.272,-61.9594,0.3498,0,-0.8334
44.52,NaN,NaN,NaN,NaN,NaN,NaN,104.308,749.802,-67.5176,0.3502,0,-0.8274
44.525,NaN,NaN,NaN,NaN,NaN,NaN,105.335,767.622,-73.4035,0.3505,0,-0.8215
44.53,NaN,NaN,NaN,NaN,NaN,NaN,106.203,784.61,-79.5501,0.3509,0,-0.8158
44.535,NaN,NaN,NaN,NaN,NaN,NaN,107.001,800.65,-85.8724,0.3512,0,-0.8102
44.54,NaN,NaN,NaN,NaN,NaN,NaN,107.787,815.61,-92.2835,0.3515,0,-0.8048
44.545,NaN,NaN,NaN,NaN,NaN,NaN,108.569,829.342,-98.7169,0.3518,0,-0.7996
44.55,NaN,NaN,NaN,NaN,NaN,NaN,109.318,841.675,-105.14,0.3521,0,-0.7943
44.555,NaN,NaN,NaN,NaN,NaN,NaN,109.991,852.447,-111.547,0.3524,0,-0.789
44.56,NaN,NaN,NaN,NaN,NaN,NaN,110.569,861.53,-117.938,0.3527,0,-0.7836
44.565,NaN,NaN,NaN,NaN,NaN,NaN,111.082,868.856,-124.297,0.353,0,-0.778
44.57,NaN,NaN,NaN,NaN,NaN,NaN,111.627,874.41,-130.586,0.3534,0,-0.7724
44.575,NaN,NaN,NaN,NaN,NaN,NaN,112.334,878.194,-136.756,0.3538,0,-0.7668
44.58,NaN,NaN,NaN,NaN,NaN,NaN,113.32,880.159,-142.771,0.3542,0,-0.7611
44.585,NaN,NaN,NaN,NaN,NaN,NaN,114.627,880.149,-148.616,0.3546,0,-0.7555
44.59,NaN,NaN,NaN,NaN,NaN,NaN,116.178,877.859,-154.295,0.355,0,-0.7498
44.595,NaN,NaN,NaN,NaN,NaN,NaN,117.774,872.849,-159.808,0.3554,0,-0.744
44.6,NaN,NaN,NaN,NaN,NaN,NaN,119.136,864.613,-165.123,0.3557,0,-0.7382
44.605,NaN,NaN,NaN,NaN,NaN,NaN,119.966,852.7,-170.164,0.356,0,-0.7322
44.61,NaN,NaN,NaN,NaN,NaN,NaN,120.011,836.855,-174.804,0.3563,0,-0.726
44.615,NaN,NaN,NaN,NaN,NaN,NaN,119.116,817.113,-178.873,0.3566,0,-0.7198
44.62,NaN,NaN,NaN,NaN,NaN,NaN,117.253,793.782,-182.15,0.3571,0,-0.7136
44.625,NaN,NaN,NaN,NaN,NaN,NaN,114.506,767.293,-184.348,0.3578,0,-0.7077
44.63,NaN,NaN,NaN,NaN,NaN,NaN,111.031,737.96,-185.118,0.3589,0,-0.7023
44.635,NaN,NaN,NaN,NaN,NaN,NaN,106.97,705.723,-184.074,0.3604,0,-0.6977
44.64,NaN,NaN,NaN,NaN,NaN,NaN,102.383,670.004,-180.851,0.3623,0,-0.694
44.645,NaN,NaN,NaN,NaN,NaN,NaN,97.2281,629.786,-175.164,0.3646,0,-0.6913
44.65,NaN,NaN,NaN,NaN,NaN,NaN,91.4209,583.92,-166.844,0.3671,0,-0.6894
44.655,NaN,NaN,NaN,NaN,NaN,NaN,84.9336,531.61,-155.826,0.3696,0,-0.6879
44.66,NaN,NaN,NaN,NaN,NaN,NaN,77.8791,472.904,-142.12,0.3721,0,-0.6867
44.665,NaN,NaN,NaN,NaN,NaN,NaN,70.5262,409.033,-125.816,0.3744,0,-0.6853
44.67,NaN,NaN,NaN,NaN,NaN,NaN,63.2403,342.463,-107.164,0.3767,0,-0.6839
44.675,NaN,NaN,NaN,NaN,NaN,NaN,56.3868,276.608,-86.7227,0.379,0,-0.6827
44.68,NaN,NaN,NaN,NaN,NaN,NaN,50.2593,215.242,-65.4638,0.3814,0,-0.6824
44.685,NaN,NaN,NaN,NaN,NaN,NaN,45.0666,161.758,-44.727,0.3843,0,-0.6842
44.69,NaN,NaN,NaN,NaN,NaN,NaN,40.9646,118.472,-25.9815,0.3879,0,-0.6902
44.695,NaN,NaN,NaN,NaN,NaN,NaN,38.0773,86.1998,-10.4881,0.3925,0,-0.7028
44.7,NaN,NaN,NaN,NaN,NaN,NaN,36.4662,64.2136,0.9881,0.3983,0,-0.7233
44.705,NaN,NaN,NaN,NaN,NaN,NaN,36.0634,50.582,8.3056,0.4052,0,-0.7488
44.71,NaN,NaN,NaN,NaN,NaN,NaN,36.6286,42.7455,11.9038,0.4126,0,-0.772
44.715,NaN,NaN,NaN,NaN,NaN,NaN,37.7837,38.1322,12.6343,0.4207,0,-0.7861
44.72,NaN,NaN,NaN,NaN,NaN,NaN,39.1181,34.6465,11.5356,0.4303,0,-0.7905
44.725,NaN,NaN,NaN,NaN,NaN,NaN,40.3081,30.9362,9.6083,0.443,0,-0.7884
44.73,NaN,NaN,NaN,NaN,NaN,NaN,41.1875,26.4312,7.6403,0.4617,0,-0.7836
44.735,NaN,NaN,NaN,NaN,NaN,NaN,41.742,21.2051,6.1153,0.4909,0,-0.7797
44.74,NaN,NaN,NaN,NaN,NaN,NaN,0,0,0,0,0,0
44.745,NaN,NaN,NaN,NaN,NaN,NaN,0,0,0,0,0,0
44.75,NaN,NaN,NaN,NaN,NaN,NaN,0,0,0,0,0,0
44.755,NaN,NaN,NaN,NaN,NaN,NaN,0,0,0,0,0,0
44.76,NaN,NaN,NaN,NaN,NaN,NaN,0,0,0,0,0,0
44.765,NaN,NaN,NaN,NaN,NaN,NaN,0,0,0,0,0,0
44.77,NaN,NaN,NaN,NaN,NaN,NaN,0,0,0,0,0,0
44.775,NaN,NaN,NaN,NaN,NaN,NaN,0,0,0,0,0,0
44.78,NaN,NaN,NaN,NaN,NaN,NaN,0,0,0,0,0,0
44.785,NaN,NaN,NaN,NaN,NaN,NaN,0,0,0,0,0,0
44.79,NaN,NaN,NaN,NaN,NaN,NaN,0,0,0,0,0,0
44.795,NaN,NaN,NaN,NaN,NaN,NaN,0,0,0,0,0,0
44.8,NaN,NaN,NaN,NaN,NaN,NaN,0,0,0,0,0,0
44.805,NaN,NaN,NaN,NaN,NaN,NaN,0,0,0,0,0,0
44.81,NaN,NaN,NaN,NaN,NaN,NaN,0,0,0,0,0,0
44.815,NaN,NaN,NaN,NaN,NaN,NaN,0,0,0,0,0,0
44.82,NaN,NaN,NaN,NaN,NaN,NaN,0,0,0,0,0,0
44.825,NaN,NaN,NaN,NaN,NaN,NaN,0,0,0,0,0,0
44.83,NaN,NaN,NaN,NaN,NaN,NaN,0,0,0,0,0,0
44.835,NaN,NaN,NaN,NaN,NaN,NaN,0,0,0,0,0,0
44.84,NaN,NaN,NaN,NaN,NaN,NaN,0,0,0,0,0,0
44.845,NaN,NaN,NaN,NaN,NaN,NaN,0,0,0,0,0,0
44.85,NaN,NaN,NaN,NaN,NaN,NaN,0,0,0,0,0,0
44.855,NaN,NaN,NaN,NaN,NaN,NaN,0,0,0,0,0,0
44.86,NaN,NaN,NaN,NaN,NaN,NaN,0,0,0,0,0,0
44.865,NaN,NaN,NaN,NaN,NaN,NaN,0,0,0,0,0,0
44.87,NaN,NaN,NaN,NaN,NaN,NaN,0,0,0,0,0,0
44.875,NaN,NaN,NaN,NaN,NaN,NaN,0,0,0,0,0,0
44.88,NaN,NaN,NaN,NaN,NaN,NaN,0,0,0,0,0,0
44.885,NaN,NaN,NaN,NaN,NaN,NaN,0,0,0,0,0,0
44.89,NaN,NaN,NaN,NaN,NaN,NaN,0,0,0,0,0,0
44.895,NaN,NaN,NaN,NaN,NaN,NaN,0,0,0,0,0,0
44.9,NaN,NaN,NaN,NaN,NaN,NaN,0,0,0,0,0,0
44.905,NaN,NaN,NaN,NaN,NaN,NaN,0,0,0,0,0,0
44.91,NaN,NaN,NaN,NaN,NaN,NaN,0,0,0,0,0,0
44.915,NaN,NaN,NaN,NaN,NaN,NaN,0,0,0,0,0,0
44.92,NaN,NaN,NaN,NaN,NaN,NaN,0,0,0,0,0,0
44.925,NaN,NaN,NaN,NaN,NaN,NaN,0,0,0,0,0,0
44.93,NaN,NaN,NaN,NaN,NaN,NaN,0,0,0,0,0,0
44.935,NaN,NaN,NaN,NaN,NaN,NaN,0,0,0,0,0,0
44.94,NaN,NaN,NaN,NaN,NaN,NaN,0,0,0,0,0,0
44.945,NaN,NaN,NaN,NaN,NaN,NaN,0,0,0,0,0,0
44.95,NaN,NaN,NaN,NaN,NaN,NaN,0,0,0,0,0,0
44.955,NaN,NaN,NaN,NaN,NaN,NaN,0,0,0,0,0,0
44.96,NaN,NaN,NaN,NaN,NaN,NaN,0,0,0,0,0,0
44.965,NaN,NaN,NaN,NaN,NaN,NaN,0,0,0,0,0,0
44.97,NaN,NaN,NaN,NaN,NaN,NaN,0,0,0,0,0,0
44.975,NaN,NaN,NaN,NaN,NaN,NaN,0,0,0,0,0,0
44.98,NaN,NaN,NaN,NaN,NaN,NaN,0,0,0,0,0,0
44.985,NaN,NaN,NaN,NaN,NaN,NaN,0,0,0,0,0,0
44.99,NaN,NaN,NaN,NaN,NaN,NaN,0,0,0,0,0,0
44.995,NaN,NaN,NaN,NaN,NaN,NaN,0,0,0,0,0,0
45,NaN,NaN,NaN,NaN,NaN,NaN,0,0,0,0,0,0
45.005,NaN,NaN,NaN,NaN,NaN,NaN,0,0,0,0,0,0
45.01,NaN,NaN,NaN,NaN,NaN,NaN,0,0,0,0,0,0
45.015,NaN,NaN,NaN,NaN,NaN,NaN,0,0,0,0,0,0
45.02,NaN,NaN,NaN,NaN,NaN,NaN,0,0,0,0,0,0
45.025,NaN,NaN,NaN,NaN,NaN,NaN,0,0,0,0,0,0
45.03,NaN,NaN,NaN,NaN,NaN,NaN,0,0,0,0,0,0
45.035,NaN,NaN,NaN,NaN,NaN,NaN,0,0,0,0,0,0
45.04,NaN,NaN,NaN,NaN,NaN,NaN,0,0,0,0,0,0
45.045,NaN,NaN,NaN,NaN,NaN,NaN,0,0,0,0,0,0
45.05,NaN,NaN,NaN,NaN,NaN,NaN,0,0,0,0,0,0
45.055,NaN,NaN,NaN,NaN,NaN,NaN,0,0,0,0,0,0
45.06,NaN,NaN,NaN,NaN,NaN,NaN,0,0,0,0,0,0
45.065,NaN,NaN,NaN,NaN,NaN,NaN,0,0,0,0,0,0
45.07,NaN,NaN,NaN,NaN,NaN,NaN,0,0,0,0,0,0
45.075,NaN,NaN,NaN,NaN,NaN,NaN,0,0,0,0,0,0
45.08,NaN,NaN,NaN,NaN,NaN,NaN,0,0,0,0,0,0
45.085,NaN,NaN,NaN,NaN,NaN,NaN,0,0,0,0,0,0
45.09,NaN,NaN,NaN,NaN,NaN,NaN,0,0,0,0,0,0
45.095,NaN,NaN,NaN,NaN,NaN,NaN,0,0,0,0,0,0
45.1,NaN,NaN,NaN,NaN,NaN,NaN,0,0,0,0,0,0
45.105,NaN,NaN,NaN,NaN,NaN,NaN,0,0,0,0,0,0
45.11,NaN,NaN,NaN,NaN,NaN,NaN,0,0,0,0,0,0
45.115,NaN,NaN,NaN,NaN,NaN,NaN,0,0,0,0,0,0
45.12,NaN,NaN,NaN,NaN,NaN,NaN,0,0,0,0,0,0
45.125,NaN,NaN,NaN,NaN,NaN,NaN,0,0,0,0,0,0
45.13,NaN,NaN,NaN,NaN,NaN,NaN,0,0,0,0,0,0
45.135,NaN,NaN,NaN,NaN,NaN,NaN,0,0,0,0,0,0
45.14,NaN,NaN,NaN,NaN,NaN,NaN,0,0,0,0,0,0
45.145,NaN,NaN,NaN,NaN,NaN,NaN,41.3422,20.0135,6.9412,0.4836,0,-1.2761
45.15,NaN,NaN,NaN,NaN,NaN,NaN,41.2834,33.8343,0.2352,0.4542,0,-1.2536
45.155,NaN,NaN,NaN,NaN,NaN,NaN,40.1727,51.2957,-8.709,0.4427,0,-1.2295
45.16,NaN,NaN,NaN,NaN,NaN,NaN,37.6584,72.2001,-17.866,0.4382,0,-1.2075
45.165,NaN,NaN,NaN,NaN,NaN,NaN,33.6641,96.8291,-24.6978,0.436,0,-1.19
45.17,NaN,NaN,NaN,NaN,NaN,NaN,28.558,126.254,-26.8198,0.4337,0,-1.1789
45.175,NaN,NaN,NaN,NaN,NaN,NaN,23.2229,162.25,-22.6248,0.4302,0,-1.175
45.18,NaN,NaN,NaN,NaN,NaN,NaN,18.9732,206.684,-11.6574,0.4255,0,-1.1775
45.185,NaN,NaN,NaN,NaN,NaN,NaN,17.3055,260.52,5.3478,0.4201,0,-1.1843
45.19,NaN,NaN,NaN,NaN,NaN,NaN,19.5161,322.812,26.7054,0.4149,0,-1.1927
45.195,NaN,NaN,NaN,NaN,NaN,NaN,26.2666,390.185,50.1525,0.4104,0,-1.2007
45.2,NaN,NaN,NaN,NaN,NaN,NaN,37.2198,457.168,73.23,0.4071,0,-1.2072
45.205,NaN,NaN,NaN,NaN,NaN,NaN,50.9084,517.414,93.6403,0.4048,0,-1.2117
45.21,NaN,NaN,NaN,NaN,NaN,NaN,64.994,565.421,109.611,0.4035,0,-1.2142
45.215,NaN,NaN,NaN,NaN,NaN,NaN,76.9616,598.124,120.239,0.4026,0,-1.2149
45.22,NaN,NaN,NaN,NaN,NaN,NaN,85.0541,615.775,125.683,0.402,0,-1.2139
45.225,NaN,NaN,NaN,NaN,NaN,NaN,89.0077,621.833,127.066,0.4013,0,-1.2115
45.23,NaN,NaN,NaN,NaN,NaN,NaN,90.136,621.912,126.1,0.4004,0,-1.2081
45.235,NaN,NaN,NaN,NaN,NaN,NaN,90.6442,622.189,124.591,0.399,0,-1.204
45.24,NaN,NaN,NaN,NaN,NaN,NaN,92.5296,627.798,124.011,0.3974,0,-1.1998
45.245,NaN,NaN,NaN,NaN,NaN,NaN,96.7051,641.743,125.251,0.3956,0,-1.1958
45.25,NaN,NaN,NaN,NaN,NaN,NaN,102.823,664.576,128.578,0.3938,0,-1.1924
45.255,NaN,NaN,NaN,NaN,NaN,NaN,109.795,694.827,133.725,0.3921,0,-1.1896
45.26,NaN,NaN,NaN,NaN,NaN,NaN,116.563,729.876,140.059,0.3905,0,-1.1873
45.265,NaN,NaN,NaN,NaN,NaN,NaN,122.602,766.923,146.745,0.3892,0,-1.1851
45.27,NaN,NaN,NaN,NaN,NaN,NaN,127.908,803.688,152.917,0.3882,0,-1.1829
45.275,NaN,NaN,NaN,NaN,NaN,NaN,132.641,838.718,157.844,0.3875,0,-1.1803
45.28,NaN,NaN,NaN,NaN,NaN,NaN,136.781,871.3,161.082,0.387,0,-1.1772
45.285,NaN,NaN,NaN,NaN,NaN,NaN,140.061,901.126,162.569,0.3866,0,-1.1737
45.29,NaN,NaN,NaN,NaN,NaN,NaN,142.175,927.914,162.593,0.3862,0,-1.1699
45.295,NaN,NaN,NaN,NaN,NaN,NaN,143.047,951.138,161.645,0.3857,0,-1.166
45.3,NaN,NaN,NaN,NaN,NaN,NaN,142.931,969.989,160.204,0.3852,0,-1.1621
45.305,NaN,NaN,NaN,NaN,NaN,NaN,142.295,983.538,158.561,0.3846,0,-1.1585
45.31,NaN,NaN,NaN,NaN,NaN,NaN,141.595,991.04,156.77,0.3841,0,-1.155
45.315,NaN,NaN,NaN,NaN,NaN,NaN,141.1,992.233,154.723,0.3836,0,-1.1515
45.32,NaN,NaN,NaN,NaN,NaN,NaN,140.848,987.493,152.285,0.3831,0,-1.1481
45.325,NaN,NaN,NaN,NaN,NaN,NaN,140.727,977.793,149.394,0.3827,0,-1.1446
45.33,NaN,NaN,NaN,NaN,NaN,NaN,140.574,964.484,146.072,0.3823,0,-1.141
45.335,NaN,NaN,NaN,NaN,NaN,NaN,140.235,949.013,142.387,0.3819,0,-1.1373
45.34,NaN,NaN,NaN,NaN,NaN,NaN,139.577,932.642,138.406,0.3814,0,-1.1337
45.345,NaN,NaN,NaN,NaN,NaN,NaN,138.496,916.27,134.18,0.3809,0,-1.13
45.35,NaN,NaN,NaN,NaN,NaN,NaN,136.946,900.361,129.74,0.3804,0,-1.1263
45.355,NaN,NaN,NaN,NaN,NaN,NaN,134.974,884.993,125.094,0.3798,0,-1.1225
45.36,NaN,NaN,NaN,NaN,NaN,NaN,132.706,869.976,120.24,0.3793,0,-1.1187
45.365,NaN,NaN,NaN,NaN,NaN,NaN,130.287,854.986,115.189,0.3789,0,-1.1148
45.37,NaN,NaN,NaN,NaN,NaN,NaN,127.806,839.69,109.983,0.3785,0,-1.1107
45.375,NaN,NaN,NaN,NaN,NaN,NaN,125.268,823.839,104.691,0.3782,0,-1.1066
45.38,NaN,NaN,NaN,NaN,NaN,NaN,122.638,807.299,99.3937,0.3779,0,-1.1023
45.385,NaN,NaN,NaN,NaN,NaN,NaN,119.901,790.055,94.1654,0.3777,0,-1.098
45.39,NaN,NaN,NaN,NaN,NaN,NaN,117.101,772.189,89.0633,0.3775,0,-1.0937
45.395,NaN,NaN,NaN,NaN,NaN,NaN,114.335,753.849,84.1326,0.3773,0,-1.0894
45.4,NaN,NaN,NaN,NaN,NaN,NaN,111.707,735.219,79.4099,0.3771,0,-1.0851
45.405,NaN,NaN,NaN,NaN,NaN,NaN,109.289,716.483,74.9213,0.377,0,-1.0808
45.41,NaN,NaN,NaN,NaN,NaN,NaN,107.112,697.811,70.6746,0.3769,0,-1.0765
45.415,NaN,NaN,NaN,NaN,NaN,NaN,105.177,679.338,66.654,0.3768,0,-1.0722
45.42,NaN,NaN,NaN,NaN,NaN,NaN,103.481,661.174,62.8223,0.3768,0,-1.0678
45.425,NaN,NaN,NaN,NaN,NaN,NaN,102.022,643.416,59.1307,0.3768,0,-1.0633
45.43,NaN,NaN,NaN,NaN,NaN,NaN,100.77,626.169,55.5331,0.377,0,-1.0585
45.435,NaN,NaN,NaN,NaN,NaN,NaN,99.6423,609.56,52.0012,0.3773,0,-1.0536
45.44,NaN,NaN,NaN,NaN,NaN,NaN,98.4897,593.741,48.5352,0.3776,0,-1.0485
45.445,NaN,NaN,NaN,NaN,NaN,NaN,97.1348,578.874,45.1669,0.378,0,-1.0433
45.45,NaN,NaN,NaN,NaN,NaN,NaN,95.4425,565.108,41.9502,0.3785,0,-1.0381
45.455,NaN,NaN,NaN,NaN,NaN,NaN,93.3889,552.561,38.936,0.3789,0,-1.0331
45.46,NaN,NaN,NaN,NaN,NaN,NaN,91.0886,541.3,36.1429,0.3792,0,-1.0282
45.465,NaN,NaN,NaN,NaN,NaN,NaN,88.7642,531.344,33.5421,0.3796,0,-1.0234
45.47,NaN,NaN,NaN,NaN,NaN,NaN,86.6703,522.666,31.0709,0.38,0,-1.0185
45.475,NaN,NaN,NaN,NaN,NaN,NaN,85.007,515.207,28.6669,0.3804,0,-1.0136
45.48,NaN,NaN,NaN,NaN,NaN,NaN,83.8559,508.877,26.2996,0.3808,0,-1.0086
45.485,NaN,NaN,NaN,NaN,NaN,NaN,83.1617,503.558,23.9771,0.3813,0,-1.0034
45.49,NaN,NaN,NaN,NaN,NaN,NaN,82.7643,499.1,21.724,0.3818,0,-0.9981
45.495,NaN,NaN,NaN,NaN,NaN,NaN,82.4624,495.341,19.5443,0.3823,0,-0.9928
45.5,NaN,NaN,NaN,NaN,NaN,NaN,82.083,492.14,17.3972,0.3828,0,-0.9874
45.505,NaN,NaN,NaN,NaN,NaN,NaN,81.5319,489.429,15.2023,0.3832,0,-0.982
45.51,NaN,NaN,NaN,NaN,NaN,NaN,80.8112,487.248,12.8714,0.3836,0,-0.9765
45.515,NaN,NaN,NaN,NaN,NaN,NaN,80.0079,485.768,10.3515,0.384,0,-0.9709
45.52,NaN,NaN,NaN,NaN,NaN,NaN,79.2633,485.276,7.6546,0.3844,0,-0.9652
45.525,NaN,NaN,NaN,NaN,NaN,NaN,78.7337,486.125,4.8624,0.3847,0,-0.9595
45.53,NaN,NaN,NaN,NaN,NaN,NaN,78.5509,488.671,2.1061,0.3851,0,-0.9537
45.535,NaN,NaN,NaN,NaN,NaN,NaN,78.7894,493.194,-0.4688,0.3855,0,-0.948
45.54,NaN,NaN,NaN,NaN,NaN,NaN,79.4469,499.855,-2.7423,0.386,0,-0.9423
45.545,NaN,NaN,NaN,NaN,NaN,NaN,80.4462,508.663,-4.652,0.3864,0,-0.9367
45.55,NaN,NaN,NaN,NaN,NaN,NaN,81.6614,519.497,-6.2143,0.3868,0,-0.9311
45.555,NaN,NaN,NaN,NaN,NaN,NaN,82.9614,532.13,-7.5287,0.3872,0,-0.9257
45.56,NaN,NaN,NaN,NaN,NaN,NaN,84.2558,546.272,-8.7641,0.3876,0,-0.9203
45.565,NaN,NaN,NaN,NaN,NaN,NaN,85.5263,561.602,-10.1282,0.3879,0,-0.9149
45.57,NaN,NaN,NaN,NaN,NaN,NaN,86.8253,577.793,-11.8273,0.3882,0,-0.9096
45.575,NaN,NaN,NaN,NaN,NaN,NaN,88.2428,594.539,-14.0299,0.3884,0,-0.9043
45.58,NaN,NaN,NaN,NaN,NaN,NaN,89.8568,611.579,-16.8409,0.3887,0,-0.8988
45.585,NaN,NaN,NaN,NaN,NaN,NaN,91.6921,628.718,-20.2891,0.389,0,-0.8932
45.59,NaN,NaN,NaN,NaN,NaN,NaN,93.7068,645.843,-24.329,0.3893,0,-0.8875
45.595,NaN,NaN,NaN,NaN,NaN,NaN,95.8079,662.928,-28.8581,0.3896,0,-0.8817
45.6,NaN,NaN,NaN,NaN,NaN,NaN,97.8827,680.022,-33.7492,0.3899,0,-0.8757
45.605,NaN,NaN,NaN,NaN,NaN,NaN,99.8344,697.224,-38.8852,0.3902,0,-0.8697
45.61,NaN,NaN,NaN,NaN,NaN,NaN,101.611,714.654,-44.1841,0.3905,0,-0.8637
45.615,NaN,NaN,NaN,NaN,NaN,NaN,103.218,732.406,-49.6071,0.3907,0,-0.8577
45.62,NaN,NaN,NaN,NaN,NaN,NaN,104.719,750.51,-55.1535,0.3909,0,-0.8517
45.625,NaN,NaN,NaN,NaN,NaN,NaN,106.213,768.899,-60.848,0.3911,0,-0.8458
45.63,NaN,NaN,NaN,NaN,NaN,NaN,107.802,787.393,-66.7247,0.3912,0,-0.8399
45.635,NaN,NaN,NaN,NaN,NaN,NaN,109.568,805.717,-72.8128,0.3914,0,-0.8341
45.64,NaN,NaN,NaN,NaN,NaN,NaN,111.543,823.537,-79.126,0.3915,0,-0.8282
45.645,NaN,NaN,NaN,NaN,NaN,NaN,113.701,840.503,-85.6585,0.3916,0,-0.8224
45.65,NaN,NaN,NaN,NaN,NaN,NaN,115.961,856.28,-92.3862,0.3918,0,-0.8166
45.655,NaN,NaN,NaN,NaN,NaN,NaN,118.198,870.567,-99.2735,0.3919,0,-0.8107
45.66,NaN,NaN,NaN,NaN,NaN,NaN,120.292,883.1,-106.283,0.3921,0,-0.8049
45.665,NaN,NaN,NaN,NaN,NaN,NaN,122.165,893.639,-113.387,0.3922,0,-0.7992
45.67,NaN,NaN,NaN,NaN,NaN,NaN,123.812,901.957,-120.577,0.3924,0,-0.7936
45.675,NaN,NaN,NaN,NaN,NaN,NaN,125.295,907.825,-127.857,0.3927,0,-0.788
45.68,NaN,NaN,NaN,NaN,NaN,NaN,126.696,911.011,-135.235,0.393,0,-0.7825
45.685,NaN,NaN,NaN,NaN,NaN,NaN,128.054,911.283,-142.688,0.3933,0,-0.7769
45.69,NaN,NaN,NaN,NaN,NaN,NaN,129.316,908.435,-150.143,0.3937,0,-0.7713
45.695,NaN,NaN,NaN,NaN,NaN,NaN,130.32,902.311,-157.47,0.3942,0,-0.7655
45.7,NaN,NaN,NaN,NaN,NaN,NaN,130.836,892.83,-164.507,0.3947,0,-0.7597
45.705,NaN,NaN,NaN,NaN,NaN,NaN,130.622,879.992,-171.115,0.3952,0,-0.7538
45.71,NaN,NaN,NaN,NaN,NaN,NaN,129.502,863.842,-177.236,0.3957,0,-0.7479
45.715,NaN,NaN,NaN,NaN,NaN,NaN,127.41,844.391,-182.918,0.3963,0,-0.742
45.72,NaN,NaN,NaN,NaN,NaN,NaN,124.405,821.489,-188.26,0.3969,0,-0.7361
45.725,NaN,NaN,NaN,NaN,NaN,NaN,120.627,794.712,-193.305,0.3975,0,-0.7302
45.73,NaN,NaN,NaN,NaN,NaN,NaN,116.235,763.307,-197.884,0.3981,0,-0.7242
45.735,NaN,NaN,NaN,NaN,NaN,NaN,111.327,726.269,-201.499,0.3988,0,-0.7179
45.74,NaN,NaN,NaN,NaN,NaN,NaN,105.909,682.541,-203.283,0.3995,0,-0.7113
45.745,NaN,NaN,NaN,NaN,NaN,NaN,99.924,631.343,-202.07,0.4003,0,-0.7043
45.75,NaN,NaN,NaN,NaN,NaN,NaN,93.3277,572.543,-196.594,0.4012,0,-0.6969
45.755,NaN,NaN,NaN,NaN,NaN,NaN,86.1732,506.964,-185.776,0.4021,0,-0.689
45.76,NaN,NaN,NaN,NaN,NaN,NaN,78.6442,436.539,-169.044,0.4031,0,-0.6808
45.765,NaN,NaN,NaN,NaN,NaN,NaN,71.0262,364.223,-146.613,0.4041,0,-0.6727
45.77,NaN,NaN,NaN,NaN,NaN,NaN,63.6299,293.656,-119.632,0.4053,0,-0.6654
45.775,NaN,NaN,NaN,NaN,NaN,NaN,56.7142,228.595,-90.123,0.4066,0,-0.6603
45.78,NaN,NaN,NaN,NaN,NaN,NaN,50.4543,172.255,-60.6708,0.4079,0,-0.6595
45.785,NaN,NaN,NaN,NaN,NaN,NaN,44.9644,126.723,-33.923,0.4093,0,-0.6664
45.79,NaN,NaN,NaN,NaN,NaN,NaN,40.3418,92.621,-12.0428,0.4103,0,-0.6846
45.795,NaN,NaN,NaN,NaN,NaN,NaN,36.6829,69.1146,3.7165,0.4106,0,-0.7148
45.8,NaN,NaN,NaN,NaN,NaN,NaN,34.0433,54.2369,13.1889,0.4101,0,-0.7502
45.805,NaN,NaN,NaN,NaN,NaN,NaN,32.3641,45.4185,17.1894,0.4091,0,-0.7774
45.81,NaN,NaN,NaN,NaN,NaN,NaN,31.4221,40.06,17.1794,0.4086,0,-0.7869
45.815,NaN,NaN,NaN,NaN,NaN,NaN,30.8529,36.0022,14.8252,0.4091,0,-0.7795
45.82,NaN,NaN,NaN,NaN,NaN,NaN,30.2578,31.8076,11.5976,0.4112,0,-0.7625
45.825,NaN,NaN,NaN,NaN,NaN,NaN,29.3493,26.8284,8.526,0.4155,0,-0.7426
45.83,NaN,NaN,NaN,NaN,NaN,NaN,28.0535,21.0946,6.1386,0.4232,0,-0.7242
45.835,NaN,NaN,NaN,NaN,NaN,NaN,0,0,0,0,0,0
45.84,NaN,NaN,NaN,NaN,NaN,NaN,0,0,0,0,0,0
45.845,NaN,NaN,NaN,NaN,NaN,NaN,0,0,0,0,0,0
45.85,NaN,NaN,NaN,NaN,NaN,NaN,0,0,0,0,0,0
45.855,NaN,NaN,NaN,NaN,NaN,NaN,0,0,0,0,0,0
45.86,NaN,NaN,NaN,NaN,NaN,NaN,0,0,0,0,0,0
45.865,NaN,NaN,NaN,NaN,NaN,NaN,0,0,0,0,0,0
45.87,NaN,NaN,NaN,NaN,NaN,NaN,0,0,0,0,0,0
45.875,NaN,NaN,NaN,NaN,NaN,NaN,0,0,0,0,0,0
45.88,NaN,NaN,NaN,NaN,NaN,NaN,0,0,0,0,0,0
45.885,NaN,NaN,NaN,NaN,NaN,NaN,0,0,0,0,0,0
45.89,NaN,NaN,NaN,NaN,NaN,NaN,0,0,0,0,0,0
45.895,NaN,NaN,NaN,NaN,NaN,NaN,0,0,0,0,0,0
45.9,NaN,NaN,NaN,NaN,NaN,NaN,0,0,0,0,0,0
45.905,NaN,NaN,NaN,NaN,NaN,NaN,0,0,0,0,0,0
45.91,NaN,NaN,NaN,NaN,NaN,NaN,0,0,0,0,0,0
45.915,NaN,NaN,NaN,NaN,NaN,NaN,0,0,0,0,0,0
45.92,NaN,NaN,NaN,NaN,NaN,NaN,0,0,0,0,0,0
45.925,NaN,NaN,NaN,NaN,NaN,NaN,0,0,0,0,0,0
45.93,NaN,NaN,NaN,NaN,NaN,NaN,0,0,0,0,0,0
45.935,NaN,NaN,NaN,NaN,NaN,NaN,0,0,0,0,0,0
45.94,NaN,NaN,NaN,NaN,NaN,NaN,0,0,0,0,0,0
45.945,NaN,NaN,NaN,NaN,NaN,NaN,0,0,0,0,0,0
45.95,NaN,NaN,NaN,NaN,NaN,NaN,0,0,0,0,0,0
45.955,NaN,NaN,NaN,NaN,NaN,NaN,0,0,0,0,0,0
45.96,NaN,NaN,NaN,NaN,NaN,NaN,0,0,0,0,0,0
45.965,NaN,NaN,NaN,NaN,NaN,NaN,0,0,0,0,0,0
45.97,NaN,NaN,NaN,NaN,NaN,NaN,0,0,0,0,0,0
45.975,NaN,NaN,NaN,NaN,NaN,NaN,0,0,0,0,0,0
45.98,NaN,NaN,NaN,NaN,NaN,NaN,0,0,0,0,0,0
45.985,NaN,NaN,NaN,NaN,NaN,NaN,0,0,0,0,0,0
45.99,NaN,NaN,NaN,NaN,NaN,NaN,0,0,0,0,0,0
45.995,NaN,NaN,NaN,NaN,NaN,NaN,0,0,0,0,0,0
46,NaN,NaN,NaN,NaN,NaN,NaN,0,0,0,0,0,0
46.005,NaN,NaN,NaN,NaN,NaN,NaN,0,0,0,0,0,0
46.01,NaN,NaN,NaN,NaN,NaN,NaN,0,0,0,0,0,0
46.015,NaN,NaN,NaN,NaN,NaN,NaN,0,0,0,0,0,0
46.02,NaN,NaN,NaN,NaN,NaN,NaN,0,0,0,0,0,0
46.025,NaN,NaN,NaN,NaN,NaN,NaN,0,0,0,0,0,0
46.03,NaN,NaN,NaN,NaN,NaN,NaN,0,0,0,0,0,0
46.035,NaN,NaN,NaN,NaN,NaN,NaN,0,0,0,0,0,0
46.04,NaN,NaN,NaN,NaN,NaN,NaN,0,0,0,0,0,0
46.045,NaN,NaN,NaN,NaN,NaN,NaN,0,0,0,0,0,0
46.05,NaN,NaN,NaN,NaN,NaN,NaN,0,0,0,0,0,0
46.055,NaN,NaN,NaN,NaN,NaN,NaN,0,0,0,0,0,0
46.06,NaN,NaN,NaN,NaN,NaN,NaN,0,0,0,0,0,0
46.065,NaN,NaN,NaN,NaN,NaN,NaN,0,0,0,0,0,0
46.07,NaN,NaN,NaN,NaN,NaN,NaN,0,0,0,0,0,0
46.075,NaN,NaN,NaN,NaN,NaN,NaN,0,0,0,0,0,0
46.08,NaN,NaN,NaN,NaN,NaN,NaN,0,0,0,0,0,0
46.085,NaN,NaN,NaN,NaN,NaN,NaN,0,0,0,0,0,0
46.09,NaN,NaN,NaN,NaN,NaN,NaN,0,0,0,0,0,0
46.095,NaN,NaN,NaN,NaN,NaN,NaN,0,0,0,0,0,0
46.1,NaN,NaN,NaN,NaN,NaN,NaN,0,0,0,0,0,0
46.105,NaN,NaN,NaN,NaN,NaN,NaN,0,0,0,0,0,0
46.11,NaN,NaN,NaN,NaN,NaN,NaN,0,0,0,0,0,0
46.115,NaN,NaN,NaN,NaN,NaN,NaN,0,0,0,0,0,0
46.12,NaN,NaN,NaN,NaN,NaN,NaN,0,0,0,0,0,0
46.125,NaN,NaN,NaN,NaN,NaN,NaN,0,0,0,0,0,0
46.13,NaN,NaN,NaN,NaN,NaN,NaN,0,0,0,0,0,0
46.135,NaN,NaN,NaN,NaN,NaN,NaN,0,0,0,0,0,0
46.14,NaN,NaN,NaN,NaN,NaN,NaN,0,0,0,0,0,0
46.145,NaN,NaN,NaN,NaN,NaN,NaN,0,0,0,0,0,0
46.15,NaN,NaN,NaN,NaN,NaN,NaN,0,0,0,0,0,0
46.155,NaN,NaN,NaN,NaN,NaN,NaN,0,0,0,0,0,0
46.16,NaN,NaN,NaN,NaN,NaN,NaN,0,0,0,0,0,0
46.165,NaN,NaN,NaN,NaN,NaN,NaN,0,0,0,0,0,0
46.17,NaN,NaN,NaN,NaN,NaN,NaN,0,0,0,0,0,0
46.175,NaN,NaN,NaN,NaN,NaN,NaN,0,0,0,0,0,0
46.18,NaN,NaN,NaN,NaN,NaN,NaN,0,0,0,0,0,0
46.185,NaN,NaN,NaN,NaN,NaN,NaN,0,0,0,0,0,0
46.19,NaN,NaN,NaN,NaN,NaN,NaN,0,0,0,0,0,0
46.195,NaN,NaN,NaN,NaN,NaN,NaN,0,0,0,0,0,0
46.2,NaN,NaN,NaN,NaN,NaN,NaN,0,0,0,0,0,0
46.205,NaN,NaN,NaN,NaN,NaN,NaN,0,0,0,0,0,0
46.21,NaN,NaN,NaN,NaN,NaN,NaN,0,0,0,0,0,0
46.215,NaN,NaN,NaN,NaN,NaN,NaN,25.7912,27.55,2.4376,0.4434,0,-1.2356
46.22,NaN,NaN,NaN,NaN,NaN,NaN,24.812,50.935,-6.9818,0.4278,0,-1.1966
46.225,NaN,NaN,NaN,NaN,NaN,NaN,22.8813,80.5078,-17.1739,0.4225,0,-1.1704
46.23,NaN,NaN,NaN,NaN,NaN,NaN,20.2741,114.668,-25.4367,0.4207,0,-1.153
46.235,NaN,NaN,NaN,NaN,NaN,NaN,17.4183,151.753,-29.224,0.4198,0,-1.1423
46.24,NaN,NaN,NaN,NaN,NaN,NaN,14.8506,190.705,-26.9049,0.4186,0,-1.1378
46.245,NaN,NaN,NaN,NaN,NaN,NaN,13.2052,231.429,-18.1638,0.4163,0,-1.1385
46.25,NaN,NaN,NaN,NaN,NaN,NaN,13.2406,274.625,-3.8898,0.4127,0,-1.1435
46.255,NaN,NaN,NaN,NaN,NaN,NaN,15.8401,321.148,14.3309,0.4081,0,-1.1511
46.26,NaN,NaN,NaN,NaN,NaN,NaN,21.8847,371.171,34.7931,0.4031,0,-1.1595
46.265,NaN,NaN,NaN,NaN,NaN,NaN,31.9353,423.569,56.0076,0.3983,0,-1.1671
46.27,NaN,NaN,NaN,NaN,NaN,NaN,45.7956,475.827,76.7075,0.3944,0,-1.1728
46.275,NaN,NaN,NaN,NaN,NaN,NaN,62.1893,524.541,95.7015,0.3915,0,-1.1762
46.28,NaN,NaN,NaN,NaN,NaN,NaN,78.8472,566.326,111.83,0.3896,0,-1.1774
46.285,NaN,NaN,NaN,NaN,NaN,NaN,93.1495,598.777,124.134,0.3884,0,-1.1767
46.29,NaN,NaN,NaN,NaN,NaN,NaN,103.124,621.164,132.124,0.3877,0,-1.1743
46.295,NaN,NaN,NaN,NaN,NaN,NaN,108.285,634.657,135.94,0.3871,0,-1.1705
46.3,NaN,NaN,NaN,NaN,NaN,NaN,109.791,642.058,136.299,0.3864,0,-1.1659
46.305,NaN,NaN,NaN,NaN,NaN,NaN,109.782,647.123,134.293,0.3858,0,-1.1606
46.31,NaN,NaN,NaN,NaN,NaN,NaN,110.306,653.688,131.135,0.3851,0,-1.1549
46.315,NaN,NaN,NaN,NaN,NaN,NaN,112.454,664.818,127.941,0.3844,0,-1.1493
46.32,NaN,NaN,NaN,NaN,NaN,NaN,116.185,682.195,125.561,0.3836,0,-1.1439
46.325,NaN,NaN,NaN,NaN,NaN,NaN,120.766,705.867,124.478,0.3828,0,-1.1389
46.33,NaN,NaN,NaN,NaN,NaN,NaN,125.416,734.399,124.779,0.3819,0,-1.1346
46.335,NaN,NaN,NaN,NaN,NaN,NaN,129.686,765.371,126.189,0.381,0,-1.1307
46.34,NaN,NaN,NaN,NaN,NaN,NaN,133.423,796.042,128.195,0.3803,0,-1.1271
46.345,NaN,NaN,NaN,NaN,NaN,NaN,136.507,823.979,130.196,0.3796,0,-1.1238
46.35,NaN,NaN,NaN,NaN,NaN,NaN,138.693,847.477,131.648,0.3791,0,-1.1205
46.355,NaN,NaN,NaN,NaN,NaN,NaN,139.713,865.685,132.166,0.3786,0,-1.1172
46.36,NaN,NaN,NaN,NaN,NaN,NaN,139.537,878.49,131.557,0.378,0,-1.1136
46.365,NaN,NaN,NaN,NaN,NaN,NaN,138.528,886.25,129.819,0.3773,0,-1.1099
46.37,NaN,NaN,NaN,NaN,NaN,NaN,137.315,889.526,127.097,0.3766,0,-1.1058
46.375,NaN,NaN,NaN,NaN,NaN,NaN,136.449,888.9,123.631,0.3758,0,-1.1016
46.38,NaN,NaN,NaN,NaN,NaN,NaN,136.108,884.906,119.678,0.375,0,-1.0972
46.385,NaN,NaN,NaN,NaN,NaN,NaN,136.058,878.058,115.446,0.3741,0,-1.0927
46.39,NaN,NaN,NaN,NaN,NaN,NaN,135.885,868.904,111.065,0.3732,0,-1.0882
46.395,NaN,NaN,NaN,NaN,NaN,NaN,135.295,858.06,106.601,0.3723,0,-1.0839
46.4,NaN,NaN,NaN,NaN,NaN,NaN,134.256,846.176,102.091,0.3713,0,-1.0797
46.405,NaN,NaN,NaN,NaN,NaN,NaN,132.911,833.841,97.5564,0.3704,0,-1.0757
46.41,NaN,NaN,NaN,NaN,NaN,NaN,131.386,821.481,93.008,0.3695,0,-1.0718
46.415,NaN,NaN,NaN,NaN,NaN,NaN,129.688,809.27,88.439,0.3685,0,-1.0681
46.42,NaN,NaN,NaN,NaN,NaN,NaN,127.759,797.137,83.8372,0.3676,0,-1.0644
46.425,NaN,NaN,NaN,NaN,NaN,NaN,125.629,784.834,79.2036,0.3666,0,-1.0608
46.43,NaN,NaN,NaN,NaN,NaN,NaN,123.484,772.069,74.5692,0.3657,0,-1.0572
46.435,NaN,NaN,NaN,NaN,NaN,NaN,121.575,758.64,70.0022,0.3648,0,-1.0535
46.44,NaN,NaN,NaN,NaN,NaN,NaN,120.024,744.526,65.6035,0.3639,0,-1.0498
46.445,NaN,NaN,NaN,NaN,NaN,NaN,118.692,729.91,61.4887,0.3631,0,-1.0462
46.45,NaN,NaN,NaN,NaN,NaN,NaN,117.236,715.118,57.7613,0.3622,0,-1.0425
46.455,NaN,NaN,NaN,NaN,NaN,NaN,115.332,700.525,54.4798,0.3613,0,-1.0389
46.46,NaN,NaN,NaN,NaN,NaN,NaN,112.905,686.441,51.6253,0.3604,0,-1.0353
46.465,NaN,NaN,NaN,NaN,NaN,NaN,110.219,673.045,49.0859,0.3594,0,-1.0315
46.47,NaN,NaN,NaN,NaN,NaN,NaN,107.74,660.376,46.6709,0.3586,0,-1.0276
46.475,NaN,NaN,NaN,NaN,NaN,NaN,105.886,648.384,44.1678,0.3578,0,-1.0234
46.48,NaN,NaN,NaN,NaN,NaN,NaN,104.796,637.01,41.4297,0.3573,0,-1.0188
46.485,NaN,NaN,NaN,NaN,NaN,NaN,104.28,626.247,38.4509,0.3569,0,-1.014
46.49,NaN,NaN,NaN,NaN,NaN,NaN,103.932,616.149,35.3768,0.3566,0,-1.0091
46.495,NaN,NaN,NaN,NaN,NaN,NaN,103.35,606.793,32.434,0.3562,0,-1.0045
46.5,NaN,NaN,NaN,NaN,NaN,NaN,102.319,598.213,29.8142,0.3559,0,-1.0003
46.505,NaN,NaN,NaN,NaN,NaN,NaN,100.877,590.363,27.58,0.3555,0,-0.9965
46.51,NaN,NaN,NaN,NaN,NaN,NaN,99.2477,583.144,25.6486,0.3552,0,-0.993
46.515,NaN,NaN,NaN,NaN,NaN,NaN,97.6981,576.455,23.8632,0.355,0,-0.9894
46.52,NaN,NaN,NaN,NaN,NaN,NaN,96.4039,570.267,22.0981,0.3549,0,-0.9855
46.525,NaN,NaN,NaN,NaN,NaN,NaN,95.3823,564.634,20.3212,0.355,0,-0.9812
46.53,NaN,NaN,NaN,NaN,NaN,NaN,94.5221,559.678,18.5758,0.3551,0,-0.9766
46.535,NaN,NaN,NaN,NaN,NaN,NaN,93.674,555.532,16.9139,0.3553,0,-0.9718
46.54,NaN,NaN,NaN,NaN,NaN,NaN,92.7391,552.311,15.3407,0.3555,0,-0.9668
46.545,NaN,NaN,NaN,NaN,NaN,NaN,91.7038,550.097,13.8088,0.3557,0,-0.9618
46.55,NaN,NaN,NaN,NaN,NaN,NaN,90.6106,548.964,12.2591,0.356,0,-0.9566
46.555,NaN,NaN,NaN,NaN,NaN,NaN,89.5,548.982,10.6717,0.3563,0,-0.9513
46.56,NaN,NaN,NaN,NaN,NaN,NaN,88.3747,550.215,9.0865,0.3566,0,-0.9461
46.565,NaN,NaN,NaN,NaN,NaN,NaN,87.2163,552.699,7.5783,0.357,0,-0.9409
46.57,NaN,NaN,NaN,NaN,NaN,NaN,86.04,556.412,6.2092,0.3574,0,-0.9358
46.575,NaN,NaN,NaN,NaN,NaN,NaN,84.9398,561.276,4.9931,0.3578,0,-0.9309
46.58,NaN,NaN,NaN,NaN,NaN,NaN,84.0776,567.167,3.8919,0.3583,0,-0.926
46.585,NaN,NaN,NaN,NaN,NaN,NaN,83.6116,573.954,2.8339,0.3589,0,-0.9211
46.59,NaN,NaN,NaN,NaN,NaN,NaN,83.6071,581.526,1.7352,0.3595,0,-0.9161
46.595,NaN,NaN,NaN,NaN,NaN,NaN,83.9892,589.813,0.5123,0.36,0,-0.911
46.6,NaN,NaN,NaN,NaN,NaN,NaN,84.5761,598.788,-0.914,0.3606,0,-0.9058
46.605,NaN,NaN,NaN,NaN,NaN,NaN,85.1751,608.461,-2.6213,0.3611,0,-0.9005
46.61,NaN,NaN,NaN,NaN,NaN,NaN,85.6816,618.852,-4.6888,0.3615,0,-0.8953
46.615,NaN,NaN,NaN,NaN,NaN,NaN,86.1222,629.978,-7.1914,0.3618,0,-0.8901
46.62,NaN,NaN,NaN,NaN,NaN,NaN,86.6256,641.836,-10.1826,0.3621,0,-0.8848
46.625,NaN,NaN,NaN,NaN,NaN,NaN,87.3477,654.391,-13.6739,0.3624,0,-0.8792
46.63,NaN,NaN,NaN,NaN,NaN,NaN,88.3999,667.589,-17.6211,0.3626,0,-0.8735
46.635,NaN,NaN,NaN,NaN,NaN,NaN,89.8166,681.35,-21.9287,0.3628,0,-0.8674
46.64,NaN,NaN,NaN,NaN,NaN,NaN,91.5672,695.587,-26.4748,0.3629,0,-0.8612
46.645,NaN,NaN,NaN,NaN,NaN,NaN,93.5928,710.209,-31.1467,0.363,0,-0.8549
46.65,NaN,NaN,NaN,NaN,NaN,NaN,95.8378,725.137,-35.8719,0.363,0,-0.8487
46.655,NaN,NaN,NaN,NaN,NaN,NaN,98.2573,740.308,-40.6273,0.363,0,-0.8426
46.66,NaN,NaN,NaN,NaN,NaN,NaN,100.805,755.67,-45.4285,0.3631,0,-0.8367
46.665,NaN,NaN,NaN,NaN,NaN,NaN,103.419,771.167,-50.3107,0.3631,0,-0.831
46.67,NaN,NaN,NaN,NaN,NaN,NaN,106.027,786.724,-55.3133,0.3632,0,-0.8255
46.675,NaN,NaN,NaN,NaN,NaN,NaN,108.564,802.221,-60.4715,0.3632,0,-0.8201
46.68,NaN,NaN,NaN,NaN,NaN,NaN,110.995,817.48,-65.8101,0.3633,0,-0.8147
46.685,NaN,NaN,NaN,NaN,NaN,NaN,113.311,832.267,-71.3354,0.3633,0,-0.8092
46.69,NaN,NaN,NaN,NaN,NaN,NaN,115.509,846.3,-77.0281,0.3634,0,-0.8038
46.695,NaN,NaN,NaN,NaN,NaN,NaN,117.557,859.28,-82.8421,0.3635,0,-0.7984
46.7,NaN,NaN,NaN,NaN,NaN,NaN,119.373,870.931,-88.7133,0.3637,0,-0.7929
46.705,NaN,NaN,NaN,NaN,NaN,NaN,120.848,881.034,-94.5775,0.3639,0,-0.7873
46.71,NaN,NaN,NaN,NaN,NaN,NaN,121.899,889.439,-100.388,0.3641,0,-0.7818
46.715,NaN,NaN,NaN,NaN,NaN,NaN,122.535,896.073,-106.126,0.3643,0,-0.7761
46.72,NaN,NaN,NaN,NaN,NaN,NaN,122.883,900.912,-111.795,0.3645,0,-0.7705
46.725,NaN,NaN,NaN,NaN,NaN,NaN,123.159,903.952,-117.416,0.3648,0,-0.7648
46.73,NaN,NaN,NaN,NaN,NaN,NaN,123.576,905.17,-123.013,0.365,0,-0.7591
46.735,NaN,NaN,NaN,NaN,NaN,NaN,124.248,904.494,-128.606,0.3654,0,-0.7534
46.74,NaN,NaN,NaN,NaN,NaN,NaN,125.13,901.776,-134.195,0.3658,0,-0.7477
46.745,NaN,NaN,NaN,NaN,NaN,NaN,126.016,896.803,-139.743,0.3662,0,-0.7421
46.75,NaN,NaN,NaN,NaN,NaN,NaN,126.604,889.323,-145.155,0.3668,0,-0.7365
46.755,NaN,NaN,NaN,NaN,NaN,NaN,126.581,879.11,-150.287,0.3673,0,-0.731
46.76,NaN,NaN,NaN,NaN,NaN,NaN,125.717,866.025,-154.972,0.3679,0,-0.7257
46.765,NaN,NaN,NaN,NaN,NaN,NaN,123.927,850.064,-159.072,0.3684,0,-0.7204
46.77,NaN,NaN,NaN,NaN,NaN,NaN,121.291,831.357,-162.527,0.369,0,-0.7152
46.775,NaN,NaN,NaN,NaN,NaN,NaN,118.029,810.118,-165.376,0.3695,0,-0.7101
46.78,NaN,NaN,NaN,NaN,NaN,NaN,114.43,786.534,-167.739,0.3701,0,-0.7049
46.785,NaN,NaN,NaN,NaN,NaN,NaN,110.74,760.631,-169.77,0.3708,0,-0.6995
46.79,NaN,NaN,NaN,NaN,NaN,NaN,107.053,732.152,-171.583,0.3715,0,-0.694
46.795,NaN,NaN,NaN,NaN,NaN,NaN,103.262,700.495,-173.165,0.3724,0,-0.6882
46.8,NaN,NaN,NaN,NaN,NaN,NaN,99.0989,664.758,-174.284,0.3733,0,-0.6823
46.805,NaN,NaN,NaN,NaN,NaN,NaN,94.2537,623.919,-174.427,0.3741,0,-0.6761
46.81,NaN,NaN,NaN,NaN,NaN,NaN,88.5323,577.125,-172.803,0.375,0,-0.6697
46.815,NaN,NaN,NaN,NaN,NaN,NaN,81.9685,524.031,-168.437,0.3758,0,-0.6632
46.82,NaN,NaN,NaN,NaN,NaN,NaN,74.8437,465.108,-160.36,0.3766,0,-0.6565
46.825,NaN,NaN,NaN,NaN,NaN,NaN,67.6078,401.811,-147.864,0.3774,0,-0.6497
46.83,NaN,NaN,NaN,NaN,NaN,NaN,60.7398,336.554,-130.782,0.3782,0,-0.6431
46.835,NaN,NaN,NaN,NaN,NaN,NaN,54.6155,272.439,-109.684,0.3793,0,-0.6368
46.84,NaN,NaN,NaN,NaN,NaN,NaN,49.4389,212.775,-85.9259,0.3806,0,-0.6318
46.845,NaN,NaN,NaN,NaN,NaN,NaN,45.2524,160.499,-61.458,0.3823,0,-0.6292
46.85,NaN,NaN,NaN,NaN,NaN,NaN,41.994,117.631,-38.4524,0.3846,0,-0.6313
46.855,NaN,NaN,NaN,NaN,NaN,NaN,39.5535,84.9362,-18.8479,0.3876,0,-0.6406
46.86,NaN,NaN,NaN,NaN,NaN,NaN,37.7988,61.8761,-3.9586,0.3913,0,-0.6589
46.865,NaN,NaN,NaN,NaN,NaN,NaN,36.5828,46.8587,5.7474,0.3953,0,-0.684
46.87,NaN,NaN,NaN,NaN,NaN,NaN,35.7538,37.6914,10.6505,0.3994,0,-0.7076
46.875,NaN,NaN,NaN,NaN,NaN,NaN,35.1768,32.0944,11.7778,0.4039,0,-0.7204
46.88,NaN,NaN,NaN,NaN,NaN,NaN,34.7517,28.1326,10.4712,0.4096,0,-0.7192
46.885,NaN,NaN,NaN,NaN,NaN,NaN,34.4156,24.4749,8.042,0.4185,0,-0.7069
46.89,NaN,NaN,NaN,NaN,NaN,NaN,34.1321,20.4619,5.5174,0.4331,0,-0.6879
46.895,NaN,NaN,NaN,NaN,NaN,NaN,0,0,0,0,0,0
46.9,NaN,NaN,NaN,NaN,NaN,NaN,0,0,0,0,0,0
46.905,NaN,NaN,NaN,NaN,NaN,NaN,0,0,0,0,0,0
46.91,NaN,NaN,NaN,NaN,NaN,NaN,0,0,0,0,0,0
46.915,NaN,NaN,NaN,NaN,NaN,NaN,0,0,0,0,0,0
46.92,NaN,NaN,NaN,NaN,NaN,NaN,0,0,0,0,0,0
46.925,NaN,NaN,NaN,NaN,NaN,NaN,0,0,0,0,0,0
46.93,NaN,NaN,NaN,NaN,NaN,NaN,0,0,0,0,0,0
46.935,NaN,NaN,NaN,NaN,NaN,NaN,0,0,0,0,0,0
46.94,NaN,NaN,NaN,NaN,NaN,NaN,0,0,0,0,0,0
46.945,NaN,NaN,NaN,NaN,NaN,NaN,0,0,0,0,0,0
46.95,NaN,NaN,NaN,NaN,NaN,NaN,0,0,0,0,0,0
46.955,NaN,NaN,NaN,NaN,NaN,NaN,0,0,0,0,0,0
46.96,NaN,NaN,NaN,NaN,NaN,NaN,0,0,0,0,0,0
46.965,NaN,NaN,NaN,NaN,NaN,NaN,0,0,0,0,0,0
46.97,NaN,NaN,NaN,NaN,NaN,NaN,0,0,0,0,0,0
46.975,NaN,NaN,NaN,NaN,NaN,NaN,0,0,0,0,0,0
46.98,NaN,NaN,NaN,NaN,NaN,NaN,0,0,0,0,0,0
46.985,NaN,NaN,NaN,NaN,NaN,NaN,0,0,0,0,0,0
46.99,NaN,NaN,NaN,NaN,NaN,NaN,0,0,0,0,0,0
46.995,NaN,NaN,NaN,NaN,NaN,NaN,0,0,0,0,0,0
47,NaN,NaN,NaN,NaN,NaN,NaN,0,0,0,0,0,0
47.005,NaN,NaN,NaN,NaN,NaN,NaN,0,0,0,0,0,0
47.01,NaN,NaN,NaN,NaN,NaN,NaN,0,0,0,0,0,0
47.015,NaN,NaN,NaN,NaN,NaN,NaN,0,0,0,0,0,0
47.02,NaN,NaN,NaN,NaN,NaN,NaN,0,0,0,0,0,0
47.025,NaN,NaN,NaN,NaN,NaN,NaN,0,0,0,0,0,0
47.03,NaN,NaN,NaN,NaN,NaN,NaN,0,0,0,0,0,0
47.035,NaN,NaN,NaN,NaN,NaN,NaN,0,0,0,0,0,0
47.04,NaN,NaN,NaN,NaN,NaN,NaN,0,0,0,0,0,0
47.045,NaN,NaN,NaN,NaN,NaN,NaN,0,0,0,0,0,0
47.05,NaN,NaN,NaN,NaN,NaN,NaN,0,0,0,0,0,0
47.055,NaN,NaN,NaN,NaN,NaN,NaN,0,0,0,0,0,0
47.06,NaN,NaN,NaN,NaN,NaN,NaN,0,0,0,0,0,0
47.065,NaN,NaN,NaN,NaN,NaN,NaN,0,0,0,0,0,0
47.07,NaN,NaN,NaN,NaN,NaN,NaN,0,0,0,0,0,0
47.075,NaN,NaN,NaN,NaN,NaN,NaN,0,0,0,0,0,0
47.08,NaN,NaN,NaN,NaN,NaN,NaN,0,0,0,0,0,0
47.085,NaN,NaN,NaN,NaN,NaN,NaN,0,0,0,0,0,0
47.09,NaN,NaN,NaN,NaN,NaN,NaN,0,0,0,0,0,0
47.095,NaN,NaN,NaN,NaN,NaN,NaN,0,0,0,0,0,0
47.1,NaN,NaN,NaN,NaN,NaN,NaN,0,0,0,0,0,0
47.105,NaN,NaN,NaN,NaN,NaN,NaN,0,0,0,0,0,0
47.11,NaN,NaN,NaN,NaN,NaN,NaN,0,0,0,0,0,0
47.115,NaN,NaN,NaN,NaN,NaN,NaN,0,0,0,0,0,0
47.12,NaN,NaN,NaN,NaN,NaN,NaN,0,0,0,0,0,0
47.125,NaN,NaN,NaN,NaN,NaN,NaN,0,0,0,0,0,0
47.13,NaN,NaN,NaN,NaN,NaN,NaN,0,0,0,0,0,0
47.135,NaN,NaN,NaN,NaN,NaN,NaN,0,0,0,0,0,0
47.14,NaN,NaN,NaN,NaN,NaN,NaN,0,0,0,0,0,0
47.145,NaN,NaN,NaN,NaN,NaN,NaN,0,0,0,0,0,0
47.15,NaN,NaN,NaN,NaN,NaN,NaN,0,0,0,0,0,0
47.155,NaN,NaN,NaN,NaN,NaN,NaN,0,0,0,0,0,0
47.16,NaN,NaN,NaN,NaN,NaN,NaN,0,0,0,0,0,0
47.165,NaN,NaN,NaN,NaN,NaN,NaN,0,0,0,0,0,0
47.17,NaN,NaN,NaN,NaN,NaN,NaN,0,0,0,0,0,0
47.175,NaN,NaN,NaN,NaN,NaN,NaN,0,0,0,0,0,0
47.18,NaN,NaN,NaN,NaN,NaN,NaN,0,0,0,0,0,0
47.185,NaN,NaN,NaN,NaN,NaN,NaN,0,0,0,0,0,0
47.19,NaN,NaN,NaN,NaN,NaN,NaN,0,0,0,0,0,0
47.195,NaN,NaN,NaN,NaN,NaN,NaN,0,0,0,0,0,0
47.2,NaN,NaN,NaN,NaN,NaN,NaN,0,0,0,0,0,0
47.205,NaN,NaN,NaN,NaN,NaN,NaN,0,0,0,0,0,0
47.21,NaN,NaN,NaN,NaN,NaN,NaN,0,0,0,0,0,0
47.215,NaN,NaN,NaN,NaN,NaN,NaN,0,0,0,0,0,0
47.22,NaN,NaN,NaN,NaN,NaN,NaN,0,0,0,0,0,0
47.225,NaN,NaN,NaN,NaN,NaN,NaN,0,0,0,0,0,0
47.23,NaN,NaN,NaN,NaN,NaN,NaN,0,0,0,0,0,0
47.235,NaN,NaN,NaN,NaN,NaN,NaN,0,0,0,0,0,0
47.24,NaN,NaN,NaN,NaN,NaN,NaN,0,0,0,0,0,0
47.245,NaN,NaN,NaN,NaN,NaN,NaN,0,0,0,0,0,0
47.25,NaN,NaN,NaN,NaN,NaN,NaN,0,0,0,0,0,0
47.255,NaN,NaN,NaN,NaN,NaN,NaN,0,0,0,0,0,0
47.26,NaN,NaN,NaN,NaN,NaN,NaN,0,0,0,0,0,0
47.265,NaN,NaN,NaN,NaN,NaN,NaN,0,0,0,0,0,0
47.27,NaN,NaN,NaN,NaN,NaN,NaN,0,0,0,0,0,0
47.275,NaN,NaN,NaN,NaN,NaN,NaN,0,0,0,0,0,0
47.28,NaN,NaN,NaN,NaN,NaN,NaN,0,0,0,0,0,0
47.285,NaN,NaN,NaN,NaN,NaN,NaN,0,0,0,0,0,0
47.29,NaN,NaN,NaN,NaN,NaN,NaN,0,0,0,0,0,0
47.295,NaN,NaN,NaN,NaN,NaN,NaN,0,0,0,0,0,0
47.3,NaN,NaN,NaN,NaN,NaN,NaN,35.9059,25.186,6.5736,0.4687,0,-1.2237
47.305,NaN,NaN,NaN,NaN,NaN,NaN,36.3196,46.7304,-3.4409,0.4478,0,-1.207
47.31,NaN,NaN,NaN,NaN,NaN,NaN,35.5196,74.3957,-15.8154,0.4397,0,-1.1874
47.315,NaN,NaN,NaN,NaN,NaN,NaN,33.1943,107.154,-27.5063,0.4358,0,-1.17
47.32,NaN,NaN,NaN,NaN,NaN,NaN,29.4452,144.096,-35.0508,0.4333,0,-1.1568
47.325,NaN,NaN,NaN,NaN,NaN,NaN,24.8829,185.031,-35.5806,0.4309,0,-1.149
47.33,NaN,NaN,NaN,NaN,NaN,NaN,20.5706,230.676,-27.6524,0.4279,0,-1.147
47.335,NaN,NaN,NaN,NaN,NaN,NaN,17.8172,282.236,-11.5688,0.4242,0,-1.1499
47.34,NaN,NaN,NaN,NaN,NaN,NaN,17.8758,340.436,10.8811,0.4202,0,-1.156
47.345,NaN,NaN,NaN,NaN,NaN,NaN,21.6169,404.44,37.0392,0.4163,0,-1.1632
47.35,NaN,NaN,NaN,NaN,NaN,NaN,29.2295,471.18,64.0042,0.413,0,-1.1697
47.355,NaN,NaN,NaN,NaN,NaN,NaN,40.0193,535.508,89.0359,0.4104,0,-1.1749
47.36,NaN,NaN,NaN,NaN,NaN,NaN,52.4207,591.229,109.765,0.4086,0,-1.1782
47.365,NaN,NaN,NaN,NaN,NaN,NaN,64.352,632.727,124.394,0.4075,0,-1.1799
47.37,NaN,NaN,NaN,NaN,NaN,NaN,73.9097,656.645,131.996,0.4067,0,-1.1799
47.375,NaN,NaN,NaN,NaN,NaN,NaN,80.1451,663.041,132.818,0.4061,0,-1.1785
47.38,NaN,NaN,NaN,NaN,NaN,NaN,83.4883,655.583,128.345,0.4054,0,-1.1756
47.385,NaN,NaN,NaN,NaN,NaN,NaN,85.5082,640.671,121.01,0.4044,0,-1.1717
47.39,NaN,NaN,NaN,NaN,NaN,NaN,88.084,625.757,113.569,0.4031,0,-1.167
47.395,NaN,NaN,NaN,NaN,NaN,NaN,92.4646,617.432,108.421,0.4014,0,-1.1622
47.4,NaN,NaN,NaN,NaN,NaN,NaN,98.7679,619.917,107.102,0.3994,0,-1.158
47.405,NaN,NaN,NaN,NaN,NaN,NaN,106.162,634.423,110.088,0.3973,0,-1.1547
47.41,NaN,NaN,NaN,NaN,NaN,NaN,113.501,659.45,116.896,0.3952,0,-1.1525
47.415,NaN,NaN,NaN,NaN,NaN,NaN,119.938,691.797,126.357,0.3934,0,-1.1511
47.42,NaN,NaN,NaN,NaN,NaN,NaN,125.132,727.8,136.962,0.392,0,-1.1502
47.425,NaN,NaN,NaN,NaN,NaN,NaN,129.057,764.359,147.189,0.3911,0,-1.1493
47.43,NaN,NaN,NaN,NaN,NaN,NaN,131.68,799.446,155.77,0.3904,0,-1.1481
47.435,NaN,NaN,NaN,NaN,NaN,NaN,132.838,832.077,161.871,0.3899,0,-1.1464
47.44,NaN,NaN,NaN,NaN,NaN,NaN,132.397,861.897,165.167,0.3895,0,-1.1439
47.445,NaN,NaN,NaN,NaN,NaN,NaN,130.504,888.672,165.81,0.389,0,-1.1407
47.45,NaN,NaN,NaN,NaN,NaN,NaN,127.68,911.925,164.304,0.3885,0,-1.137
47.455,NaN,NaN,NaN,NaN,NaN,NaN,124.652,930.858,161.313,0.388,0,-1.1328
47.46,NaN,NaN,NaN,NaN,NaN,NaN,122.029,944.546,157.493,0.3875,0,-1.1283
47.465,NaN,NaN,NaN,NaN,NaN,NaN,120.07,952.277,153.381,0.387,0,-1.1237
47.47,NaN,NaN,NaN,NaN,NaN,NaN,118.693,953.854,149.355,0.3865,0,-1.1193
47.475,NaN,NaN,NaN,NaN,NaN,NaN,117.661,949.732,145.631,0.386,0,-1.1149
47.48,NaN,NaN,NaN,NaN,NaN,NaN,116.797,940.948,142.278,0.3854,0,-1.1109
47.485,NaN,NaN,NaN,NaN,NaN,NaN,116.053,928.887,139.24,0.3848,0,-1.1071
47.49,NaN,NaN,NaN,NaN,NaN,NaN,115.424,914.98,136.375,0.3842,0,-1.1035
47.495,NaN,NaN,NaN,NaN,NaN,NaN,114.847,900.445,133.505,0.3835,0,-1.0999
47.5,NaN,NaN,NaN,NaN,NaN,NaN,114.181,886.12,130.459,0.3828,0,-1.0964
47.505,NaN,NaN,NaN,NaN,NaN,NaN,113.309,872.414,127.11,0.3821,0,-1.0927
47.51,NaN,NaN,NaN,NaN,NaN,NaN,112.241,859.367,123.385,0.3814,0,-1.0888
47.515,NaN,NaN,NaN,NaN,NaN,NaN,111.112,846.774,119.278,0.3808,0,-1.0846
47.52,NaN,NaN,NaN,NaN,NaN,NaN,110.069,834.323,114.843,0.3802,0,-1.0801
47.525,NaN,NaN,NaN,NaN,NaN,NaN,109.133,821.71,110.181,0.3798,0,-1.0755
47.53,NaN,NaN,NaN,NaN,NaN,NaN,108.159,808.72,105.408,0.3794,0,-1.0708
47.535,NaN,NaN,NaN,NaN,NaN,NaN,106.935,795.248,100.627,0.3791,0,-1.066
47.54,NaN,NaN,NaN,NaN,NaN,NaN,105.334,781.297,95.91,0.3788,0,-1.0612
47.545,NaN,NaN,NaN,NaN,NaN,NaN,103.398,766.949,91.2966,0.3785,0,-1.0564
47.55,NaN,NaN,NaN,NaN,NaN,NaN,101.288,752.335,86.8097,0.3781,0,-1.0515
47.555,NaN,NaN,NaN,NaN,NaN,NaN,99.1579,737.596,82.4622,0.3778,0,-1.0466
47.56,NaN,NaN,NaN,NaN,NaN,NaN,97.0475,722.862,78.2572,0.3775,0,-1.0417
47.565,NaN,NaN,NaN,NaN,NaN,NaN,94.9045,708.232,74.1864,0.3771,0,-1.0367
47.57,NaN,NaN,NaN,NaN,NaN,NaN,92.6942,693.763,70.2277,0.3767,0,-1.0318
47.575,NaN,NaN,NaN,NaN,NaN,NaN,90.503,679.471,66.3414,0.3763,0,-1.0268
47.58,NaN,NaN,NaN,NaN,NaN,NaN,88.5353,665.348,62.4663,0.3759,0,-1.0218
47.585,NaN,NaN,NaN,NaN,NaN,NaN,86.9962,651.396,58.529,0.3756,0,-1.0167
47.59,NaN,NaN,NaN,NaN,NaN,NaN,85.9446,637.659,54.4744,0.3753,0,-1.0113
47.595,NaN,NaN,NaN,NaN,NaN,NaN,85.223,624.26,50.3077,0.3752,0,-1.0057
47.6,NaN,NaN,NaN,NaN,NaN,NaN,84.5162,611.387,46.1219,0.3751,0,-0.9998
47.605,NaN,NaN,NaN,NaN,NaN,NaN,83.5033,599.25,42.0793,0.3749,0,-0.9937
47.61,NaN,NaN,NaN,NaN,NaN,NaN,82.0168,588.013,38.3445,0.3746,0,-0.9877
47.615,NaN,NaN,NaN,NaN,NaN,NaN,80.1279,577.733,35.0023,0.3742,0,-0.9818
47.62,NaN,NaN,NaN,NaN,NaN,NaN,78.1198,568.353,32.0162,0.3738,0,-0.976
47.625,NaN,NaN,NaN,NaN,NaN,NaN,76.368,559.74,29.2574,0.3735,0,-0.9703
47.63,NaN,NaN,NaN,NaN,NaN,NaN,75.1836,551.752,26.5871,0.3733,0,-0.9646
47.635,NaN,NaN,NaN,NaN,NaN,NaN,74.6869,544.303,23.9358,0.3732,0,-0.9588
47.64,NaN,NaN,NaN,NaN,NaN,NaN,74.7667,537.392,21.3313,0.3732,0,-0.953
47.645,NaN,NaN,NaN,NaN,NaN,NaN,75.1382,531.082,18.8646,0.3733,0,-0.9472
47.65,NaN,NaN,NaN,NaN,NaN,NaN,75.4736,525.452,16.6225,0.3734,0,-0.9415
47.655,NaN,NaN,NaN,NaN,NaN,NaN,75.5393,520.558,14.631,0.3735,0,-0.936
47.66,NaN,NaN,NaN,NaN,NaN,NaN,75.2749,516.411,12.8391,0.3735,0,-0.9307
47.665,NaN,NaN,NaN,NaN,NaN,NaN,74.7833,512.994,11.1441,0.3735,0,-0.9254
47.67,NaN,NaN,NaN,NaN,NaN,NaN,74.2474,510.288,9.435,0.3736,0,-0.9201
47.675,NaN,NaN,NaN,NaN,NaN,NaN,73.8296,508.316,7.6254,0.3737,0,-0.9148
47.68,NaN,NaN,NaN,NaN,NaN,NaN,73.6089,507.148,5.6658,0.3739,0,-0.9094
47.685,NaN,NaN,NaN,NaN,NaN,NaN,73.5754,506.907,3.5423,0.3742,0,-0.9039
47.69,NaN,NaN,NaN,NaN,NaN,NaN,73.6659,507.743,1.269,0.3746,0,-0.8983
47.695,NaN,NaN,NaN,NaN,NaN,NaN,73.8056,509.81,-1.1215,0.3749,0,-0.8927
47.7,NaN,NaN,NaN,NaN,NaN,NaN,73.9288,513.235,-3.5906,0.3753,0,-0.8869
47.705,NaN,NaN,NaN,NaN,NaN,NaN,73.981,518.097,-6.1075,0.3757,0,-0.8811
47.71,NaN,NaN,NaN,NaN,NaN,NaN,73.9217,524.417,-8.6592,0.376,0,-0.8752
47.715,NaN,NaN,NaN,NaN,NaN,NaN,73.7393,532.163,-11.2526,0.3764,0,-0.8693
47.72,NaN,NaN,NaN,NaN,NaN,NaN,73.4727,541.27,-13.9079,0.3767,0,-0.8633
47.725,NaN,NaN,NaN,NaN,NaN,NaN,73.2172,551.665,-16.6498,0.3771,0,-0.8574
47.73,NaN,NaN,NaN,NaN,NaN,NaN,73.1029,563.289,-19.5046,0.3775,0,-0.8515
47.735,NaN,NaN,NaN,NaN,NaN,NaN,73.2502,576.113,-22.5046,0.3779,0,-0.8457
47.74,NaN,NaN,NaN,NaN,NaN,NaN,73.7248,590.139,-25.6935,0.3783,0,-0.8401
47.745,NaN,NaN,NaN,NaN,NaN,NaN,74.5139,605.381,-29.129,0.3788,0,-0.8346
47.75,NaN,NaN,NaN,NaN,NaN,NaN,75.537,621.851,-32.8798,0.3792,0,-0.8291
47.755,NaN,NaN,NaN,NaN,NaN,NaN,76.6856,639.529,-37.0162,0.3796,0,-0.8235
47.76,NaN,NaN,NaN,NaN,NaN,NaN,77.8742,658.354,-41.5929,0.38,0,-0.8178
47.765,NaN,NaN,NaN,NaN,NaN,NaN,79.0782,678.218,-46.6286,0.3803,0,-0.812
47.77,NaN,NaN,NaN,NaN,NaN,NaN,80.3399,698.979,-52.0947,0.3806,0,-0.8061
47.775,NaN,NaN,NaN,NaN,NaN,NaN,81.7435,720.469,-57.918,0.3809,0,-0.8002
47.78,NaN,NaN,NaN,NaN,NaN,NaN,83.3718,742.511,-63.9961,0.3811,0,-0.7942
47.785,NaN,NaN,NaN,NaN,NaN,NaN,85.2661,764.909,-70.2195,0.3815,0,-0.7883
47.79,NaN,NaN,NaN,NaN,NaN,NaN,87.4014,787.437,-76.4958,0.3818,0,-0.7825
47.795,NaN,NaN,NaN,NaN,NaN,NaN,89.6799,809.819,-82.7705,0.3822,0,-0.7767
47.8,NaN,NaN,NaN,NaN,NaN,NaN,91.9428,831.712,-89.0358,0.3825,0,-0.771
47.805,NaN,NaN,NaN,NaN,NaN,NaN,93.9994,852.714,-95.325,0.3828,0,-0.7654
47.81,NaN,NaN,NaN,NaN,NaN,NaN,95.67,872.397,-101.698,0.3832,0,-0.7598
47.815,NaN,NaN,NaN,NaN,NaN,NaN,96.832,890.351,-108.224,0.3835,0,-0.7542
47.82,NaN,NaN,NaN,NaN,NaN,NaN,97.4525,906.237,-114.963,0.3838,0,-0.7487
47.825,NaN,NaN,NaN,NaN,NaN,NaN,97.5968,919.817,-121.948,0.3841,0,-0.743
47.83,NaN,NaN,NaN,NaN,NaN,NaN,97.4118,930.973,-129.153,0.3845,0,-0.7374
47.835,NaN,NaN,NaN,NaN,NaN,NaN,97.0894,939.697,-136.478,0.3849,0,-0.7317
47.84,NaN,NaN,NaN,NaN,NaN,NaN,96.8172,946.053,-143.731,0.3854,0,-0.726
47.845,NaN,NaN,NaN,NaN,NaN,NaN,96.7245,950.116,-150.666,0.3859,0,-0.7203
47.85,NaN,NaN,NaN,NaN,NaN,NaN,96.8415,951.916,-157.041,0.3864,0,-0.7146
47.855,NaN,NaN,NaN,NaN,NaN,NaN,97.084,951.411,-162.704,0.3869,0,-0.7089
47.86,NaN,NaN,NaN,NaN,NaN,NaN,97.2748,948.498,-167.665,0.3873,0,-0.7032
47.865,NaN,NaN,NaN,NaN,NaN,NaN,97.1977,943.071,-172.122,0.3877,0,-0.6974
47.87,NaN,NaN,NaN,NaN,NaN,NaN,96.666,935.092,-176.424,0.3881,0,-0.6918
47.875,NaN,NaN,NaN,NaN,NaN,NaN,95.5833,924.642,-180.973,0.3886,0,-0.6865
47.88,NaN,NaN,NaN,NaN,NaN,NaN,93.9743,911.912,-186.073,0.3893,0,-0.6818
47.885,NaN,NaN,NaN,NaN,NaN,NaN,91.971,897.137,-191.766,0.3903,0,-0.6781
47.89,NaN,NaN,NaN,NaN,NaN,NaN,89.7495,880.476,-197.691,0.3917,0,-0.6755
47.895,NaN,NaN,NaN,NaN,NaN,NaN,87.4329,861.884,-203.032,0.3936,0,-0.6739
47.9,NaN,NaN,NaN,NaN,NaN,NaN,84.9907,841.046,-206.604,0.3958,0,-0.6733
47.905,NaN,NaN,NaN,NaN,NaN,NaN,82.1817,817.384,-207.103,0.3984,0,-0.6735
47.91,NaN,NaN,NaN,NaN,NaN,NaN,78.5844,790.132,-203.463,0.4012,0,-0.6744
47.915,NaN,NaN,NaN,NaN,NaN,NaN,73.7408,758.437,-195.181,0.4043,0,-0.676
47.92,NaN,NaN,NaN,NaN,NaN,NaN,67.3873,721.456,-182.492,0.4076,0,-0.6786
47.925,NaN,NaN,NaN,NaN,NaN,NaN,59.6834,678.488,-166.286,0.4112,0,-0.6827
47.93,NaN,NaN,NaN,NaN,NaN,NaN,51.3134,629.137,-147.808,0.4151,0,-0.6887
47.935,NaN,NaN,NaN,NaN,NaN,NaN,43.363,573.543,-128.268,0.4195,0,-0.6969
47.94,NaN,NaN,NaN,NaN,NaN,NaN,36.9724,512.614,-108.517,0.4245,0,-0.7079
47.945,NaN,NaN,NaN,NaN,NaN,NaN,32.8973,448.175,-88.9511,0.4305,0,-0.722
47.95,NaN,NaN,NaN,NaN,NaN,NaN,31.1929,382.911,-69.6363,0.4375,0,-0.7394
47.955,NaN,NaN,NaN,NaN,NaN,NaN,31.193,320.049,-50.595,0.4458,0,-0.7607
47.96,NaN,NaN,NaN,NaN,NaN,NaN,31.8114,262.815,-32.0807,0.4555,0,-0.7859
47.965,NaN,NaN,NaN,NaN,NaN,NaN,32.0175,213.8,-14.6881,0.4661,0,-0.8143
47.97,NaN,NaN,NaN,NaN,NaN,NaN,31.2462,174.438,0.7686,0.4769,0,-0.8441
47.975,NaN,NaN,NaN,NaN,NaN,NaN,29.5448,144.785,13.5301,0.4868,0,-0.8716
47.98,NaN,NaN,NaN,NaN,NaN,NaN,27.4129,123.645,23.1591,0.4947,0,-0.8927
47.985,NaN,NaN,NaN,NaN,NaN,NaN,25.4632,108.997,29.663,0.5003,0,-0.9054
47.99,NaN,NaN,NaN,NaN,NaN,NaN,24.1137,98.5575,33.4433,0.5046,0,-0.911
47.995,NaN,NaN,NaN,NaN,NaN,NaN,23.4697,90.3031,35.1339,0.509,0,-0.9133
48,NaN,NaN,NaN,NaN,NaN,NaN,23.4043,82.8229,35.4276,0.515,0,-0.9164
48.005,NaN,NaN,NaN,NaN,NaN,NaN,23.7244,75.4296,34.9518,0.5235,0,-0.9232
48.01,NaN,NaN,NaN,NaN,NaN,NaN,24.2835,68.05,34.1997,0.5348,0,-0.9353
48.015,NaN,NaN,NaN,NaN,NaN,NaN,24.992,60.9789,33.4892,0.5487,0,-0.9529
48.02,NaN,NaN,NaN,NaN,NaN,NaN,25.7739,54.6054,32.9416,0.564,0,-0.9743
48.025,NaN,NaN,NaN,NaN,NaN,NaN,26.5481,49.1936,32.4913,0.5787,0,-0.9963
48.03,NaN,NaN,NaN,NaN,NaN,NaN,27.2616,44.7628,31.9406,0.5909,0,-1.0152
48.035,NaN,NaN,NaN,NaN,NaN,NaN,27.9338,41.0791,31.0442,0.5993,0,-1.0282
48.04,NaN,NaN,NaN,NaN,NaN,NaN,28.6566,37.7431,29.5942,0.6045,0,-1.0348
48.045,NaN,NaN,NaN,NaN,NaN,NaN,29.5404,34.3298,27.4771,0.6083,0,-1.0363
48.05,NaN,NaN,NaN,NaN,NaN,NaN,30.6506,30.526,24.6966,0.6133,0,-1.0353
48.055,NaN,NaN,NaN,NaN,NaN,NaN,31.9807,26.2191,21.3735,0.6223,0,-1.0337
48.06,NaN,NaN,NaN,NaN,NaN,NaN,33.4701,21.5131,17.7269,0.6388,0,-1.0326
48.065,NaN,NaN,NaN,NaN,NaN,NaN,0,0,0,0,0,0
48.07,NaN,NaN,NaN,NaN,NaN,NaN,0,0,0,0,0,0
48.075,NaN,NaN,NaN,NaN,NaN,NaN,0,0,0,0,0,0
48.08,NaN,NaN,NaN,NaN,NaN,NaN,0,0,0,0,0,0
48.085,NaN,NaN,NaN,NaN,NaN,NaN,0,0,0,0,0,0
48.09,NaN,NaN,NaN,NaN,NaN,NaN,0,0,0,0,0,0
48.095,NaN,NaN,NaN,NaN,NaN,NaN,0,0,0,0,0,0
48.1,NaN,NaN,NaN,NaN,NaN,NaN,0,0,0,0,0,0
48.105,NaN,NaN,NaN,NaN,NaN,NaN,0,0,0,0,0,0
48.11,NaN,NaN,NaN,NaN,NaN,NaN,0,0,0,0,0,0
48.115,NaN,NaN,NaN,NaN,NaN,NaN,0,0,0,0,0,0
48.12,NaN,NaN,NaN,NaN,NaN,NaN,0,0,0,0,0,0
48.125,NaN,NaN,NaN,NaN,NaN,NaN,0,0,0,0,0,0
48.13,NaN,NaN,NaN,NaN,NaN,NaN,0,0,0,0,0,0
48.135,NaN,NaN,NaN,NaN,NaN,NaN,0,0,0,0,0,0
48.14,NaN,NaN,NaN,NaN,NaN,NaN,0,0,0,0,0,0
48.145,NaN,NaN,NaN,NaN,NaN,NaN,0,0,0,0,0,0
48.15,NaN,NaN,NaN,NaN,NaN,NaN,0,0,0,0,0,0
48.155,NaN,NaN,NaN,NaN,NaN,NaN,0,0,0,0,0,0
48.16,NaN,NaN,NaN,NaN,NaN,NaN,0,0,0,0,0,0
48.165,NaN,NaN,NaN,NaN,NaN,NaN,0,0,0,0,0,0
48.17,NaN,NaN,NaN,NaN,NaN,NaN,0,0,0,0,0,0
48.175,NaN,NaN,NaN,NaN,NaN,NaN,0,0,0,0,0,0
48.18,NaN,NaN,NaN,NaN,NaN,NaN,0,0,0,0,0,0
48.185,NaN,NaN,NaN,NaN,NaN,NaN,0,0,0,0,0,0
48.19,NaN,NaN,NaN,NaN,NaN,NaN,0,0,0,0,0,0
48.195,NaN,NaN,NaN,NaN,NaN,NaN,0,0,0,0,0,0
48.2,NaN,NaN,NaN,NaN,NaN,NaN,0,0,0,0,0,0
48.205,NaN,NaN,NaN,NaN,NaN,NaN,0,0,0,0,0,0
48.21,NaN,NaN,NaN,NaN,NaN,NaN,0,0,0,0,0,0
48.215,NaN,NaN,NaN,NaN,NaN,NaN,0,0,0,0,0,0
48.22,NaN,NaN,NaN,NaN,NaN,NaN,0,0,0,0,0,0
48.225,NaN,NaN,NaN,NaN,NaN,NaN,0,0,0,0,0,0
48.23,NaN,NaN,NaN,NaN,NaN,NaN,0,0,0,0,0,0
48.235,NaN,NaN,NaN,NaN,NaN,NaN,0,0,0,0,0,0
48.24,NaN,NaN,NaN,NaN,NaN,NaN,0,0,0,0,0,0
48.245,NaN,NaN,NaN,NaN,NaN,NaN,0,0,0,0,0,0
48.25,NaN,NaN,NaN,NaN,NaN,NaN,0,0,0,0,0,0
48.255,NaN,NaN,NaN,NaN,NaN,NaN,0,0,0,0,0,0
48.26,NaN,NaN,NaN,NaN,NaN,NaN,0,0,0,0,0,0
48.265,NaN,NaN,NaN,NaN,NaN,NaN,0,0,0,0,0,0
48.27,NaN,NaN,NaN,NaN,NaN,NaN,0,0,0,0,0,0
48.275,NaN,NaN,NaN,NaN,NaN,NaN,0,0,0,0,0,0
48.28,NaN,NaN,NaN,NaN,NaN,NaN,0,0,0,0,0,0
48.285,NaN,NaN,NaN,NaN,NaN,NaN,0,0,0,0,0,0
48.29,NaN,NaN,NaN,NaN,NaN,NaN,0,0,0,0,0,0
48.295,NaN,NaN,NaN,NaN,NaN,NaN,0,0,0,0,0,0
48.3,NaN,NaN,NaN,NaN,NaN,NaN,0,0,0,0,0,0
48.305,NaN,NaN,NaN,NaN,NaN,NaN,0,0,0,0,0,0
48.31,NaN,NaN,NaN,NaN,NaN,NaN,0,0,0,0,0,0
48.315,NaN,NaN,NaN,NaN,NaN,NaN,0,0,0,0,0,0
48.32,NaN,NaN,NaN,NaN,NaN,NaN,0,0,0,0,0,0
48.325,NaN,NaN,NaN,NaN,NaN,NaN,0,0,0,0,0,0
48.33,NaN,NaN,NaN,NaN,NaN,NaN,0,0,0,0,0,0
48.335,NaN,NaN,NaN,NaN,NaN,NaN,0,0,0,0,0,0
48.34,NaN,NaN,NaN,NaN,NaN,NaN,0,0,0,0,0,0
48.345,NaN,NaN,NaN,NaN,NaN,NaN,0,0,0,0,0,0
48.35,NaN,NaN,NaN,NaN,NaN,NaN,0,0,0,0,0,0
48.355,NaN,NaN,NaN,NaN,NaN,NaN,0,0,0,0,0,0
48.36,NaN,NaN,NaN,NaN,NaN,NaN,0,0,0,0,0,0
48.365,NaN,NaN,NaN,NaN,NaN,NaN,0,0,0,0,0,0
48.37,NaN,NaN,NaN,NaN,NaN,NaN,0,0,0,0,0,0
48.375,NaN,NaN,NaN,NaN,NaN,NaN,0,0,0,0,0,0
48.38,NaN,NaN,NaN,NaN,NaN,NaN,0,0,0,0,0,0
48.385,NaN,NaN,NaN,NaN,NaN,NaN,0,0,0,0,0,0
48.39,NaN,NaN,NaN,NaN,NaN,NaN,0,0,0,0,0,0
48.395,NaN,NaN,NaN,NaN,NaN,NaN,0,0,0,0,0,0
48.4,NaN,NaN,NaN,NaN,NaN,NaN,0,0,0,0,0,0
48.405,NaN,NaN,NaN,NaN,NaN,NaN,0,0,0,0,0,0
48.41,NaN,NaN,NaN,NaN,NaN,NaN,0,0,0,0,0,0
48.415,NaN,NaN,NaN,NaN,NaN,NaN,46.8417,31.7639,11.1889,0.4176,0,-1.2464
48.42,NaN,NaN,NaN,NaN,NaN,NaN,45.2216,52.45,3.3571,0.4012,0,-1.214
48.425,NaN,NaN,NaN,NaN,NaN,NaN,41.028,78.3849,-7.0497,0.3939,0,-1.1885
48.43,NaN,NaN,NaN,NaN,NaN,NaN,34.2157,109.971,-17.1777,0.3889,0,-1.1702
48.435,NaN,NaN,NaN,NaN,NaN,NaN,25.7362,148.439,-23.3795,0.3835,0,-1.16
48.44,NaN,NaN,NaN,NaN,NaN,NaN,17.5517,195.888,-22.113,0.377,0,-1.158
48.445,NaN,NaN,NaN,NaN,NaN,NaN,12.2328,254.694,-10.8741,0.3699,0,-1.1629
48.45,NaN,NaN,NaN,NaN,NaN,NaN,12.2085,326.329,11.1126,0.363,0,-1.1722
48.455,NaN,NaN,NaN,NaN,NaN,NaN,18.9076,410.006,42.6083,0.3571,0,-1.1829
48.46,NaN,NaN,NaN,NaN,NaN,NaN,32.1148,501.813,80.4968,0.3525,0,-1.193
48.465,NaN,NaN,NaN,NaN,NaN,NaN,49.8251,594.887,120.294,0.3492,0,-1.2013
48.47,NaN,NaN,NaN,NaN,NaN,NaN,68.7329,680.804,156.978,0.3471,0,-1.2074
48.475,NaN,NaN,NaN,NaN,NaN,NaN,85.2804,751.76,186.043,0.3457,0,-1.2113
48.48,NaN,NaN,NaN,NaN,NaN,NaN,96.9331,802.739,204.567,0.3446,0,-1.2133
48.485,NaN,NaN,NaN,NaN,NaN,NaN,103.141,832.857,211.909,0.3437,0,-1.2134
48.49,NaN,NaN,NaN,NaN,NaN,NaN,105.47,845.371,209.775,0.3426,0,-1.212
48.495,NaN,NaN,NaN,NaN,NaN,NaN,106.771,846.407,201.592,0.3411,0,-1.2092
48.5,NaN,NaN,NaN,NaN,NaN,NaN,109.795,842.925,191.436,0.3393,0,-1.2055
48.505,NaN,NaN,NaN,NaN,NaN,NaN,116.015,840.76,182.88,0.3372,0,-1.2014
48.51,NaN,NaN,NaN,NaN,NaN,NaN,125.239,843.409,178.166,0.3349,0,-1.1974
48.515,NaN,NaN,NaN,NaN,NaN,NaN,136.05,851.814,177.91,0.3326,0,-1.1938
48.52,NaN,NaN,NaN,NaN,NaN,NaN,146.658,864.957,181.337,0.3305,0,-1.1908
48.525,NaN,NaN,NaN,NaN,NaN,NaN,155.573,880.862,186.839,0.3286,0,-1.1885
48.53,NaN,NaN,NaN,NaN,NaN,NaN,161.88,897.539,192.602,0.3272,0,-1.1864
48.535,NaN,NaN,NaN,NaN,NaN,NaN,165.186,913.579,197.092,0.3262,0,-1.1844
48.54,NaN,NaN,NaN,NaN,NaN,NaN,165.518,928.297,199.345,0.3256,0,-1.182
48.545,NaN,NaN,NaN,NaN,NaN,NaN,163.294,941.523,199.055,0.3251,0,-1.1792
48.55,NaN,NaN,NaN,NaN,NaN,NaN,159.317,953.236,196.493,0.3248,0,-1.1758
48.555,NaN,NaN,NaN,NaN,NaN,NaN,154.654,963.253,192.289,0.3246,0,-1.1719
48.56,NaN,NaN,NaN,NaN,NaN,NaN,150.327,971.097,187.17,0.3244,0,-1.1676
48.565,NaN,NaN,NaN,NaN,NaN,NaN,146.957,976.073,181.744,0.3242,0,-1.163
48.57,NaN,NaN,NaN,NaN,NaN,NaN,144.567,977.473,176.391,0.3241,0,-1.1584
48.575,NaN,NaN,NaN,NaN,NaN,NaN,142.706,974.814,171.267,0.3239,0,-1.1538
48.58,NaN,NaN,NaN,NaN,NaN,NaN,140.802,968.019,166.355,0.3237,0,-1.1493
48.585,NaN,NaN,NaN,NaN,NaN,NaN,138.515,957.467,161.547,0.3234,0,-1.1449
48.59,NaN,NaN,NaN,NaN,NaN,NaN,135.856,943.914,156.716,0.3231,0,-1.1407
48.595,NaN,NaN,NaN,NaN,NaN,NaN,133.059,928.317,151.76,0.3227,0,-1.1365
48.6,NaN,NaN,NaN,NaN,NaN,NaN,130.348,911.616,146.621,0.3223,0,-1.1324
48.605,NaN,NaN,NaN,NaN,NaN,NaN,127.823,894.561,141.283,0.3219,0,-1.1283
48.61,NaN,NaN,NaN,NaN,NaN,NaN,125.502,877.601,135.756,0.3215,0,-1.1241
48.615,NaN,NaN,NaN,NaN,NaN,NaN,123.436,860.877,130.07,0.321,0,-1.1199
48.62,NaN,NaN,NaN,NaN,NaN,NaN,121.746,844.293,124.273,0.3206,0,-1.1156
48.625,NaN,NaN,NaN,NaN,NaN,NaN,120.513,827.626,118.445,0.3201,0,-1.1112
48.63,NaN,NaN,NaN,NaN,NaN,NaN,119.636,810.643,112.692,0.3197,0,-1.1066
48.635,NaN,NaN,NaN,NaN,NaN,NaN,118.78,793.177,107.124,0.3193,0,-1.1021
48.64,NaN,NaN,NaN,NaN,NaN,NaN,117.508,775.166,101.82,0.3189,0,-1.0976
48.645,NaN,NaN,NaN,NaN,NaN,NaN,115.515,756.647,96.7978,0.3186,0,-1.0932
48.65,NaN,NaN,NaN,NaN,NaN,NaN,112.818,737.734,92.015,0.3182,0,-1.0889
48.655,NaN,NaN,NaN,NaN,NaN,NaN,109.762,718.589,87.3891,0.3179,0,-1.0845
48.66,NaN,NaN,NaN,NaN,NaN,NaN,106.835,699.407,82.8244,0.3176,0,-1.0802
48.665,NaN,NaN,NaN,NaN,NaN,NaN,104.426,680.411,78.2411,0.3175,0,-1.0756
48.67,NaN,NaN,NaN,NaN,NaN,NaN,102.664,661.847,73.6065,0.3175,0,-1.0708
48.675,NaN,NaN,NaN,NaN,NaN,NaN,101.421,643.971,68.9557,0.3175,0,-1.0658
48.68,NaN,NaN,NaN,NaN,NaN,NaN,100.443,627.013,64.3853,0.3176,0,-1.0606
48.685,NaN,NaN,NaN,NaN,NaN,NaN,99.5013,611.141,60.0145,0.3177,0,-1.0555
48.69,NaN,NaN,NaN,NaN,NaN,NaN,98.4681,596.432,55.9301,0.3178,0,-1.0504
48.695,NaN,NaN,NaN,NaN,NaN,NaN,97.3032,582.875,52.1515,0.3179,0,-1.0454
48.7,NaN,NaN,NaN,NaN,NaN,NaN,95.9974,570.413,48.6429,0.3181,0,-1.0406
48.705,NaN,NaN,NaN,NaN,NaN,NaN,94.5332,558.99,45.3672,0.3184,0,-1.0358
48.71,NaN,NaN,NaN,NaN,NaN,NaN,92.8895,548.583,42.3341,0.3188,0,-1.0309
48.715,NaN,NaN,NaN,NaN,NaN,NaN,91.075,539.203,39.6005,0.3192,0,-1.026
48.72,NaN,NaN,NaN,NaN,NaN,NaN,89.1574,530.871,37.2232,0.3198,0,-1.0211
48.725,NaN,NaN,NaN,NaN,NaN,NaN,87.2588,523.593,35.2064,0.3204,0,-1.0161
48.73,NaN,NaN,NaN,NaN,NaN,NaN,85.5148,517.348,33.4858,0.3211,0,-1.011
48.735,NaN,NaN,NaN,NaN,NaN,NaN,84.0141,512.098,31.9562,0.3218,0,-1.0058
48.74,NaN,NaN,NaN,NaN,NaN,NaN,82.7525,507.805,30.5176,0.3226,0,-1.0005
48.745,NaN,NaN,NaN,NaN,NaN,NaN,81.6319,504.436,29.1058,0.3235,0,-0.9952
48.75,NaN,NaN,NaN,NaN,NaN,NaN,80.5078,501.971,27.6929,0.3243,0,-0.99
48.755,NaN,NaN,NaN,NaN,NaN,NaN,79.266,500.394,26.2665,0.3252,0,-0.9849
48.76,NaN,NaN,NaN,NaN,NaN,NaN,77.8824,499.709,24.8112,0.3259,0,-0.98
48.765,NaN,NaN,NaN,NaN,NaN,NaN,76.4366,499.948,23.3051,0.3267,0,-0.9751
48.77,NaN,NaN,NaN,NaN,NaN,NaN,75.0761,501.19,21.73,0.3274,0,-0.9701
48.775,NaN,NaN,NaN,NaN,NaN,NaN,73.9603,503.57,20.0826,0.328,0,-0.9651
48.78,NaN,NaN,NaN,NaN,NaN,NaN,73.2112,507.264,18.3761,0.3286,0,-0.9599
48.785,NaN,NaN,NaN,NaN,NaN,NaN,72.8891,512.458,16.6325,0.3293,0,-0.9545
48.79,NaN,NaN,NaN,NaN,NaN,NaN,72.9892,519.307,14.87,0.3299,0,-0.9489
48.795,NaN,NaN,NaN,NaN,NaN,NaN,73.455,527.899,13.0948,0.3304,0,-0.9432
48.8,NaN,NaN,NaN,NaN,NaN,NaN,74.1977,538.223,11.2981,0.3309,0,-0.9375
48.805,NaN,NaN,NaN,NaN,NaN,NaN,75.1223,550.159,9.4555,0.3314,0,-0.9317
48.81,NaN,NaN,NaN,NaN,NaN,NaN,76.156,563.497,7.5266,0.3317,0,-0.9259
48.815,NaN,NaN,NaN,NaN,NaN,NaN,77.2748,577.957,5.4559,0.332,0,-0.9202
48.82,NaN,NaN,NaN,NaN,NaN,NaN,78.5181,593.241,3.1738,0.3322,0,-0.9145
48.825,NaN,NaN,NaN,NaN,NaN,NaN,79.9786,609.085,0.599,0.3324,0,-0.9089
48.83,NaN,NaN,NaN,NaN,NaN,NaN,81.7653,625.307,-2.3576,0.3327,0,-0.9032
48.835,NaN,NaN,NaN,NaN,NaN,NaN,83.9533,641.835,-5.7816,0.3329,0,-0.8973
48.84,NaN,NaN,NaN,NaN,NaN,NaN,86.5423,658.711,-9.7362,0.3332,0,-0.8913
48.845,NaN,NaN,NaN,NaN,NaN,NaN,89.4451,676.06,-14.24,0.3335,0,-0.8851
48.85,NaN,NaN,NaN,NaN,NaN,NaN,92.5134,694.04,-19.2525,0.3337,0,-0.8788
48.855,NaN,NaN,NaN,NaN,NaN,NaN,95.585,712.776,-24.6787,0.3339,0,-0.8726
48.86,NaN,NaN,NaN,NaN,NaN,NaN,98.5335,732.308,-30.3936,0.3341,0,-0.8664
48.865,NaN,NaN,NaN,NaN,NaN,NaN,101.3,752.547,-36.2752,0.3342,0,-0.8604
48.87,NaN,NaN,NaN,NaN,NaN,NaN,103.899,773.282,-42.2339,0.3343,0,-0.8546
48.875,NaN,NaN,NaN,NaN,NaN,NaN,106.395,794.195,-48.2284,0.3344,0,-0.8489
48.88,NaN,NaN,NaN,NaN,NaN,NaN,108.859,814.908,-54.2648,0.3345,0,-0.8432
48.885,NaN,NaN,NaN,NaN,NaN,NaN,111.336,835.012,-60.3862,0.3347,0,-0.8376
48.89,NaN,NaN,NaN,NaN,NaN,NaN,113.805,854.107,-66.6501,0.3349,0,-0.8319
48.895,NaN,NaN,NaN,NaN,NaN,NaN,116.189,871.816,-73.0993,0.3351,0,-0.8261
48.9,NaN,NaN,NaN,NaN,NaN,NaN,118.362,887.807,-79.7333,0.3353,0,-0.8201
48.905,NaN,NaN,NaN,NaN,NaN,NaN,120.196,901.8,-86.4961,0.3355,0,-0.8141
48.91,NaN,NaN,NaN,NaN,NaN,NaN,121.59,913.579,-93.289,0.3357,0,-0.8081
48.915,NaN,NaN,NaN,NaN,NaN,NaN,122.505,922.994,-100.003,0.3359,0,-0.8022
48.92,NaN,NaN,NaN,NaN,NaN,NaN,122.982,929.955,-106.555,0.3362,0,-0.7964
48.925,NaN,NaN,NaN,NaN,NaN,NaN,123.142,934.414,-112.911,0.3364,0,-0.7908
48.93,NaN,NaN,NaN,NaN,NaN,NaN,123.173,936.352,-119.095,0.3367,0,-0.7853
48.935,NaN,NaN,NaN,NaN,NaN,NaN,123.283,935.748,-125.166,0.337,0,-0.7798
48.94,NaN,NaN,NaN,NaN,NaN,NaN,123.643,932.549,-131.197,0.3374,0,-0.7743
48.945,NaN,NaN,NaN,NaN,NaN,NaN,124.319,926.647,-137.237,0.3379,0,-0.7688
48.95,NaN,NaN,NaN,NaN,NaN,NaN,125.225,917.878,-143.281,0.3384,0,-0.7632
48.955,NaN,NaN,NaN,NaN,NaN,NaN,126.103,906.049,-149.247,0.339,0,-0.7573
48.96,NaN,NaN,NaN,NaN,NaN,NaN,126.571,890.989,-154.978,0.3396,0,-0.7514
48.965,NaN,NaN,NaN,NaN,NaN,NaN,126.22,872.602,-160.271,0.3402,0,-0.7454
48.97,NaN,NaN,NaN,NaN,NaN,NaN,124.736,850.887,-164.944,0.3408,0,-0.7394
48.975,NaN,NaN,NaN,NaN,NaN,NaN,122.002,825.907,-168.902,0.3413,0,-0.7335
48.98,NaN,NaN,NaN,NaN,NaN,NaN,118.144,797.697,-172.176,0.3418,0,-0.7278
48.985,NaN,NaN,NaN,NaN,NaN,NaN,113.489,766.136,-174.885,0.3423,0,-0.7222
48.99,NaN,NaN,NaN,NaN,NaN,NaN,108.454,730.843,-177.118,0.3429,0,-0.7165
48.995,NaN,NaN,NaN,NaN,NaN,NaN,103.394,691.165,-178.773,0.3435,0,-0.7107
49,NaN,NaN,NaN,NaN,NaN,NaN,98.4707,646.29,-179.416,0.3443,0,-0.7045
49.005,NaN,NaN,NaN,NaN,NaN,NaN,93.5996,595.499,-178.226,0.3452,0,-0.6978
49.01,NaN,NaN,NaN,NaN,NaN,NaN,88.5087,538.527,-174.093,0.3461,0,-0.6906
49.015,NaN,NaN,NaN,NaN,NaN,NaN,82.8979,475.907,-165.855,0.3472,0,-0.6829
49.02,NaN,NaN,NaN,NaN,NaN,NaN,76.6178,409.2,-152.65,0.3483,0,-0.6751
49.025,NaN,NaN,NaN,NaN,NaN,NaN,69.777,340.974,-134.272,0.3494,0,-0.6676
49.03,NaN,NaN,NaN,NaN,NaN,NaN,62.7213,274.506,-111.419,0.3507,0,-0.6614
49.035,NaN,NaN,NaN,NaN,NaN,NaN,55.9069,213.238,-85.7106,0.3521,0,-0.6576
49.04,NaN,NaN,NaN,NaN,NaN,NaN,49.7444,160.142,-59.4476,0.3537,0,-0.6586
49.045,NaN,NaN,NaN,NaN,NaN,NaN,44.4915,117.154,-35.1425,0.3557,0,-0.6672
49.05,NaN,NaN,NaN,NaN,NaN,NaN,40.2257,84.8445,-14.9711,0.358,0,-0.6858
49.055,NaN,NaN,NaN,NaN,NaN,NaN,36.8769,62.4052,-0.3005,0.3604,0,-0.7137
49.06,NaN,NaN,NaN,NaN,NaN,NaN,34.2731,47.9586,8.5534,0.3626,0,-0.7429
49.065,NaN,NaN,NaN,NaN,NaN,NaN,32.1695,39.0825,12.267,0.3641,0,-0.7599
49.07,NaN,NaN,NaN,NaN,NaN,NaN,30.2692,33.3838,12.1923,0.3648,0,-0.7557
49.075,NaN,NaN,NaN,NaN,NaN,NaN,28.2705,28.9604,9.9218,0.3647,0,-0.7314
49.08,NaN,NaN,NaN,NaN,NaN,NaN,25.9557,24.6497,6.8975,0.3638,0,-0.6936
49.085,NaN,NaN,NaN,NaN,NaN,NaN,23.2981,20.0393,4.1645,0.362,0,-0.6492
49.09,NaN,NaN,NaN,NaN,NaN,NaN,0,0,0,0,0,0
49.095,NaN,NaN,NaN,NaN,NaN,NaN,0,0,0,0,0,0
49.1,NaN,NaN,NaN,NaN,NaN,NaN,0,0,0,0,0,0
49.105,NaN,NaN,NaN,NaN,NaN,NaN,0,0,0,0,0,0
49.11,NaN,NaN,NaN,NaN,NaN,NaN,0,0,0,0,0,0
49.115,NaN,NaN,NaN,NaN,NaN,NaN,0,0,0,0,0,0
49.12,NaN,NaN,NaN,NaN,NaN,NaN,0,0,0,0,0,0
49.125,NaN,NaN,NaN,NaN,NaN,NaN,0,0,0,0,0,0
49.13,NaN,NaN,NaN,NaN,NaN,NaN,0,0,0,0,0,0
49.135,NaN,NaN,NaN,NaN,NaN,NaN,0,0,0,0,0,0
49.14,NaN,NaN,NaN,NaN,NaN,NaN,0,0,0,0,0,0
49.145,NaN,NaN,NaN,NaN,NaN,NaN,0,0,0,0,0,0
49.15,NaN,NaN,NaN,NaN,NaN,NaN,0,0,0,0,0,0
49.155,NaN,NaN,NaN,NaN,NaN,NaN,0,0,0,0,0,0
49.16,NaN,NaN,NaN,NaN,NaN,NaN,0,0,0,0,0,0
49.165,NaN,NaN,NaN,NaN,NaN,NaN,0,0,0,0,0,0
49.17,NaN,NaN,NaN,NaN,NaN,NaN,0,0,0,0,0,0
49.175,NaN,NaN,NaN,NaN,NaN,NaN,0,0,0,0,0,0
49.18,NaN,NaN,NaN,NaN,NaN,NaN,0,0,0,0,0,0
49.185,NaN,NaN,NaN,NaN,NaN,NaN,0,0,0,0,0,0
49.19,NaN,NaN,NaN,NaN,NaN,NaN,0,0,0,0,0,0
49.195,NaN,NaN,NaN,NaN,NaN,NaN,0,0,0,0,0,0
49.2,NaN,NaN,NaN,NaN,NaN,NaN,0,0,0,0,0,0
49.205,NaN,NaN,NaN,NaN,NaN,NaN,0,0,0,0,0,0
49.21,NaN,NaN,NaN,NaN,NaN,NaN,0,0,0,0,0,0
49.215,NaN,NaN,NaN,NaN,NaN,NaN,0,0,0,0,0,0
49.22,NaN,NaN,NaN,NaN,NaN,NaN,0,0,0,0,0,0
49.225,NaN,NaN,NaN,NaN,NaN,NaN,0,0,0,0,0,0
49.23,NaN,NaN,NaN,NaN,NaN,NaN,0,0,0,0,0,0
49.235,NaN,NaN,NaN,NaN,NaN,NaN,0,0,0,0,0,0
49.24,NaN,NaN,NaN,NaN,NaN,NaN,0,0,0,0,0,0
49.245,NaN,NaN,NaN,NaN,NaN,NaN,0,0,0,0,0,0
49.25,NaN,NaN,NaN,NaN,NaN,NaN,0,0,0,0,0,0
49.255,NaN,NaN,NaN,NaN,NaN,NaN,0,0,0,0,0,0
49.26,NaN,NaN,NaN,NaN,NaN,NaN,0,0,0,0,0,0
49.265,NaN,NaN,NaN,NaN,NaN,NaN,0,0,0,0,0,0
49.27,NaN,NaN,NaN,NaN,NaN,NaN,0,0,0,0,0,0
49.275,NaN,NaN,NaN,NaN,NaN,NaN,0,0,0,0,0,0
49.28,NaN,NaN,NaN,NaN,NaN,NaN,0,0,0,0,0,0
49.285,NaN,NaN,NaN,NaN,NaN,NaN,0,0,0,0,0,0
49.29,NaN,NaN,NaN,NaN,NaN,NaN,0,0,0,0,0,0
49.295,NaN,NaN,NaN,NaN,NaN,NaN,0,0,0,0,0,0
49.3,NaN,NaN,NaN,NaN,NaN,NaN,0,0,0,0,0,0
49.305,NaN,NaN,NaN,NaN,NaN,NaN,0,0,0,0,0,0
49.31,NaN,NaN,NaN,NaN,NaN,NaN,0,0,0,0,0,0
49.315,NaN,NaN,NaN,NaN,NaN,NaN,0,0,0,0,0,0
49.32,NaN,NaN,NaN,NaN,NaN,NaN,0,0,0,0,0,0
49.325,NaN,NaN,NaN,NaN,NaN,NaN,0,0,0,0,0,0
49.33,NaN,NaN,NaN,NaN,NaN,NaN,0,0,0,0,0,0
49.335,NaN,NaN,NaN,NaN,NaN,NaN,0,0,0,0,0,0
49.34,NaN,NaN,NaN,NaN,NaN,NaN,0,0,0,0,0,0
49.345,NaN,NaN,NaN,NaN,NaN,NaN,0,0,0,0,0,0
49.35,NaN,NaN,NaN,NaN,NaN,NaN,0,0,0,0,0,0
49.355,NaN,NaN,NaN,NaN,NaN,NaN,0,0,0,0,0,0
49.36,NaN,NaN,NaN,NaN,NaN,NaN,0,0,0,0,0,0
49.365,NaN,NaN,NaN,NaN,NaN,NaN,0,0,0,0,0,0
49.37,NaN,NaN,NaN,NaN,NaN,NaN,0,0,0,0,0,0
49.375,NaN,NaN,NaN,NaN,NaN,NaN,0,0,0,0,0,0
49.38,NaN,NaN,NaN,NaN,NaN,NaN,0,0,0,0,0,0
49.385,NaN,NaN,NaN,NaN,NaN,NaN,0,0,0,0,0,0
49.39,NaN,NaN,NaN,NaN,NaN,NaN,0,0,0,0,0,0
49.395,NaN,NaN,NaN,NaN,NaN,NaN,0,0,0,0,0,0
49.4,NaN,NaN,NaN,NaN,NaN,NaN,0,0,0,0,0,0
49.405,NaN,NaN,NaN,NaN,NaN,NaN,0,0,0,0,0,0
49.41,NaN,NaN,NaN,NaN,NaN,NaN,0,0,0,0,0,0
49.415,NaN,NaN,NaN,NaN,NaN,NaN,0,0,0,0,0,0
49.42,NaN,NaN,NaN,NaN,NaN,NaN,0,0,0,0,0,0
49.425,NaN,NaN,NaN,NaN,NaN,NaN,0,0,0,0,0,0
49.43,NaN,NaN,NaN,NaN,NaN,NaN,0,0,0,0,0,0
49.435,NaN,NaN,NaN,NaN,NaN,NaN,0,0,0,0,0,0
49.44,NaN,NaN,NaN,NaN,NaN,NaN,0,0,0,0,0,0
49.445,NaN,NaN,NaN,NaN,NaN,NaN,0,0,0,0,0,0
49.45,NaN,NaN,NaN,NaN,NaN,NaN,0,0,0,0,0,0
49.455,NaN,NaN,NaN,NaN,NaN,NaN,0,0,0,0,0,0
49.46,NaN,NaN,NaN,NaN,NaN,NaN,0,0,0,0,0,0
49.465,NaN,NaN,NaN,NaN,NaN,NaN,0,0,0,0,0,0
49.47,NaN,NaN,NaN,NaN,NaN,NaN,0,0,0,0,0,0
49.475,NaN,NaN,NaN,NaN,NaN,NaN,0,0,0,0,0,0
49.48,NaN,NaN,NaN,NaN,NaN,NaN,0,0,0,0,0,0
49.485,NaN,NaN,NaN,NaN,NaN,NaN,0,0,0,0,0,0
49.49,NaN,NaN,NaN,NaN,NaN,NaN,0,0,0,0,0,0
49.495,NaN,NaN,NaN,NaN,NaN,NaN,27.4968,26.9769,-11.5349,0.464,0,-1.2654
49.5,NaN,NaN,NaN,NaN,NaN,NaN,25.5501,46.8425,-22.2305,0.4478,0,-1.2303
49.505,NaN,NaN,NaN,NaN,NaN,NaN,23.4478,69.6802,-32.502,0.4422,0,-1.2057
49.51,NaN,NaN,NaN,NaN,NaN,NaN,21.5321,93.6322,-39.9228,0.4411,0,-1.1867
49.515,NaN,NaN,NaN,NaN,NaN,NaN,19.9638,117.498,-42.4669,0.4419,0,-1.1721
49.52,NaN,NaN,NaN,NaN,NaN,NaN,18.6712,141.499,-39.0632,0.4429,0,-1.1619
49.525,NaN,NaN,NaN,NaN,NaN,NaN,17.4376,167.519,-29.7914,0.4429,0,-1.157
49.53,NaN,NaN,NaN,NaN,NaN,NaN,16.1246,198.578,-15.6708,0.441,0,-1.1575
49.535,NaN,NaN,NaN,NaN,NaN,NaN,14.9421,237.616,1.8076,0.437,0,-1.1624
49.54,NaN,NaN,NaN,NaN,NaN,NaN,14.6171,286.001,21.1458,0.4318,0,-1.1696
49.545,NaN,NaN,NaN,NaN,NaN,NaN,16.3177,342.426,41.0826,0.4266,0,-1.1767
49.55,NaN,NaN,NaN,NaN,NaN,NaN,21.2763,402.742,60.5794,0.4223,0,-1.1824
49.555,NaN,NaN,NaN,NaN,NaN,NaN,30.2156,460.955,78.7032,0.419,0,-1.1862
49.56,NaN,NaN,NaN,NaN,NaN,NaN,42.8372,511.077,94.6223,0.4169,0,-1.1879
49.565,NaN,NaN,NaN,NaN,NaN,NaN,57.6922,549.117,107.789,0.4157,0,-1.1879
49.57,NaN,NaN,NaN,NaN,NaN,NaN,72.615,574.414,118.17,0.415,0,-1.1864
49.575,NaN,NaN,NaN,NaN,NaN,NaN,85.587,589.8,126.286,0.4145,0,-1.1838
49.58,NaN,NaN,NaN,NaN,NaN,NaN,95.5783,600.59,132.988,0.4141,0,-1.1803
49.585,NaN,NaN,NaN,NaN,NaN,NaN,102.872,612.851,139.078,0.4134,0,-1.1763
49.59,NaN,NaN,NaN,NaN,NaN,NaN,108.682,631.603,145.037,0.4128,0,-1.1719
49.595,NaN,NaN,NaN,NaN,NaN,NaN,114.32,659.573,150.944,0.4122,0,-1.1673
49.6,NaN,NaN,NaN,NaN,NaN,NaN,120.455,696.828,156.597,0.4118,0,-1.1625
49.605,NaN,NaN,NaN,NaN,NaN,NaN,126.888,741.21,161.698,0.4115,0,-1.1578
49.61,NaN,NaN,NaN,NaN,NaN,NaN,132.897,789.265,166.007,0.4113,0,-1.1532
49.615,NaN,NaN,NaN,NaN,NaN,NaN,137.806,837.254,169.397,0.411,0,-1.1488
49.62,NaN,NaN,NaN,NaN,NaN,NaN,141.397,881.95,171.817,0.4107,0,-1.1446
49.625,NaN,NaN,NaN,NaN,NaN,NaN,143.928,921.055,173.242,0.4104,0,-1.1404
49.63,NaN,NaN,NaN,NaN,NaN,NaN,145.855,953.274,173.653,0.4101,0,-1.1363
49.635,NaN,NaN,NaN,NaN,NaN,NaN,147.524,978.159,173.076,0.4098,0,-1.1321
49.64,NaN,NaN,NaN,NaN,NaN,NaN,149.009,995.87,171.629,0.4096,0,-1.1279
49.645,NaN,NaN,NaN,NaN,NaN,NaN,150.165,1006.92,169.552,0.4094,0,-1.1237
49.65,NaN,NaN,NaN,NaN,NaN,NaN,150.777,1011.99,167.166,0.4091,0,-1.1198
49.655,NaN,NaN,NaN,NaN,NaN,NaN,150.718,1011.82,164.779,0.4087,0,-1.1162
49.66,NaN,NaN,NaN,NaN,NaN,NaN,150.012,1007.24,162.585,0.4083,0,-1.1129
49.665,NaN,NaN,NaN,NaN,NaN,NaN,148.816,999.14,160.606,0.4077,0,-1.11
49.67,NaN,NaN,NaN,NaN,NaN,NaN,147.359,988.489,158.7,0.407,0,-1.1072
49.675,NaN,NaN,NaN,NaN,NaN,NaN,145.864,976.25,156.616,0.4063,0,-1.1044
49.68,NaN,NaN,NaN,NaN,NaN,NaN,144.5,963.258,154.076,0.4055,0,-1.1015
49.685,NaN,NaN,NaN,NaN,NaN,NaN,143.344,950.095,150.856,0.4048,0,-1.0983
49.69,NaN,NaN,NaN,NaN,NaN,NaN,142.372,937.021,146.857,0.404,0,-1.0948
49.695,NaN,NaN,NaN,NaN,NaN,NaN,141.46,923.982,142.12,0.4034,0,-1.0909
49.7,NaN,NaN,NaN,NaN,NaN,NaN,140.423,910.704,136.805,0.4027,0,-1.0869
49.705,NaN,NaN,NaN,NaN,NaN,NaN,139.072,896.819,131.116,0.4021,0,-1.0827
49.71,NaN,NaN,NaN,NaN,NaN,NaN,137.286,882,125.241,0.4015,0,-1.0784
49.715,NaN,NaN,NaN,NaN,NaN,NaN,135.046,866.05,119.321,0.4009,0,-1.0741
49.72,NaN,NaN,NaN,NaN,NaN,NaN,132.429,848.929,113.455,0.4003,0,-1.0699
49.725,NaN,NaN,NaN,NaN,NaN,NaN,129.552,830.736,107.713,0.3997,0,-1.0658
49.73,NaN,NaN,NaN,NaN,NaN,NaN,126.524,811.664,102.144,0.3992,0,-1.0618
49.735,NaN,NaN,NaN,NaN,NaN,NaN,123.399,791.962,96.7844,0.3986,0,-1.0579
49.74,NaN,NaN,NaN,NaN,NaN,NaN,120.194,771.9,91.6682,0.398,0,-1.0543
49.745,NaN,NaN,NaN,NaN,NaN,NaN,116.918,751.759,86.8352,0.3975,0,-1.0508
49.75,NaN,NaN,NaN,NaN,NaN,NaN,113.601,731.819,82.3279,0.397,0,-1.0474
49.755,NaN,NaN,NaN,NaN,NaN,NaN,110.305,712.34,78.171,0.3965,0,-1.044
49.76,NaN,NaN,NaN,NaN,NaN,NaN,107.099,693.547,74.343,0.396,0,-1.0406
49.765,NaN,NaN,NaN,NaN,NaN,NaN,104.051,675.607,70.761,0.3955,0,-1.037
49.77,NaN,NaN,NaN,NaN,NaN,NaN,101.214,658.614,67.298,0.3951,0,-1.0333
49.775,NaN,NaN,NaN,NaN,NaN,NaN,98.6487,642.586,63.8277,0.3947,0,-1.0293
49.78,NaN,NaN,NaN,NaN,NaN,NaN,96.4182,627.483,60.27,0.3944,0,-1.025
49.785,NaN,NaN,NaN,NaN,NaN,NaN,94.5738,613.25,56.6144,0.3941,0,-1.0204
49.79,NaN,NaN,NaN,NaN,NaN,NaN,93.1129,599.849,52.9152,0.3938,0,-1.0157
49.795,NaN,NaN,NaN,NaN,NaN,NaN,91.9501,587.292,49.2689,0.3937,0,-1.0108
49.8,NaN,NaN,NaN,NaN,NaN,NaN,90.9266,575.641,45.7882,0.3935,0,-1.0058
49.805,NaN,NaN,NaN,NaN,NaN,NaN,89.8681,564.998,42.5794,0.3934,0,-1.0009
49.81,NaN,NaN,NaN,NaN,NaN,NaN,88.6619,555.465,39.7226,0.3932,0,-0.9962
49.815,NaN,NaN,NaN,NaN,NaN,NaN,87.3123,547.099,37.2521,0.3931,0,-0.9917
49.82,NaN,NaN,NaN,NaN,NaN,NaN,85.9389,539.881,35.144,0.3929,0,-0.9873
49.825,NaN,NaN,NaN,NaN,NaN,NaN,84.7186,533.71,33.3194,0.3927,0,-0.983
49.83,NaN,NaN,NaN,NaN,NaN,NaN,83.7975,528.424,31.6691,0.3927,0,-0.9787
49.835,NaN,NaN,NaN,NaN,NaN,NaN,83.2193,523.85,30.088,0.3928,0,-0.9743
49.84,NaN,NaN,NaN,NaN,NaN,NaN,82.904,519.855,28.5006,0.393,0,-0.9697
49.845,NaN,NaN,NaN,NaN,NaN,NaN,82.6859,516.385,26.8645,0.3933,0,-0.9651
49.85,NaN,NaN,NaN,NaN,NaN,NaN,82.3901,513.48,25.155,0.3937,0,-0.9603
49.855,NaN,NaN,NaN,NaN,NaN,NaN,81.9067,511.269,23.3491,0.3942,0,-0.9554
49.86,NaN,NaN,NaN,NaN,NaN,NaN,81.2308,509.939,21.4237,0.3946,0,-0.9504
49.865,NaN,NaN,NaN,NaN,NaN,NaN,80.4555,509.705,19.3659,0.3949,0,-0.9451
49.87,NaN,NaN,NaN,NaN,NaN,NaN,79.7308,510.769,17.1849,0.3952,0,-0.9397
49.875,NaN,NaN,NaN,NaN,NaN,NaN,79.2123,513.289,14.9129,0.3954,0,-0.934
49.88,NaN,NaN,NaN,NaN,NaN,NaN,79.0206,517.349,12.5889,0.3956,0,-0.9281
49.885,NaN,NaN,NaN,NaN,NaN,NaN,79.218,522.957,10.2388,0.3958,0,-0.9221
49.89,NaN,NaN,NaN,NaN,NaN,NaN,79.8043,530.05,7.8626,0.3959,0,-0.9161
49.895,NaN,NaN,NaN,NaN,NaN,NaN,80.7259,538.521,5.4378,0.3961,0,-0.9101
49.9,NaN,NaN,NaN,NaN,NaN,NaN,81.898,548.256,2.9294,0.3963,0,-0.9043
49.905,NaN,NaN,NaN,NaN,NaN,NaN,83.2345,559.152,0.2977,0.3964,0,-0.8988
49.91,NaN,NaN,NaN,NaN,NaN,NaN,84.6775,571.133,-2.5003,0.3966,0,-0.8935
49.915,NaN,NaN,NaN,NaN,NaN,NaN,86.2145,584.148,-5.5108,0.3967,0,-0.8884
49.92,NaN,NaN,NaN,NaN,NaN,NaN,87.8767,598.163,-8.7773,0.3968,0,-0.8835
49.925,NaN,NaN,NaN,NaN,NaN,NaN,89.7183,613.159,-12.3265,0.3969,0,-0.8785
49.93,NaN,NaN,NaN,NaN,NaN,NaN,91.7913,629.114,-16.1536,0.397,0,-0.8733
49.935,NaN,NaN,NaN,NaN,NaN,NaN,94.1237,645.994,-20.2143,0.3971,0,-0.8678
49.94,NaN,NaN,NaN,NaN,NaN,NaN,96.7076,663.733,-24.4374,0.3972,0,-0.862
49.945,NaN,NaN,NaN,NaN,NaN,NaN,99.4975,682.223,-28.7518,0.3973,0,-0.856
49.95,NaN,NaN,NaN,NaN,NaN,NaN,102.417,701.304,-33.115,0.3974,0,-0.8499
49.955,NaN,NaN,NaN,NaN,NaN,NaN,105.373,720.769,-37.5251,0.3975,0,-0.8437
49.96,NaN,NaN,NaN,NaN,NaN,NaN,108.27,740.367,-42.0139,0.3976,0,-0.8376
49.965,NaN,NaN,NaN,NaN,NaN,NaN,111.026,759.815,-46.629,0.3978,0,-0.8317
49.97,NaN,NaN,NaN,NaN,NaN,NaN,113.575,778.812,-51.4122,0.3979,0,-0.8258
49.975,NaN,NaN,NaN,NaN,NaN,NaN,115.875,797.04,-56.3786,0.3981,0,-0.8202
49.98,NaN,NaN,NaN,NaN,NaN,NaN,117.907,814.183,-61.5056,0.3983,0,-0.8146
49.985,NaN,NaN,NaN,NaN,NaN,NaN,119.688,829.95,-66.7336,0.3985,0,-0.8091
49.99,NaN,NaN,NaN,NaN,NaN,NaN,121.268,844.091,-71.9827,0.3987,0,-0.8037
49.995,NaN,NaN,NaN,NaN,NaN,NaN,122.722,856.424,-77.1771,0.399,0,-0.7983
50,NaN,NaN,NaN,NaN,NaN,NaN,124.129,866.835,-82.2693,0.3993,0,-0.7929
50.005,NaN,NaN,NaN,NaN,NaN,NaN,125.559,875.276,-87.2561,0.3996,0,-0.7875
50.01,NaN,NaN,NaN,NaN,NaN,NaN,127.063,881.735,-92.1797,0.3999,0,-0.7821
50.015,NaN,NaN,NaN,NaN,NaN,NaN,128.658,886.198,-97.115,0.4003,0,-0.7767
50.02,NaN,NaN,NaN,NaN,NaN,NaN,130.319,888.602,-102.145,0.4007,0,-0.7713
50.025,NaN,NaN,NaN,NaN,NaN,NaN,131.959,888.802,-107.326,0.4011,0,-0.7659
50.03,NaN,NaN,NaN,NaN,NaN,NaN,133.411,886.571,-112.663,0.4016,0,-0.7605
50.035,NaN,NaN,NaN,NaN,NaN,NaN,134.432,881.627,-118.088,0.4021,0,-0.755
50.04,NaN,NaN,NaN,NaN,NaN,NaN,134.736,873.695,-123.467,0.4027,0,-0.7495
50.045,NaN,NaN,NaN,NaN,NaN,NaN,134.069,862.581,-128.631,0.4032,0,-0.7439
50.05,NaN,NaN,NaN,NaN,NaN,NaN,132.291,848.236,-133.418,0.4038,0,-0.7382
50.055,NaN,NaN,NaN,NaN,NaN,NaN,129.436,830.788,-137.705,0.4044,0,-0.7324
50.06,NaN,NaN,NaN,NaN,NaN,NaN,125.711,810.514,-141.425,0.4049,0,-0.7266
50.065,NaN,NaN,NaN,NaN,NaN,NaN,121.42,787.761,-144.558,0.4056,0,-0.7207
50.07,NaN,NaN,NaN,NaN,NaN,NaN,116.842,762.82,-147.132,0.4062,0,-0.7149
50.075,NaN,NaN,NaN,NaN,NaN,NaN,112.115,735.794,-149.209,0.4069,0,-0.7091
50.08,NaN,NaN,NaN,NaN,NaN,NaN,107.191,706.496,-150.863,0.4077,0,-0.7034
50.085,NaN,NaN,NaN,NaN,NaN,NaN,101.888,674.409,-152.137,0.4084,0,-0.6978
50.09,NaN,NaN,NaN,NaN,NaN,NaN,96.0079,638.741,-152.967,0.4091,0,-0.6922
50.095,NaN,NaN,NaN,NaN,NaN,NaN,89.4595,598.572,-153.097,0.4099,0,-0.6866
50.1,NaN,NaN,NaN,NaN,NaN,NaN,82.3174,553.096,-152.017,0.4106,0,-0.6808
50.105,NaN,NaN,NaN,NaN,NaN,NaN,74.8044,501.922,-148.971,0.4113,0,-0.6746
50.11,NaN,NaN,NaN,NaN,NaN,NaN,67.2163,445.371,-143.076,0.4121,0,-0.668
50.115,NaN,NaN,NaN,NaN,NaN,NaN,59.8402,384.68,-133.544,0.413,0,-0.6609
50.12,NaN,NaN,NaN,NaN,NaN,NaN,52.9087,322.013,-119.953,0.414,0,-0.6531
50.125,NaN,NaN,NaN,NaN,NaN,NaN,46.6028,260.236,-102.493,0.4152,0,-0.6452
50.13,NaN,NaN,NaN,NaN,NaN,NaN,41.085,202.482,-82.0683,0.4167,0,-0.6377
50.135,NaN,NaN,NaN,NaN,NaN,NaN,36.5218,151.616,-60.2146,0.4186,0,-0.6321
50.14,NaN,NaN,NaN,NaN,NaN,NaN,33.067,109.713,-38.8378,0.421,0,-0.6312
50.145,NaN,NaN,NaN,NaN,NaN,NaN,30.8071,77.7085,-19.8297,0.4242,0,-0.6394
50.15,NaN,NaN,NaN,NaN,NaN,NaN,29.7036,55.2911,-4.6643,0.4286,0,-0.6612
50.155,NaN,NaN,NaN,NaN,NaN,NaN,29.5686,41.0759,5.9053,0.4342,0,-0.6964
50.16,NaN,NaN,NaN,NaN,NaN,NaN,30.0853,32.9937,11.9421,0.4408,0,-0.7339
50.165,NaN,NaN,NaN,NaN,NaN,NaN,30.8627,28.7782,14.1827,0.4472,0,-0.7569
50.17,NaN,NaN,NaN,NaN,NaN,NaN,31.5052,26.4086,13.7311,0.4526,0,-0.7574
50.175,NaN,NaN,NaN,NaN,NaN,NaN,31.6855,24.4067,11.7285,0.4569,0,-0.7391
50.18,NaN,NaN,NaN,NaN,NaN,NaN,31.213,21.9473,9.1203,0.4601,0,-0.7089
50.185,NaN,NaN,NaN,NaN,NaN,NaN,0,0,0,0,0,0
50.19,NaN,NaN,NaN,NaN,NaN,NaN,0,0,0,0,0,0
50.195,NaN,NaN,NaN,NaN,NaN,NaN,0,0,0,0,0,0
50.2,NaN,NaN,NaN,NaN,NaN,NaN,0,0,0,0,0,0
50.205,NaN,NaN,NaN,NaN,NaN,NaN,0,0,0,0,0,0
50.21,NaN,NaN,NaN,NaN,NaN,NaN,0,0,0,0,0,0
50.215,NaN,NaN,NaN,NaN,NaN,NaN,0,0,0,0,0,0
50.22,NaN,NaN,NaN,NaN,NaN,NaN,0,0,0,0,0,0
50.225,NaN,NaN,NaN,NaN,NaN,NaN,0,0,0,0,0,0
50.23,NaN,NaN,NaN,NaN,NaN,NaN,0,0,0,0,0,0
50.235,NaN,NaN,NaN,NaN,NaN,NaN,0,0,0,0,0,0
50.24,NaN,NaN,NaN,NaN,NaN,NaN,0,0,0,0,0,0
50.245,NaN,NaN,NaN,NaN,NaN,NaN,0,0,0,0,0,0
50.25,NaN,NaN,NaN,NaN,NaN,NaN,0,0,0,0,0,0
50.255,NaN,NaN,NaN,NaN,NaN,NaN,0,0,0,0,0,0
50.26,NaN,NaN,NaN,NaN,NaN,NaN,0,0,0,0,0,0
50.265,NaN,NaN,NaN,NaN,NaN,NaN,0,0,0,0,0,0
50.27,NaN,NaN,NaN,NaN,NaN,NaN,0,0,0,0,0,0
50.275,NaN,NaN,NaN,NaN,NaN,NaN,0,0,0,0,0,0
50.28,NaN,NaN,NaN,NaN,NaN,NaN,0,0,0,0,0,0
50.285,NaN,NaN,NaN,NaN,NaN,NaN,0,0,0,0,0,0
50.29,NaN,NaN,NaN,NaN,NaN,NaN,0,0,0,0,0,0
50.295,NaN,NaN,NaN,NaN,NaN,NaN,0,0,0,0,0,0
50.3,NaN,NaN,NaN,NaN,NaN,NaN,0,0,0,0,0,0
50.305,NaN,NaN,NaN,NaN,NaN,NaN,0,0,0,0,0,0
50.31,NaN,NaN,NaN,NaN,NaN,NaN,0,0,0,0,0,0
50.315,NaN,NaN,NaN,NaN,NaN,NaN,0,0,0,0,0,0
50.32,NaN,NaN,NaN,NaN,NaN,NaN,0,0,0,0,0,0
50.325,NaN,NaN,NaN,NaN,NaN,NaN,0,0,0,0,0,0
50.33,NaN,NaN,NaN,NaN,NaN,NaN,0,0,0,0,0,0
50.335,NaN,NaN,NaN,NaN,NaN,NaN,0,0,0,0,0,0
50.34,NaN,NaN,NaN,NaN,NaN,NaN,0,0,0,0,0,0
50.345,NaN,NaN,NaN,NaN,NaN,NaN,0,0,0,0,0,0
50.35,NaN,NaN,NaN,NaN,NaN,NaN,0,0,0,0,0,0
50.355,NaN,NaN,NaN,NaN,NaN,NaN,0,0,0,0,0,0
50.36,NaN,NaN,NaN,NaN,NaN,NaN,0,0,0,0,0,0
50.365,NaN,NaN,NaN,NaN,NaN,NaN,0,0,0,0,0,0
50.37,NaN,NaN,NaN,NaN,NaN,NaN,0,0,0,0,0,0
50.375,NaN,NaN,NaN,NaN,NaN,NaN,0,0,0,0,0,0
50.38,NaN,NaN,NaN,NaN,NaN,NaN,0,0,0,0,0,0
50.385,NaN,NaN,NaN,NaN,NaN,NaN,0,0,0,0,0,0
50.39,NaN,NaN,NaN,NaN,NaN,NaN,0,0,0,0,0,0
50.395,NaN,NaN,NaN,NaN,NaN,NaN,0,0,0,0,0,0
50.4,NaN,NaN,NaN,NaN,NaN,NaN,0,0,0,0,0,0
50.405,NaN,NaN,NaN,NaN,NaN,NaN,0,0,0,0,0,0
50.41,NaN,NaN,NaN,NaN,NaN,NaN,0,0,0,0,0,0
50.415,NaN,NaN,NaN,NaN,NaN,NaN,0,0,0,0,0,0
50.42,NaN,NaN,NaN,NaN,NaN,NaN,0,0,0,0,0,0
50.425,NaN,NaN,NaN,NaN,NaN,NaN,0,0,0,0,0,0
50.43,NaN,NaN,NaN,NaN,NaN,NaN,0,0,0,0,0,0
50.435,NaN,NaN,NaN,NaN,NaN,NaN,0,0,0,0,0,0
50.44,NaN,NaN,NaN,NaN,NaN,NaN,0,0,0,0,0,0
50.445,NaN,NaN,NaN,NaN,NaN,NaN,0,0,0,0,0,0
50.45,NaN,NaN,NaN,NaN,NaN,NaN,0,0,0,0,0,0
50.455,NaN,NaN,NaN,NaN,NaN,NaN,0,0,0,0,0,0
50.46,NaN,NaN,NaN,NaN,NaN,NaN,0,0,0,0,0,0
50.465,NaN,NaN,NaN,NaN,NaN,NaN,0,0,0,0,0,0
50.47,NaN,NaN,NaN,NaN,NaN,NaN,0,0,0,0,0,0
50.475,NaN,NaN,NaN,NaN,NaN,NaN,0,0,0,0,0,0
50.48,NaN,NaN,NaN,NaN,NaN,NaN,0,0,0,0,0,0
50.485,NaN,NaN,NaN,NaN,NaN,NaN,0,0,0,0,0,0
50.49,NaN,NaN,NaN,NaN,NaN,NaN,0,0,0,0,0,0
50.495,NaN,NaN,NaN,NaN,NaN,NaN,0,0,0,0,0,0
50.5,NaN,NaN,NaN,NaN,NaN,NaN,0,0,0,0,0,0
50.505,NaN,NaN,NaN,NaN,NaN,NaN,0,0,0,0,0,0
50.51,NaN,NaN,NaN,NaN,NaN,NaN,0,0,0,0,0,0
50.515,NaN,NaN,NaN,NaN,NaN,NaN,0,0,0,0,0,0
50.52,NaN,NaN,NaN,NaN,NaN,NaN,0,0,0,0,0,0
50.525,NaN,NaN,NaN,NaN,NaN,NaN,0,0,0,0,0,0
50.53,NaN,NaN,NaN,NaN,NaN,NaN,0,0,0,0,0,0
50.535,NaN,NaN,NaN,NaN,NaN,NaN,0,0,0,0,0,0
50.54,NaN,NaN,NaN,NaN,NaN,NaN,0,0,0,0,0,0
50.545,NaN,NaN,NaN,NaN,NaN,NaN,0,0,0,0,0,0
50.55,NaN,NaN,NaN,NaN,NaN,NaN,0,0,0,0,0,0
50.555,NaN,NaN,NaN,NaN,NaN,NaN,0,0,0,0,0,0
50.56,NaN,NaN,NaN,NaN,NaN,NaN,0,0,0,0,0,0
50.565,NaN,NaN,NaN,NaN,NaN,NaN,0,0,0,0,0,0
50.57,NaN,NaN,NaN,NaN,NaN,NaN,0,0,0,0,0,0
50.575,NaN,NaN,NaN,NaN,NaN,NaN,22.8983,29.2047,-3.4514,0.4307,0,-1.1955
50.58,NaN,NaN,NaN,NaN,NaN,NaN,20.4765,45.1701,-15.7302,0.4421,0,-1.1797
50.585,NaN,NaN,NaN,NaN,NaN,NaN,16.3417,64.5978,-28.8625,0.4502,0,-1.1592
50.59,NaN,NaN,NaN,NaN,NaN,NaN,11.1757,88.4615,-39.3721,0.4542,0,-1.1404
50.595,NaN,NaN,NaN,NaN,NaN,NaN,6.1669,118.796,-43.7334,0.454,0,-1.128
50.6,NaN,NaN,NaN,NaN,NaN,NaN,2.7045,158.479,-39.36,0.4499,0,-1.1241
50.605,NaN,NaN,NaN,NaN,NaN,NaN,2.0061,210.322,-25.3361,0.4433,0,-1.1277
50.61,NaN,NaN,NaN,NaN,NaN,NaN,4.822,275.618,-2.661,0.4359,0,-1.1356
50.615,NaN,NaN,NaN,NaN,NaN,NaN,11.3104,352.676,26.016,0.4291,0,-1.1447
50.62,NaN,NaN,NaN,NaN,NaN,NaN,21.0787,436.063,57.0045,0.4236,0,-1.153
50.625,NaN,NaN,NaN,NaN,NaN,NaN,33.2957,517.149,86.3062,0.4196,0,-1.1592
50.63,NaN,NaN,NaN,NaN,NaN,NaN,46.7903,586.046,110.34,0.4169,0,-1.1633
50.635,NaN,NaN,NaN,NaN,NaN,NaN,60.1498,634.356,126.607,0.4154,0,-1.1653
50.64,NaN,NaN,NaN,NaN,NaN,NaN,71.934,657.705,134.211,0.4146,0,-1.1653
50.645,NaN,NaN,NaN,NaN,NaN,NaN,81.0797,657.121,134.032,0.4143,0,-1.1636
50.65,NaN,NaN,NaN,NaN,NaN,NaN,87.3608,638.74,128.419,0.4139,0,-1.1601
50.655,NaN,NaN,NaN,NaN,NaN,NaN,91.5979,612.015,120.45,0.4132,0,-1.1554
50.66,NaN,NaN,NaN,NaN,NaN,NaN,95.3715,587.082,113.074,0.4118,0,-1.1498
50.665,NaN,NaN,NaN,NaN,NaN,NaN,100.302,572.209,108.443,0.4098,0,-1.1442
50.67,NaN,NaN,NaN,NaN,NaN,NaN,107.278,572.136,107.603,0.4073,0,-1.1394
50.675,NaN,NaN,NaN,NaN,NaN,NaN,116.078,587.673,110.535,0.4048,0,-1.1358
50.68,NaN,NaN,NaN,NaN,NaN,NaN,125.592,616.443,116.426,0.4026,0,-1.1334
50.685,NaN,NaN,NaN,NaN,NaN,NaN,134.444,654.306,124.03,0.4009,0,-1.1316
50.69,NaN,NaN,NaN,NaN,NaN,NaN,141.616,696.858,132.008,0.3996,0,-1.13
50.695,NaN,NaN,NaN,NaN,NaN,NaN,146.737,740.525,139.202,0.3988,0,-1.1281
50.7,NaN,NaN,NaN,NaN,NaN,NaN,149.963,783.008,144.817,0.3983,0,-1.1256
50.705,NaN,NaN,NaN,NaN,NaN,NaN,151.655,823.156,148.514,0.398,0,-1.1224
50.71,NaN,NaN,NaN,NaN,NaN,NaN,152.134,860.466,150.386,0.3979,0,-1.1187
50.715,NaN,NaN,NaN,NaN,NaN,NaN,151.637,894.543,150.82,0.3977,0,-1.1147
50.72,NaN,NaN,NaN,NaN,NaN,NaN,150.412,924.747,150.302,0.3974,0,-1.1106
50.725,NaN,NaN,NaN,NaN,NaN,NaN,148.795,950.139,149.243,0.397,0,-1.1065
50.73,NaN,NaN,NaN,NaN,NaN,NaN,147.155,969.69,147.901,0.3966,0,-1.1024
50.735,NaN,NaN,NaN,NaN,NaN,NaN,145.759,982.61,146.381,0.3961,0,-1.0984
50.74,NaN,NaN,NaN,NaN,NaN,NaN,144.663,988.645,144.689,0.3955,0,-1.0944
50.745,NaN,NaN,NaN,NaN,NaN,NaN,143.753,988.192,142.783,0.3949,0,-1.0904
50.75,NaN,NaN,NaN,NaN,NaN,NaN,142.901,982.232,140.622,0.3942,0,-1.0865
50.755,NaN,NaN,NaN,NaN,NaN,NaN,142.11,972.105,138.174,0.3935,0,-1.0826
50.76,NaN,NaN,NaN,NaN,NaN,NaN,141.535,959.235,135.416,0.3926,0,-1.0789
50.765,NaN,NaN,NaN,NaN,NaN,NaN,141.346,944.863,132.319,0.3917,0,-1.0752
50.77,NaN,NaN,NaN,NaN,NaN,NaN,141.553,929.875,128.846,0.3908,0,-1.0716
50.775,NaN,NaN,NaN,NaN,NaN,NaN,141.935,914.745,124.947,0.3898,0,-1.068
50.78,NaN,NaN,NaN,NaN,NaN,NaN,142.138,899.573,120.584,0.3889,0,-1.0643
50.785,NaN,NaN,NaN,NaN,NaN,NaN,141.865,884.199,115.764,0.388,0,-1.0605
50.79,NaN,NaN,NaN,NaN,NaN,NaN,140.999,868.347,110.566,0.3871,0,-1.0565
50.795,NaN,NaN,NaN,NaN,NaN,NaN,139.586,851.753,105.142,0.3863,0,-1.0525
50.8,NaN,NaN,NaN,NaN,NaN,NaN,137.719,834.248,99.6893,0.3855,0,-1.0485
50.805,NaN,NaN,NaN,NaN,NaN,NaN,135.444,815.794,94.3995,0.3848,0,-1.0445
50.81,NaN,NaN,NaN,NaN,NaN,NaN,132.763,796.485,89.4001,0.384,0,-1.0406
50.815,NaN,NaN,NaN,NaN,NaN,NaN,129.736,776.509,84.7208,0.3832,0,-1.0367
50.82,NaN,NaN,NaN,NaN,NaN,NaN,126.563,756.113,80.296,0.3824,0,-1.0329
50.825,NaN,NaN,NaN,NaN,NaN,NaN,123.551,735.561,75.9975,0.3816,0,-1.029
50.83,NaN,NaN,NaN,NaN,NaN,NaN,120.984,715.12,71.684,0.3809,0,-1.0249
50.835,NaN,NaN,NaN,NaN,NaN,NaN,118.961,695.052,67.256,0.3804,0,-1.0206
50.84,NaN,NaN,NaN,NaN,NaN,NaN,117.332,675.621,62.7055,0.38,0,-1.0159
50.845,NaN,NaN,NaN,NaN,NaN,NaN,115.775,657.085,58.1406,0.3797,0,-1.0112
50.85,NaN,NaN,NaN,NaN,NaN,NaN,113.95,639.667,53.7617,0.3794,0,-1.0064
50.855,NaN,NaN,NaN,NaN,NaN,NaN,111.66,623.511,49.789,0.3791,0,-1.0017
50.86,NaN,NaN,NaN,NaN,NaN,NaN,108.915,608.65,46.3706,0.3788,0,-0.9972
50.865,NaN,NaN,NaN,NaN,NaN,NaN,105.894,595.008,43.5233,0.3785,0,-0.9928
50.87,NaN,NaN,NaN,NaN,NaN,NaN,102.842,582.442,41.1387,0.3782,0,-0.9886
50.875,NaN,NaN,NaN,NaN,NaN,NaN,99.9705,570.802,39.0461,0.378,0,-0.9843
50.88,NaN,NaN,NaN,NaN,NaN,NaN,97.393,559.993,37.0862,0.378,0,-0.98
50.885,NaN,NaN,NaN,NaN,NaN,NaN,95.1215,550,35.1506,0.378,0,-0.9757
50.89,NaN,NaN,NaN,NaN,NaN,NaN,93.1052,540.879,33.1772,0.3782,0,-0.9713
50.895,NaN,NaN,NaN,NaN,NaN,NaN,91.2906,532.723,31.1251,0.3784,0,-0.9669
50.9,NaN,NaN,NaN,NaN,NaN,NaN,89.6661,525.63,28.9656,0.3786,0,-0.9623
50.905,NaN,NaN,NaN,NaN,NaN,NaN,88.2707,519.676,26.694,0.3787,0,-0.9576
50.91,NaN,NaN,NaN,NaN,NaN,NaN,87.1625,514.902,24.346,0.3789,0,-0.9527
50.915,NaN,NaN,NaN,NaN,NaN,NaN,86.3739,511.307,21.9958,0.379,0,-0.9475
50.92,NaN,NaN,NaN,NaN,NaN,NaN,85.8872,508.859,19.7325,0.3792,0,-0.9422
50.925,NaN,NaN,NaN,NaN,NaN,NaN,85.6451,507.506,17.6259,0.3794,0,-0.9367
50.93,NaN,NaN,NaN,NaN,NaN,NaN,85.5849,507.206,15.7011,0.3797,0,-0.9312
50.935,NaN,NaN,NaN,NaN,NaN,NaN,85.6639,507.95,13.9342,0.3799,0,-0.9257
50.94,NaN,NaN,NaN,NaN,NaN,NaN,85.8591,509.772,12.2692,0.3802,0,-0.9202
50.945,NaN,NaN,NaN,NaN,NaN,NaN,86.1507,512.745,10.6432,0.3805,0,-0.9147
50.95,NaN,NaN,NaN,NaN,NaN,NaN,86.5091,516.96,9.0063,0.3808,0,-0.9091
50.955,NaN,NaN,NaN,NaN,NaN,NaN,86.9022,522.506,7.3284,0.3811,0,-0.9035
50.96,NaN,NaN,NaN,NaN,NaN,NaN,87.3164,529.438,5.5937,0.3814,0,-0.8979
50.965,NaN,NaN,NaN,NaN,NaN,NaN,87.7753,537.759,3.7877,0.3816,0,-0.8923
50.97,NaN,NaN,NaN,NaN,NaN,NaN,88.339,547.413,1.8889,0.3819,0,-0.8867
50.975,NaN,NaN,NaN,NaN,NaN,NaN,89.0812,558.285,-0.1331,0.3822,0,-0.8811
50.98,NaN,NaN,NaN,NaN,NaN,NaN,90.0544,570.206,-2.3108,0.3824,0,-0.8755
50.985,NaN,NaN,NaN,NaN,NaN,NaN,91.2632,582.97,-4.672,0.3827,0,-0.8698
50.99,NaN,NaN,NaN,NaN,NaN,NaN,92.6602,596.354,-7.2355,0.3829,0,-0.8641
50.995,NaN,NaN,NaN,NaN,NaN,NaN,94.1629,610.154,-10.0141,0.3832,0,-0.8583
51,NaN,NaN,NaN,NaN,NaN,NaN,95.6811,624.206,-13.0198,0.3834,0,-0.8525
51.005,NaN,NaN,NaN,NaN,NaN,NaN,97.1402,638.417,-16.2688,0.3836,0,-0.8467
51.01,NaN,NaN,NaN,NaN,NaN,NaN,98.4947,652.767,-19.7801,0.3838,0,-0.8409
51.015,NaN,NaN,NaN,NaN,NaN,NaN,99.7326,667.317,-23.5709,0.384,0,-0.835
51.02,NaN,NaN,NaN,NaN,NaN,NaN,100.877,682.187,-27.6496,0.3843,0,-0.8292
51.025,NaN,NaN,NaN,NaN,NaN,NaN,101.986,697.519,-32.0132,0.3845,0,-0.8234
51.03,NaN,NaN,NaN,NaN,NaN,NaN,103.144,713.429,-36.6497,0.3847,0,-0.8176
51.035,NaN,NaN,NaN,NaN,NaN,NaN,104.443,729.953,-41.544,0.3849,0,-0.8117
51.04,NaN,NaN,NaN,NaN,NaN,NaN,105.953,747.014,-46.6825,0.385,0,-0.8059
51.045,NaN,NaN,NaN,NaN,NaN,NaN,107.697,764.412,-52.0547,0.3852,0,-0.8
51.05,NaN,NaN,NaN,NaN,NaN,NaN,109.638,781.851,-57.6489,0.3853,0,-0.7941
51.055,NaN,NaN,NaN,NaN,NaN,NaN,111.685,798.971,-63.4435,0.3854,0,-0.7881
51.06,NaN,NaN,NaN,NaN,NaN,NaN,113.726,815.396,-69.3981,0.3855,0,-0.7821
51.065,NaN,NaN,NaN,NaN,NaN,NaN,115.663,830.768,-75.4463,0.3856,0,-0.776
51.07,NaN,NaN,NaN,NaN,NaN,NaN,117.448,844.778,-81.4982,0.3858,0,-0.7699
51.075,NaN,NaN,NaN,NaN,NaN,NaN,119.104,857.184,-87.4567,0.3859,0,-0.7639
51.08,NaN,NaN,NaN,NaN,NaN,NaN,120.721,867.815,-93.2441,0.386,0,-0.7581
51.085,NaN,NaN,NaN,NaN,NaN,NaN,122.426,876.553,-98.8307,0.3862,0,-0.7523
51.09,NaN,NaN,NaN,NaN,NaN,NaN,124.34,883.297,-104.25,0.3864,0,-0.7467
51.095,NaN,NaN,NaN,NaN,NaN,NaN,126.523,887.928,-109.587,0.3866,0,-0.7411
51.1,NaN,NaN,NaN,NaN,NaN,NaN,128.936,890.277,-114.947,0.3868,0,-0.7356
51.105,NaN,NaN,NaN,NaN,NaN,NaN,131.415,890.113,-120.405,0.387,0,-0.73
51.11,NaN,NaN,NaN,NaN,NaN,NaN,133.68,887.146,-125.964,0.3873,0,-0.7244
51.115,NaN,NaN,NaN,NaN,NaN,NaN,135.372,881.071,-131.536,0.3876,0,-0.7187
51.12,NaN,NaN,NaN,NaN,NaN,NaN,136.134,871.619,-136.947,0.3878,0,-0.7131
51.125,NaN,NaN,NaN,NaN,NaN,NaN,135.692,858.636,-141.971,0.3881,0,-0.7074
51.13,NaN,NaN,NaN,NaN,NaN,NaN,133.927,842.142,-146.398,0.3885,0,-0.7018
51.135,NaN,NaN,NaN,NaN,NaN,NaN,130.914,822.34,-150.087,0.3889,0,-0.6963
51.14,NaN,NaN,NaN,NaN,NaN,NaN,126.896,799.568,-152.999,0.3894,0,-0.6908
51.145,NaN,NaN,NaN,NaN,NaN,NaN,122.212,774.183,-155.194,0.39,0,-0.6854
51.15,NaN,NaN,NaN,NaN,NaN,NaN,117.185,746.418,-156.786,0.3908,0,-0.6799
51.155,NaN,NaN,NaN,NaN,NaN,NaN,112.008,716.241,-157.878,0.3917,0,-0.6742
51.16,NaN,NaN,NaN,NaN,NaN,NaN,106.69,683.275,-158.487,0.3927,0,-0.6684
51.165,NaN,NaN,NaN,NaN,NaN,NaN,101.08,646.808,-158.474,0.3937,0,-0.6623
51.17,NaN,NaN,NaN,NaN,NaN,NaN,94.9722,605.926,-157.504,0.3948,0,-0.656
51.175,NaN,NaN,NaN,NaN,NaN,NaN,88.2246,559.743,-155.035,0.3959,0,-0.6495
51.18,NaN,NaN,NaN,NaN,NaN,NaN,80.8437,507.724,-150.373,0.3969,0,-0.6428
51.185,NaN,NaN,NaN,NaN,NaN,NaN,73.007,450.017,-142.778,0.398,0,-0.6361
51.19,NaN,NaN,NaN,NaN,NaN,NaN,65.0253,387.721,-131.651,0.3991,0,-0.6292
51.195,NaN,NaN,NaN,NaN,NaN,NaN,57.2726,322.974,-116.758,0.4004,0,-0.6225
51.2,NaN,NaN,NaN,NaN,NaN,NaN,50.1159,258.782,-98.4362,0.402,0,-0.6161
51.205,NaN,NaN,NaN,NaN,NaN,NaN,43.8692,198.574,-77.6802,0.4041,0,-0.6107
51.21,NaN,NaN,NaN,NaN,NaN,NaN,38.7711,145.588,-56.037,0.4067,0,-0.6076
51.215,NaN,NaN,NaN,NaN,NaN,NaN,34.9671,102.243,-35.3235,0.41,0,-0.6093
51.22,NaN,NaN,NaN,NaN,NaN,NaN,32.4782,69.6728,-17.2543,0.414,0,-0.6203
51.225,NaN,NaN,NaN,NaN,NaN,NaN,31.1676,47.5641,-3.0921,0.4182,0,-0.6462
51.23,NaN,NaN,NaN,NaN,NaN,NaN,30.74,34.3275,6.5845,0.4215,0,-0.6875
51.235,NaN,NaN,NaN,NaN,NaN,NaN,30.791,27.546,11.9301,0.4227,0,-0.7297
51.24,NaN,NaN,NaN,NaN,NaN,NaN,30.8924,24.5588,13.6914,0.4227,0,-0.7523
51.245,NaN,NaN,NaN,NaN,NaN,NaN,30.6746,23.0112,12.9352,0.4238,0,-0.7498
51.25,NaN,NaN,NaN,NaN,NaN,NaN,29.8838,21.2394,10.7544,0.4276,0,-0.7287
51.255,NaN,NaN,NaN,NaN,NaN,NaN,0,0,0,0,0,0
51.26,NaN,NaN,NaN,NaN,NaN,NaN,0,0,0,0,0,0
51.265,NaN,NaN,NaN,NaN,NaN,NaN,0,0,0,0,0,0
51.27,NaN,NaN,NaN,NaN,NaN,NaN,0,0,0,0,0,0
51.275,NaN,NaN,NaN,NaN,NaN,NaN,0,0,0,0,0,0
51.28,NaN,NaN,NaN,NaN,NaN,NaN,0,0,0,0,0,0
51.285,NaN,NaN,NaN,NaN,NaN,NaN,0,0,0,0,0,0
51.29,NaN,NaN,NaN,NaN,NaN,NaN,0,0,0,0,0,0
51.295,NaN,NaN,NaN,NaN,NaN,NaN,0,0,0,0,0,0
51.3,NaN,NaN,NaN,NaN,NaN,NaN,0,0,0,0,0,0
51.305,NaN,NaN,NaN,NaN,NaN,NaN,0,0,0,0,0,0
51.31,NaN,NaN,NaN,NaN,NaN,NaN,0,0,0,0,0,0
51.315,NaN,NaN,NaN,NaN,NaN,NaN,0,0,0,0,0,0
51.32,NaN,NaN,NaN,NaN,NaN,NaN,0,0,0,0,0,0
51.325,NaN,NaN,NaN,NaN,NaN,NaN,0,0,0,0,0,0
51.33,NaN,NaN,NaN,NaN,NaN,NaN,0,0,0,0,0,0
51.335,NaN,NaN,NaN,NaN,NaN,NaN,0,0,0,0,0,0
51.34,NaN,NaN,NaN,NaN,NaN,NaN,0,0,0,0,0,0
51.345,NaN,NaN,NaN,NaN,NaN,NaN,0,0,0,0,0,0
51.35,NaN,NaN,NaN,NaN,NaN,NaN,0,0,0,0,0,0
51.355,NaN,NaN,NaN,NaN,NaN,NaN,0,0,0,0,0,0
51.36,NaN,NaN,NaN,NaN,NaN,NaN,0,0,0,0,0,0
51.365,NaN,NaN,NaN,NaN,NaN,NaN,0,0,0,0,0,0
51.37,NaN,NaN,NaN,NaN,NaN,NaN,0,0,0,0,0,0
51.375,NaN,NaN,NaN,NaN,NaN,NaN,0,0,0,0,0,0
51.38,NaN,NaN,NaN,NaN,NaN,NaN,0,0,0,0,0,0
51.385,NaN,NaN,NaN,NaN,NaN,NaN,0,0,0,0,0,0
51.39,NaN,NaN,NaN,NaN,NaN,NaN,0,0,0,0,0,0
51.395,NaN,NaN,NaN,NaN,NaN,NaN,0,0,0,0,0,0
51.4,NaN,NaN,NaN,NaN,NaN,NaN,0,0,0,0,0,0
51.405,NaN,NaN,NaN,NaN,NaN,NaN,0,0,0,0,0,0
51.41,NaN,NaN,NaN,NaN,NaN,NaN,0,0,0,0,0,0
51.415,NaN,NaN,NaN,NaN,NaN,NaN,0,0,0,0,0,0
51.42,NaN,NaN,NaN,NaN,NaN,NaN,0,0,0,0,0,0
51.425,NaN,NaN,NaN,NaN,NaN,NaN,0,0,0,0,0,0
51.43,NaN,NaN,NaN,NaN,NaN,NaN,0,0,0,0,0,0
51.435,NaN,NaN,NaN,NaN,NaN,NaN,0,0,0,0,0,0
51.44,NaN,NaN,NaN,NaN,NaN,NaN,0,0,0,0,0,0
51.445,NaN,NaN,NaN,NaN,NaN,NaN,0,0,0,0,0,0
51.45,NaN,NaN,NaN,NaN,NaN,NaN,0,0,0,0,0,0
51.455,NaN,NaN,NaN,NaN,NaN,NaN,0,0,0,0,0,0
51.46,NaN,NaN,NaN,NaN,NaN,NaN,0,0,0,0,0,0
51.465,NaN,NaN,NaN,NaN,NaN,NaN,0,0,0,0,0,0
51.47,NaN,NaN,NaN,NaN,NaN,NaN,0,0,0,0,0,0
51.475,NaN,NaN,NaN,NaN,NaN,NaN,0,0,0,0,0,0
51.48,NaN,NaN,NaN,NaN,NaN,NaN,0,0,0,0,0,0
51.485,NaN,NaN,NaN,NaN,NaN,NaN,0,0,0,0,0,0
51.49,NaN,NaN,NaN,NaN,NaN,NaN,0,0,0,0,0,0
51.495,NaN,NaN,NaN,NaN,NaN,NaN,0,0,0,0,0,0
51.5,NaN,NaN,NaN,NaN,NaN,NaN,0,0,0,0,0,0
51.505,NaN,NaN,NaN,NaN,NaN,NaN,0,0,0,0,0,0
51.51,NaN,NaN,NaN,NaN,NaN,NaN,0,0,0,0,0,0
51.515,NaN,NaN,NaN,NaN,NaN,NaN,0,0,0,0,0,0
51.52,NaN,NaN,NaN,NaN,NaN,NaN,0,0,0,0,0,0
51.525,NaN,NaN,NaN,NaN,NaN,NaN,0,0,0,0,0,0
51.53,NaN,NaN,NaN,NaN,NaN,NaN,0,0,0,0,0,0
51.535,NaN,NaN,NaN,NaN,NaN,NaN,0,0,0,0,0,0
51.54,NaN,NaN,NaN,NaN,NaN,NaN,0,0,0,0,0,0
51.545,NaN,NaN,NaN,NaN,NaN,NaN,0,0,0,0,0,0
51.55,NaN,NaN,NaN,NaN,NaN,NaN,0,0,0,0,0,0
51.555,NaN,NaN,NaN,NaN,NaN,NaN,0,0,0,0,0,0
51.56,NaN,NaN,NaN,NaN,NaN,NaN,0,0,0,0,0,0
51.565,NaN,NaN,NaN,NaN,NaN,NaN,0,0,0,0,0,0
51.57,NaN,NaN,NaN,NaN,NaN,NaN,0,0,0,0,0,0
51.575,NaN,NaN,NaN,NaN,NaN,NaN,0,0,0,0,0,0
51.58,NaN,NaN,NaN,NaN,NaN,NaN,0,0,0,0,0,0
51.585,NaN,NaN,NaN,NaN,NaN,NaN,0,0,0,0,0,0
51.59,NaN,NaN,NaN,NaN,NaN,NaN,0,0,0,0,0,0
51.595,NaN,NaN,NaN,NaN,NaN,NaN,0,0,0,0,0,0
51.6,NaN,NaN,NaN,NaN,NaN,NaN,0,0,0,0,0,0
51.605,NaN,NaN,NaN,NaN,NaN,NaN,0,0,0,0,0,0
51.61,NaN,NaN,NaN,NaN,NaN,NaN,0,0,0,0,0,0
51.615,NaN,NaN,NaN,NaN,NaN,NaN,0,0,0,0,0,0
51.62,NaN,NaN,NaN,NaN,NaN,NaN,0,0,0,0,0,0
51.625,NaN,NaN,NaN,NaN,NaN,NaN,0,0,0,0,0,0
51.63,NaN,NaN,NaN,NaN,NaN,NaN,0,0,0,0,0,0
51.635,NaN,NaN,NaN,NaN,NaN,NaN,0,0,0,0,0,0
51.64,NaN,NaN,NaN,NaN,NaN,NaN,0,0,0,0,0,0
51.645,NaN,NaN,NaN,NaN,NaN,NaN,0,0,0,0,0,0
51.65,NaN,NaN,NaN,NaN,NaN,NaN,0,0,0,0,0,0
51.655,NaN,NaN,NaN,NaN,NaN,NaN,0,0,0,0,0,0
51.66,NaN,NaN,NaN,NaN,NaN,NaN,29.7997,27.7019,-4.7383,0.4874,0,-1.2265
51.665,NaN,NaN,NaN,NaN,NaN,NaN,26.8999,44.9834,-17.3129,0.4767,0,-1.1869
51.67,NaN,NaN,NaN,NaN,NaN,NaN,22.4225,66.1076,-30.64,0.4729,0,-1.1556
51.675,NaN,NaN,NaN,NaN,NaN,NaN,17.0239,90.966,-41.4611,0.471,0,-1.1321
51.68,NaN,NaN,NaN,NaN,NaN,NaN,11.8365,120.145,-46.6228,0.4688,0,-1.1173
51.685,NaN,NaN,NaN,NaN,NaN,NaN,8.1867,155.057,-43.9419,0.4652,0,-1.1113
51.69,NaN,NaN,NaN,NaN,NaN,NaN,7.2206,197.527,-32.7492,0.4601,0,-1.1131
51.695,NaN,NaN,NaN,NaN,NaN,NaN,9.601,248.844,-13.9549,0.454,0,-1.1202
51.7,NaN,NaN,NaN,NaN,NaN,NaN,15.3951,308.623,10.2929,0.4479,0,-1.1297
51.705,NaN,NaN,NaN,NaN,NaN,NaN,24.1536,374.03,37.1298,0.4425,0,-1.1391
51.71,NaN,NaN,NaN,NaN,NaN,NaN,35.0718,439.855,63.4674,0.4383,0,-1.1469
51.715,NaN,NaN,NaN,NaN,NaN,NaN,47.11,499.58,86.4052,0.4354,0,-1.1523
51.72,NaN,NaN,NaN,NaN,NaN,NaN,59.0525,547.108,103.634,0.4337,0,-1.1552
51.725,NaN,NaN,NaN,NaN,NaN,NaN,69.6104,578.499,113.858,0.433,0,-1.1558
51.73,NaN,NaN,NaN,NaN,NaN,NaN,77.6995,593.047,117.097,0.4328,0,-1.1541
51.735,NaN,NaN,NaN,NaN,NaN,NaN,82.8569,593.397,114.648,0.4328,0,-1.1506
51.74,NaN,NaN,NaN,NaN,NaN,NaN,85.5517,584.741,108.662,0.4325,0,-1.1457
51.745,NaN,NaN,NaN,NaN,NaN,NaN,87.1086,573.44,101.535,0.4317,0,-1.14
51.75,NaN,NaN,NaN,NaN,NaN,NaN,89.1804,565.472,95.3716,0.4303,0,-1.1341
51.755,NaN,NaN,NaN,NaN,NaN,NaN,93.0178,565.187,91.6509,0.4284,0,-1.1287
51.76,NaN,NaN,NaN,NaN,NaN,NaN,98.9483,574.638,91.111,0.4262,0,-1.1244
51.765,NaN,NaN,NaN,NaN,NaN,NaN,106.347,593.597,93.7822,0.4239,0,-1.1211
51.77,NaN,NaN,NaN,NaN,NaN,NaN,114.069,620.147,99.1183,0.4219,0,-1.1188
51.775,NaN,NaN,NaN,NaN,NaN,NaN,121.048,651.6,106.183,0.4201,0,-1.117
51.78,NaN,NaN,NaN,NaN,NaN,NaN,126.696,685.391,113.87,0.4187,0,-1.1153
51.785,NaN,NaN,NaN,NaN,NaN,NaN,130.941,719.663,121.131,0.4176,0,-1.1133
51.79,NaN,NaN,NaN,NaN,NaN,NaN,133.98,753.401,127.18,0.4168,0,-1.1108
51.795,NaN,NaN,NaN,NaN,NaN,NaN,136.002,786.178,131.593,0.4162,0,-1.1079
51.8,NaN,NaN,NaN,NaN,NaN,NaN,137.081,817.689,134.294,0.4156,0,-1.1046
51.805,NaN,NaN,NaN,NaN,NaN,NaN,137.271,847.338,135.443,0.4151,0,-1.101
51.81,NaN,NaN,NaN,NaN,NaN,NaN,136.748,874.071,135.313,0.4145,0,-1.0973
51.815,NaN,NaN,NaN,NaN,NaN,NaN,135.841,896.5,134.223,0.4139,0,-1.0935
51.82,NaN,NaN,NaN,NaN,NaN,NaN,134.918,913.252,132.501,0.4132,0,-1.0896
51.825,NaN,NaN,NaN,NaN,NaN,NaN,134.204,923.383,130.441,0.4126,0,-1.0857
51.83,NaN,NaN,NaN,NaN,NaN,NaN,133.705,926.684,128.267,0.4119,0,-1.0818
51.835,NaN,NaN,NaN,NaN,NaN,NaN,133.28,923.76,126.104,0.4112,0,-1.0779
51.84,NaN,NaN,NaN,NaN,NaN,NaN,132.813,915.881,123.982,0.4104,0,-1.0742
51.845,NaN,NaN,NaN,NaN,NaN,NaN,132.33,904.674,121.864,0.4095,0,-1.0705
51.85,NaN,NaN,NaN,NaN,NaN,NaN,131.976,891.759,119.67,0.4085,0,-1.067
51.855,NaN,NaN,NaN,NaN,NaN,NaN,131.872,878.448,117.297,0.4075,0,-1.0636
51.86,NaN,NaN,NaN,NaN,NaN,NaN,131.99,865.578,114.627,0.4065,0,-1.0603
51.865,NaN,NaN,NaN,NaN,NaN,NaN,132.151,853.481,111.552,0.4055,0,-1.057
51.87,NaN,NaN,NaN,NaN,NaN,NaN,132.134,842.078,108.008,0.4046,0,-1.0537
51.875,NaN,NaN,NaN,NaN,NaN,NaN,131.811,831.038,104,0.4038,0,-1.0503
51.88,NaN,NaN,NaN,NaN,NaN,NaN,131.18,819.943,99.6051,0.403,0,-1.0467
51.885,NaN,NaN,NaN,NaN,NaN,NaN,130.293,808.43,94.954,0.4023,0,-1.043
51.89,NaN,NaN,NaN,NaN,NaN,NaN,129.161,796.278,90.2014,0.4016,0,-1.0392
51.895,NaN,NaN,NaN,NaN,NaN,NaN,127.73,783.432,85.4964,0.401,0,-1.0352
51.9,NaN,NaN,NaN,NaN,NaN,NaN,125.948,769.98,80.9578,0.4004,0,-1.0312
51.905,NaN,NaN,NaN,NaN,NaN,NaN,123.861,756.098,76.6597,0.3998,0,-1.0271
51.91,NaN,NaN,NaN,NaN,NaN,NaN,121.64,741.988,72.6277,0.3992,0,-1.0231
51.915,NaN,NaN,NaN,NaN,NaN,NaN,119.52,727.836,68.8412,0.3986,0,-1.0191
51.92,NaN,NaN,NaN,NaN,NaN,NaN,117.676,713.779,65.2434,0.3981,0,-1.015
51.925,NaN,NaN,NaN,NaN,NaN,NaN,116.141,699.892,61.7599,0.3976,0,-1.0109
51.93,NaN,NaN,NaN,NaN,NaN,NaN,114.814,686.205,58.3237,0.3972,0,-1.0066
51.935,NaN,NaN,NaN,NaN,NaN,NaN,113.548,672.714,54.8942,0.3968,0,-1.0021
51.94,NaN,NaN,NaN,NaN,NaN,NaN,112.246,659.417,51.4585,0.3966,0,-0.9974
51.945,NaN,NaN,NaN,NaN,NaN,NaN,110.901,646.331,48.0212,0.3964,0,-0.9924
51.95,NaN,NaN,NaN,NaN,NaN,NaN,109.55,633.508,44.5954,0.3964,0,-0.9873
51.955,NaN,NaN,NaN,NaN,NaN,NaN,108.217,621.036,41.2043,0.3964,0,-0.9821
51.96,NaN,NaN,NaN,NaN,NaN,NaN,106.863,609.037,37.893,0.3965,0,-0.9767
51.965,NaN,NaN,NaN,NaN,NaN,NaN,105.409,597.65,34.7355,0.3967,0,-0.9713
51.97,NaN,NaN,NaN,NaN,NaN,NaN,103.783,586.998,31.8213,0.3969,0,-0.9659
51.975,NaN,NaN,NaN,NaN,NaN,NaN,101.979,577.161,29.221,0.3971,0,-0.9608
51.98,NaN,NaN,NaN,NaN,NaN,NaN,100.073,568.156,26.9479,0.3973,0,-0.9558
51.985,NaN,NaN,NaN,NaN,NaN,NaN,98.1956,559.95,24.9451,0.3976,0,-0.9509
51.99,NaN,NaN,NaN,NaN,NaN,NaN,96.486,552.495,23.1086,0.3979,0,-0.946
51.995,NaN,NaN,NaN,NaN,NaN,NaN,95.0339,545.755,21.3338,0.3984,0,-0.941
52,NaN,NaN,NaN,NaN,NaN,NaN,93.8494,539.733,19.5556,0.3989,0,-0.936
52.005,NaN,NaN,NaN,NaN,NaN,NaN,92.8654,534.467,17.7588,0.3995,0,-0.9308
52.01,NaN,NaN,NaN,NaN,NaN,NaN,91.974,530.013,15.9555,0.4002,0,-0.9256
52.015,NaN,NaN,NaN,NaN,NaN,NaN,91.0785,526.432,14.1518,0.4007,0,-0.9204
52.02,NaN,NaN,NaN,NaN,NaN,NaN,90.1359,523.783,12.328,0.4013,0,-0.9153
52.025,NaN,NaN,NaN,NaN,NaN,NaN,89.1692,522.14,10.444,0.4018,0,-0.9101
52.03,NaN,NaN,NaN,NaN,NaN,NaN,88.2467,521.602,8.4649,0.4022,0,-0.9049
52.035,NaN,NaN,NaN,NaN,NaN,NaN,87.4457,522.301,6.3853,0.4026,0,-0.8995
52.04,NaN,NaN,NaN,NaN,NaN,NaN,86.8231,524.383,4.2363,0.403,0,-0.894
52.045,NaN,NaN,NaN,NaN,NaN,NaN,86.4107,527.98,2.0725,0.4034,0,-0.8884
52.05,NaN,NaN,NaN,NaN,NaN,NaN,86.2267,533.171,-0.0499,0.4038,0,-0.8827
52.055,NaN,NaN,NaN,NaN,NaN,NaN,86.2884,539.96,-2.0943,0.4041,0,-0.8769
52.06,NaN,NaN,NaN,NaN,NaN,NaN,86.609,548.272,-4.0545,0.4045,0,-0.8712
52.065,NaN,NaN,NaN,NaN,NaN,NaN,87.1816,557.961,-5.9567,0.4048,0,-0.8655
52.07,NaN,NaN,NaN,NaN,NaN,NaN,87.9649,568.84,-7.8548,0.4052,0,-0.86
52.075,NaN,NaN,NaN,NaN,NaN,NaN,88.8911,580.707,-9.8266,0.4055,0,-0.8545
52.08,NaN,NaN,NaN,NaN,NaN,NaN,89.8965,593.372,-11.9669,0.4058,0,-0.8491
52.085,NaN,NaN,NaN,NaN,NaN,NaN,90.9563,606.672,-14.3782,0.406,0,-0.8438
52.09,NaN,NaN,NaN,NaN,NaN,NaN,92.0979,620.487,-17.1584,0.4062,0,-0.8384
52.095,NaN,NaN,NaN,NaN,NaN,NaN,93.3814,634.738,-20.3871,0.4065,0,-0.8329
52.1,NaN,NaN,NaN,NaN,NaN,NaN,94.8609,649.396,-24.1123,0.4067,0,-0.8272
52.105,NaN,NaN,NaN,NaN,NaN,NaN,96.5508,664.469,-28.3383,0.4069,0,-0.8214
52.11,NaN,NaN,NaN,NaN,NaN,NaN,98.4129,679.981,-33.0244,0.4072,0,-0.8154
52.115,NaN,NaN,NaN,NaN,NaN,NaN,100.364,695.957,-38.0988,0.4074,0,-0.8094
52.12,NaN,NaN,NaN,NaN,NaN,NaN,102.298,712.395,-43.4861,0.4076,0,-0.8033
52.125,NaN,NaN,NaN,NaN,NaN,NaN,104.105,729.263,-49.1354,0.4078,0,-0.7972
52.13,NaN,NaN,NaN,NaN,NaN,NaN,105.699,746.496,-55.0335,0.408,0,-0.7912
52.135,NaN,NaN,NaN,NaN,NaN,NaN,107.031,764.004,-61.2013,0.4081,0,-0.7853
52.14,NaN,NaN,NaN,NaN,NaN,NaN,108.098,781.674,-67.6766,0.4083,0,-0.7794
52.145,NaN,NaN,NaN,NaN,NaN,NaN,108.933,799.363,-74.491,0.4084,0,-0.7735
52.15,NaN,NaN,NaN,NaN,NaN,NaN,109.6,816.888,-81.6481,0.4085,0,-0.7676
52.155,NaN,NaN,NaN,NaN,NaN,NaN,110.182,834.013,-89.1109,0.4086,0,-0.7616
52.16,NaN,NaN,NaN,NaN,NaN,NaN,110.766,850.436,-96.8036,0.4087,0,-0.7556
52.165,NaN,NaN,NaN,NaN,NaN,NaN,111.434,865.795,-104.628,0.4087,0,-0.7496
52.17,NaN,NaN,NaN,NaN,NaN,NaN,112.249,879.675,-112.487,0.4086,0,-0.7435
52.175,NaN,NaN,NaN,NaN,NaN,NaN,113.256,891.637,-120.301,0.4086,0,-0.7375
52.18,NaN,NaN,NaN,NaN,NaN,NaN,114.487,901.239,-128.016,0.4086,0,-0.7315
52.185,NaN,NaN,NaN,NaN,NaN,NaN,115.964,908.062,-135.597,0.4086,0,-0.7255
52.19,NaN,NaN,NaN,NaN,NaN,NaN,117.695,911.719,-143.019,0.4087,0,-0.7195
52.195,NaN,NaN,NaN,NaN,NaN,NaN,119.641,911.867,-150.242,0.4087,0,-0.7136
52.2,NaN,NaN,NaN,NaN,NaN,NaN,121.689,908.232,-157.195,0.4089,0,-0.7076
52.205,NaN,NaN,NaN,NaN,NaN,NaN,123.625,900.628,-163.768,0.409,0,-0.7017
52.21,NaN,NaN,NaN,NaN,NaN,NaN,125.134,888.984,-169.825,0.4092,0,-0.6958
52.215,NaN,NaN,NaN,NaN,NaN,NaN,125.849,873.343,-175.236,0.4095,0,-0.6899
52.22,NaN,NaN,NaN,NaN,NaN,NaN,125.43,853.81,-179.936,0.4098,0,-0.684
52.225,NaN,NaN,NaN,NaN,NaN,NaN,123.646,830.458,-183.952,0.4101,0,-0.6782
52.23,NaN,NaN,NaN,NaN,NaN,NaN,120.431,803.175,-187.383,0.4105,0,-0.6723
52.235,NaN,NaN,NaN,NaN,NaN,NaN,115.89,771.522,-190.29,0.4109,0,-0.6665
52.24,NaN,NaN,NaN,NaN,NaN,NaN,110.246,734.679,-192.539,0.4113,0,-0.6605
52.245,NaN,NaN,NaN,NaN,NaN,NaN,103.766,691.541,-193.649,0.4119,0,-0.6544
52.25,NaN,NaN,NaN,NaN,NaN,NaN,96.6979,641.019,-192.738,0.4125,0,-0.6479
52.255,NaN,NaN,NaN,NaN,NaN,NaN,89.2469,582.483,-188.613,0.4132,0,-0.6411
52.26,NaN,NaN,NaN,NaN,NaN,NaN,81.6028,516.24,-180.026,0.414,0,-0.6339
52.265,NaN,NaN,NaN,NaN,NaN,NaN,73.9825,443.878,-166.045,0.415,0,-0.6261
52.27,NaN,NaN,NaN,NaN,NaN,NaN,66.648,368.317,-146.428,0.4162,0,-0.618
52.275,NaN,NaN,NaN,NaN,NaN,NaN,59.8755,293.491,-121.88,0.4178,0,-0.6099
52.28,NaN,NaN,NaN,NaN,NaN,NaN,53.8868,223.717,-94.0866,0.4198,0,-0.6025
52.285,NaN,NaN,NaN,NaN,NaN,NaN,48.7801,162.89,-65.4869,0.4224,0,-0.5975
52.29,NaN,NaN,NaN,NaN,NaN,NaN,44.5065,113.737,-38.8152,0.4259,0,-0.5983
52.295,NaN,NaN,NaN,NaN,NaN,NaN,40.9115,77.3168,-16.5066,0.4301,0,-0.6102
52.3,NaN,NaN,NaN,NaN,NaN,NaN,37.821,52.926,-0.1525,0.4341,0,-0.639
52.305,NaN,NaN,NaN,NaN,NaN,NaN,35.1128,38.4246,9.8034,0.4365,0,-0.6833
52.31,NaN,NaN,NaN,NaN,NaN,NaN,32.724,30.8576,14.0245,0.436,0,-0.7264
52.315,NaN,NaN,NaN,NaN,NaN,NaN,30.5971,27.1707,13.9409,0.4339,0,-0.7487
52.32,NaN,NaN,NaN,NaN,NaN,NaN,28.6226,24.824,11.2792,0.4329,0,-0.7477
52.325,NaN,NaN,NaN,NaN,NaN,NaN,26.644,22.1656,7.6403,0.4344,0,-0.7322
52.33,NaN,NaN,NaN,NaN,NaN,NaN,0,0,0,0,0,0
52.335,NaN,NaN,NaN,NaN,NaN,NaN,0,0,0,0,0,0
52.34,NaN,NaN,NaN,NaN,NaN,NaN,0,0,0,0,0,0
52.345,NaN,NaN,NaN,NaN,NaN,NaN,0,0,0,0,0,0
52.35,NaN,NaN,NaN,NaN,NaN,NaN,0,0,0,0,0,0
52.355,NaN,NaN,NaN,NaN,NaN,NaN,0,0,0,0,0,0
52.36,NaN,NaN,NaN,NaN,NaN,NaN,0,0,0,0,0,0
52.365,NaN,NaN,NaN,NaN,NaN,NaN,0,0,0,0,0,0
52.37,NaN,NaN,NaN,NaN,NaN,NaN,0,0,0,0,0,0
52.375,NaN,NaN,NaN,NaN,NaN,NaN,0,0,0,0,0,0
52.38,NaN,NaN,NaN,NaN,NaN,NaN,0,0,0,0,0,0
52.385,NaN,NaN,NaN,NaN,NaN,NaN,0,0,0,0,0,0
52.39,NaN,NaN,NaN,NaN,NaN,NaN,0,0,0,0,0,0
52.395,NaN,NaN,NaN,NaN,NaN,NaN,0,0,0,0,0,0
52.4,NaN,NaN,NaN,NaN,NaN,NaN,0,0,0,0,0,0
52.405,NaN,NaN,NaN,NaN,NaN,NaN,0,0,0,0,0,0
52.41,NaN,NaN,NaN,NaN,NaN,NaN,0,0,0,0,0,0
52.415,NaN,NaN,NaN,NaN,NaN,NaN,0,0,0,0,0,0
52.42,NaN,NaN,NaN,NaN,NaN,NaN,0,0,0,0,0,0
52.425,NaN,NaN,NaN,NaN,NaN,NaN,0,0,0,0,0,0
52.43,NaN,NaN,NaN,NaN,NaN,NaN,0,0,0,0,0,0
52.435,NaN,NaN,NaN,NaN,NaN,NaN,0,0,0,0,0,0
52.44,NaN,NaN,NaN,NaN,NaN,NaN,0,0,0,0,0,0
52.445,NaN,NaN,NaN,NaN,NaN,NaN,0,0,0,0,0,0
52.45,NaN,NaN,NaN,NaN,NaN,NaN,0,0,0,0,0,0
52.455,NaN,NaN,NaN,NaN,NaN,NaN,0,0,0,0,0,0
52.46,NaN,NaN,NaN,NaN,NaN,NaN,0,0,0,0,0,0
52.465,NaN,NaN,NaN,NaN,NaN,NaN,0,0,0,0,0,0
52.47,NaN,NaN,NaN,NaN,NaN,NaN,0,0,0,0,0,0
52.475,NaN,NaN,NaN,NaN,NaN,NaN,0,0,0,0,0,0
52.48,NaN,NaN,NaN,NaN,NaN,NaN,0,0,0,0,0,0
52.485,NaN,NaN,NaN,NaN,NaN,NaN,0,0,0,0,0,0
52.49,NaN,NaN,NaN,NaN,NaN,NaN,0,0,0,0,0,0
52.495,NaN,NaN,NaN,NaN,NaN,NaN,0,0,0,0,0,0
52.5,NaN,NaN,NaN,NaN,NaN,NaN,0,0,0,0,0,0
52.505,NaN,NaN,NaN,NaN,NaN,NaN,0,0,0,0,0,0
52.51,NaN,NaN,NaN,NaN,NaN,NaN,0,0,0,0,0,0
52.515,NaN,NaN,NaN,NaN,NaN,NaN,0,0,0,0,0,0
52.52,NaN,NaN,NaN,NaN,NaN,NaN,0,0,0,0,0,0
52.525,NaN,NaN,NaN,NaN,NaN,NaN,0,0,0,0,0,0
52.53,NaN,NaN,NaN,NaN,NaN,NaN,0,0,0,0,0,0
52.535,NaN,NaN,NaN,NaN,NaN,NaN,0,0,0,0,0,0
52.54,NaN,NaN,NaN,NaN,NaN,NaN,0,0,0,0,0,0
52.545,NaN,NaN,NaN,NaN,NaN,NaN,0,0,0,0,0,0
52.55,NaN,NaN,NaN,NaN,NaN,NaN,0,0,0,0,0,0
52.555,NaN,NaN,NaN,NaN,NaN,NaN,0,0,0,0,0,0
52.56,NaN,NaN,NaN,NaN,NaN,NaN,0,0,0,0,0,0
52.565,NaN,NaN,NaN,NaN,NaN,NaN,0,0,0,0,0,0
52.57,NaN,NaN,NaN,NaN,NaN,NaN,0,0,0,0,0,0
52.575,NaN,NaN,NaN,NaN,NaN,NaN,0,0,0,0,0,0
52.58,NaN,NaN,NaN,NaN,NaN,NaN,0,0,0,0,0,0
52.585,NaN,NaN,NaN,NaN,NaN,NaN,0,0,0,0,0,0
52.59,NaN,NaN,NaN,NaN,NaN,NaN,0,0,0,0,0,0
52.595,NaN,NaN,NaN,NaN,NaN,NaN,0,0,0,0,0,0
52.6,NaN,NaN,NaN,NaN,NaN,NaN,0,0,0,0,0,0
52.605,NaN,NaN,NaN,NaN,NaN,NaN,0,0,0,0,0,0
52.61,NaN,NaN,NaN,NaN,NaN,NaN,0,0,0,0,0,0
52.615,NaN,NaN,NaN,NaN,NaN,NaN,0,0,0,0,0,0
52.62,NaN,NaN,NaN,NaN,NaN,NaN,0,0,0,0,0,0
52.625,NaN,NaN,NaN,NaN,NaN,NaN,0,0,0,0,0,0
52.63,NaN,NaN,NaN,NaN,NaN,NaN,0,0,0,0,0,0
52.635,NaN,NaN,NaN,NaN,NaN,NaN,0,0,0,0,0,0
52.64,NaN,NaN,NaN,NaN,NaN,NaN,0,0,0,0,0,0
52.645,NaN,NaN,NaN,NaN,NaN,NaN,0,0,0,0,0,0
52.65,NaN,NaN,NaN,NaN,NaN,NaN,0,0,0,0,0,0
52.655,NaN,NaN,NaN,NaN,NaN,NaN,0,0,0,0,0,0
52.66,NaN,NaN,NaN,NaN,NaN,NaN,0,0,0,0,0,0
52.665,NaN,NaN,NaN,NaN,NaN,NaN,0,0,0,0,0,0
52.67,NaN,NaN,NaN,NaN,NaN,NaN,0,0,0,0,0,0
52.675,NaN,NaN,NaN,NaN,NaN,NaN,0,0,0,0,0,0
52.68,NaN,NaN,NaN,NaN,NaN,NaN,0,0,0,0,0,0
52.685,NaN,NaN,NaN,NaN,NaN,NaN,0,0,0,0,0,0
52.69,NaN,NaN,NaN,NaN,NaN,NaN,0,0,0,0,0,0
52.695,NaN,NaN,NaN,NaN,NaN,NaN,0,0,0,0,0,0
52.7,NaN,NaN,NaN,NaN,NaN,NaN,0,0,0,0,0,0
52.705,NaN,NaN,NaN,NaN,NaN,NaN,0,0,0,0,0,0
52.71,NaN,NaN,NaN,NaN,NaN,NaN,0,0,0,0,0,0
52.715,NaN,NaN,NaN,NaN,NaN,NaN,0,0,0,0,0,0
52.72,NaN,NaN,NaN,NaN,NaN,NaN,0,0,0,0,0,0
52.725,NaN,NaN,NaN,NaN,NaN,NaN,0,0,0,0,0,0
52.73,NaN,NaN,NaN,NaN,NaN,NaN,0,0,0,0,0,0
52.735,NaN,NaN,NaN,NaN,NaN,NaN,19.8482,33.5264,-14.4339,0.4803,0,-1.1904
52.74,NaN,NaN,NaN,NaN,NaN,NaN,17.0007,54.1046,-27.7813,0.4836,0,-1.1852
52.745,NaN,NaN,NaN,NaN,NaN,NaN,12.9955,77.0517,-40.3461,0.4876,0,-1.1725
52.75,NaN,NaN,NaN,NaN,NaN,NaN,8.2066,101.405,-49.0462,0.4911,0,-1.1585
52.755,NaN,NaN,NaN,NaN,NaN,NaN,3.3423,127.39,-51.3124,0.493,0,-1.147
52.76,NaN,NaN,NaN,NaN,NaN,NaN,-0.6603,156.753,-45.7425,0.4926,0,-1.1412
52.765,NaN,NaN,NaN,NaN,NaN,NaN,-2.8172,192.387,-32.341,0.4895,0,-1.1424
52.77,NaN,NaN,NaN,NaN,NaN,NaN,-2.2827,237.251,-12.3215,0.4844,0,-1.1496
52.775,NaN,NaN,NaN,NaN,NaN,NaN,1.5251,292.907,12.3417,0.4785,0,-1.1599
52.78,NaN,NaN,NaN,NaN,NaN,NaN,8.8537,358.286,39.3453,0.473,0,-1.1703
52.785,NaN,NaN,NaN,NaN,NaN,NaN,19.5384,429.267,66.3064,0.4687,0,-1.1789
52.79,NaN,NaN,NaN,NaN,NaN,NaN,32.8787,499.369,90.8695,0.4658,0,-1.1849
52.795,NaN,NaN,NaN,NaN,NaN,NaN,47.5524,561.361,110.86,0.4641,0,-1.1884
52.8,NaN,NaN,NaN,NaN,NaN,NaN,61.7529,609.192,124.615,0.4632,0,-1.1895
52.805,NaN,NaN,NaN,NaN,NaN,NaN,73.6778,639.579,131.418,0.4629,0,-1.1887
52.81,NaN,NaN,NaN,NaN,NaN,NaN,82.229,652.774,131.769,0.4626,0,-1.1863
52.815,NaN,NaN,NaN,NaN,NaN,NaN,87.5317,652.367,127.318,0.4621,0,-1.1828
52.82,NaN,NaN,NaN,NaN,NaN,NaN,90.8897,644.247,120.46,0.4612,0,-1.1785
52.825,NaN,NaN,NaN,NaN,NaN,NaN,94.1384,635.081,113.757,0.4597,0,-1.1739
52.83,NaN,NaN,NaN,NaN,NaN,NaN,98.7585,630.743,109.359,0.4578,0,-1.1695
52.835,NaN,NaN,NaN,NaN,NaN,NaN,105.272,635.139,108.592,0.4555,0,-1.1657
52.84,NaN,NaN,NaN,NaN,NaN,NaN,113.221,649.703,111.785,0.4532,0,-1.1627
52.845,NaN,NaN,NaN,NaN,NaN,NaN,121.626,673.61,118.352,0.4511,0,-1.1604
52.85,NaN,NaN,NaN,NaN,NaN,NaN,129.553,704.547,127.073,0.4495,0,-1.1586
52.855,NaN,NaN,NaN,NaN,NaN,NaN,136.429,739.667,136.477,0.4484,0,-1.1567
52.86,NaN,NaN,NaN,NaN,NaN,NaN,142.022,776.392,145.213,0.4477,0,-1.1547
52.865,NaN,NaN,NaN,NaN,NaN,NaN,146.241,812.833,152.32,0.4473,0,-1.1523
52.87,NaN,NaN,NaN,NaN,NaN,NaN,148.971,847.813,157.355,0.4471,0,-1.1497
52.875,NaN,NaN,NaN,NaN,NaN,NaN,150.106,880.593,160.381,0.4468,0,-1.1467
52.88,NaN,NaN,NaN,NaN,NaN,NaN,149.697,910.505,161.803,0.4463,0,-1.1438
52.885,NaN,NaN,NaN,NaN,NaN,NaN,148.093,936.692,162.14,0.4456,0,-1.1408
52.89,NaN,NaN,NaN,NaN,NaN,NaN,145.929,958.083,161.792,0.4449,0,-1.1379
52.895,NaN,NaN,NaN,NaN,NaN,NaN,143.954,973.591,160.921,0.4441,0,-1.1349
52.9,NaN,NaN,NaN,NaN,NaN,NaN,142.772,982.451,159.482,0.4434,0,-1.1317
52.905,NaN,NaN,NaN,NaN,NaN,NaN,142.636,984.518,157.376,0.4429,0,-1.1282
52.91,NaN,NaN,NaN,NaN,NaN,NaN,143.39,980.38,154.606,0.4425,0,-1.1243
52.915,NaN,NaN,NaN,NaN,NaN,NaN,144.587,971.243,151.344,0.4421,0,-1.1202
52.92,NaN,NaN,NaN,NaN,NaN,NaN,145.714,958.642,147.854,0.4417,0,-1.1161
52.925,NaN,NaN,NaN,NaN,NaN,NaN,146.406,944.119,144.355,0.4411,0,-1.1121
52.93,NaN,NaN,NaN,NaN,NaN,NaN,146.543,928.938,140.92,0.4404,0,-1.1082
52.935,NaN,NaN,NaN,NaN,NaN,NaN,146.207,913.932,137.47,0.4395,0,-1.1045
52.94,NaN,NaN,NaN,NaN,NaN,NaN,145.556,899.472,133.828,0.4386,0,-1.1008
52.945,NaN,NaN,NaN,NaN,NaN,NaN,144.706,885.554,129.796,0.4377,0,-1.097
52.95,NaN,NaN,NaN,NaN,NaN,NaN,143.679,871.946,125.231,0.4368,0,-1.093
52.955,NaN,NaN,NaN,NaN,NaN,NaN,142.411,858.33,120.105,0.4361,0,-1.0887
52.96,NaN,NaN,NaN,NaN,NaN,NaN,140.814,844.414,114.516,0.4354,0,-1.0842
52.965,NaN,NaN,NaN,NaN,NaN,NaN,138.816,830.001,108.665,0.4349,0,-1.0796
52.97,NaN,NaN,NaN,NaN,NaN,NaN,136.396,814.993,102.798,0.4344,0,-1.0748
52.975,NaN,NaN,NaN,NaN,NaN,NaN,133.581,799.374,97.1422,0.4339,0,-1.07
52.98,NaN,NaN,NaN,NaN,NaN,NaN,130.454,783.167,91.8452,0.4334,0,-1.0653
52.985,NaN,NaN,NaN,NaN,NaN,NaN,127.156,766.419,86.9366,0.4329,0,-1.0606
52.99,NaN,NaN,NaN,NaN,NaN,NaN,123.89,749.186,82.3332,0.4324,0,-1.056
52.995,NaN,NaN,NaN,NaN,NaN,NaN,120.897,731.554,77.8838,0.4319,0,-1.0514
53,NaN,NaN,NaN,NaN,NaN,NaN,118.393,713.649,73.4386,0.4316,0,-1.0466
53.005,NaN,NaN,NaN,NaN,NaN,NaN,116.488,695.646,68.9105,0.4314,0,-1.0417
53.01,NaN,NaN,NaN,NaN,NaN,NaN,115.129,677.757,64.3063,0.4312,0,-1.0367
53.015,NaN,NaN,NaN,NaN,NaN,NaN,114.102,660.197,59.7192,0.4311,0,-1.0315
53.02,NaN,NaN,NaN,NaN,NaN,NaN,113.105,643.154,55.289,0.431,0,-1.0261
53.025,NaN,NaN,NaN,NaN,NaN,NaN,111.852,626.752,51.147,0.4308,0,-1.0206
53.03,NaN,NaN,NaN,NaN,NaN,NaN,110.177,611.043,47.3667,0.4306,0,-1.015
53.035,NaN,NaN,NaN,NaN,NaN,NaN,108.07,596.018,43.9413,0.4303,0,-1.0093
53.04,NaN,NaN,NaN,NaN,NaN,NaN,105.668,581.638,40.798,0.4301,0,-1.0035
53.045,NaN,NaN,NaN,NaN,NaN,NaN,103.184,567.88,37.8414,0.4299,0,-0.9977
53.05,NaN,NaN,NaN,NaN,NaN,NaN,100.834,554.769,35.0058,0.4297,0,-0.9919
53.055,NaN,NaN,NaN,NaN,NaN,NaN,98.7674,542.385,32.2881,0.4297,0,-0.9863
53.06,NaN,NaN,NaN,NaN,NaN,NaN,97.0522,530.849,29.7421,0.4298,0,-0.981
53.065,NaN,NaN,NaN,NaN,NaN,NaN,95.6808,520.3,27.4375,0.4299,0,-0.976
53.07,NaN,NaN,NaN,NaN,NaN,NaN,94.6022,510.858,25.4094,0.4302,0,-0.9713
53.075,NaN,NaN,NaN,NaN,NaN,NaN,93.7489,502.608,23.6277,0.4304,0,-0.9668
53.08,NaN,NaN,NaN,NaN,NaN,NaN,93.05,495.595,22.001,0.4307,0,-0.9623
53.085,NaN,NaN,NaN,NaN,NaN,NaN,92.4338,489.833,20.4061,0.4309,0,-0.9576
53.09,NaN,NaN,NaN,NaN,NaN,NaN,91.8354,485.32,18.7249,0.4312,0,-0.9525
53.095,NaN,NaN,NaN,NaN,NaN,NaN,91.2134,482.056,16.8733,0.4314,0,-0.9471
53.1,NaN,NaN,NaN,NaN,NaN,NaN,90.5689,480.056,14.814,0.4317,0,-0.9414
53.105,NaN,NaN,NaN,NaN,NaN,NaN,89.949,479.36,12.5571,0.4319,0,-0.9355
53.11,NaN,NaN,NaN,NaN,NaN,NaN,89.4275,480.037,10.1523,0.4322,0,-0.9294
53.115,NaN,NaN,NaN,NaN,NaN,NaN,89.071,482.179,7.673,0.4325,0,-0.9233
53.12,NaN,NaN,NaN,NaN,NaN,NaN,88.9122,485.889,5.1957,0.4328,0,-0.9173
53.125,NaN,NaN,NaN,NaN,NaN,NaN,88.9445,491.254,2.7776,0.4331,0,-0.9114
53.13,NaN,NaN,NaN,NaN,NaN,NaN,89.1362,498.32,0.4415,0.4335,0,-0.9056
53.135,NaN,NaN,NaN,NaN,NaN,NaN,89.4506,507.067,-1.8262,0.4338,0,-0.9
53.14,NaN,NaN,NaN,NaN,NaN,NaN,89.8585,517.413,-4.0667,0.4341,0,-0.8944
53.145,NaN,NaN,NaN,NaN,NaN,NaN,90.3402,529.221,-6.336,0.4344,0,-0.8889
53.15,NaN,NaN,NaN,NaN,NaN,NaN,90.8831,542.337,-8.6969,0.4348,0,-0.8834
53.155,NaN,NaN,NaN,NaN,NaN,NaN,91.484,556.61,-11.2166,0.4351,0,-0.8779
53.16,NaN,NaN,NaN,NaN,NaN,NaN,92.1574,571.931,-13.9653,0.4355,0,-0.8724
53.165,NaN,NaN,NaN,NaN,NaN,NaN,92.9399,588.239,-17.0144,0.4359,0,-0.8669
53.17,NaN,NaN,NaN,NaN,NaN,NaN,93.8807,605.518,-20.43,0.4363,0,-0.8612
53.175,NaN,NaN,NaN,NaN,NaN,NaN,95.0174,623.765,-24.2619,0.4367,0,-0.8555
53.18,NaN,NaN,NaN,NaN,NaN,NaN,96.3542,642.951,-28.5285,0.4371,0,-0.8495
53.185,NaN,NaN,NaN,NaN,NaN,NaN,97.857,662.992,-33.2063,0.4374,0,-0.8434
53.19,NaN,NaN,NaN,NaN,NaN,NaN,99.4721,683.739,-38.2273,0.4376,0,-0.8371
53.195,NaN,NaN,NaN,NaN,NaN,NaN,101.158,704.989,-43.4932,0.4379,0,-0.8307
53.2,NaN,NaN,NaN,NaN,NaN,NaN,102.906,726.511,-48.9021,0.4381,0,-0.8244
53.205,NaN,NaN,NaN,NaN,NaN,NaN,104.74,748.07,-54.381,0.4383,0,-0.8183
53.21,NaN,NaN,NaN,NaN,NaN,NaN,106.691,769.441,-59.9087,0.4386,0,-0.8123
53.215,NaN,NaN,NaN,NaN,NaN,NaN,108.772,790.413,-65.5191,0.4388,0,-0.8065
53.22,NaN,NaN,NaN,NaN,NaN,NaN,110.958,810.776,-71.2807,0.439,0,-0.8009
53.225,NaN,NaN,NaN,NaN,NaN,NaN,113.191,830.307,-77.2602,0.4392,0,-0.7953
53.23,NaN,NaN,NaN,NaN,NaN,NaN,115.395,848.754,-83.4839,0.4394,0,-0.7897
53.235,NaN,NaN,NaN,NaN,NaN,NaN,117.492,865.833,-89.9129,0.4396,0,-0.784
53.24,NaN,NaN,NaN,NaN,NaN,NaN,119.415,881.242,-96.4433,0.4397,0,-0.7784
53.245,NaN,NaN,NaN,NaN,NaN,NaN,121.127,894.686,-102.933,0.4398,0,-0.7728
53.25,NaN,NaN,NaN,NaN,NaN,NaN,122.64,905.91,-109.247,0.4399,0,-0.7672
53.255,NaN,NaN,NaN,NaN,NaN,NaN,124.024,914.719,-115.303,0.4401,0,-0.7617
53.26,NaN,NaN,NaN,NaN,NaN,NaN,125.404,920.971,-121.097,0.4403,0,-0.7562
53.265,NaN,NaN,NaN,NaN,NaN,NaN,126.923,924.542,-126.702,0.4406,0,-0.7506
53.27,NaN,NaN,NaN,NaN,NaN,NaN,128.664,925.282,-132.231,0.441,0,-0.745
53.275,NaN,NaN,NaN,NaN,NaN,NaN,130.585,922.979,-137.781,0.4413,0,-0.7393
53.28,NaN,NaN,NaN,NaN,NaN,NaN,132.477,917.351,-143.372,0.4417,0,-0.7334
53.285,NaN,NaN,NaN,NaN,NaN,NaN,133.989,908.092,-148.912,0.4421,0,-0.7275
53.29,NaN,NaN,NaN,NaN,NaN,NaN,134.709,894.946,-154.206,0.4425,0,-0.7214
53.295,NaN,NaN,NaN,NaN,NaN,NaN,134.27,877.794,-159.002,0.4429,0,-0.7153
53.3,NaN,NaN,NaN,NaN,NaN,NaN,132.449,856.711,-163.076,0.4433,0,-0.7091
53.305,NaN,NaN,NaN,NaN,NaN,NaN,129.216,831.95,-166.308,0.4438,0,-0.703
53.31,NaN,NaN,NaN,NaN,NaN,NaN,124.731,803.853,-168.709,0.4443,0,-0.697
53.315,NaN,NaN,NaN,NaN,NaN,NaN,119.279,772.679,-170.379,0.4449,0,-0.6911
53.32,NaN,NaN,NaN,NaN,NaN,NaN,113.164,738.429,-171.407,0.4455,0,-0.6853
53.325,NaN,NaN,NaN,NaN,NaN,NaN,106.596,700.722,-171.749,0.4462,0,-0.6796
53.33,NaN,NaN,NaN,NaN,NaN,NaN,99.6428,658.801,-171.134,0.4469,0,-0.6741
53.335,NaN,NaN,NaN,NaN,NaN,NaN,92.2788,611.723,-169.033,0.4475,0,-0.6686
53.34,NaN,NaN,NaN,NaN,NaN,NaN,84.5059,558.696,-164.716,0.448,0,-0.6632
53.345,NaN,NaN,NaN,NaN,NaN,NaN,76.4859,499.504,-157.398,0.4485,0,-0.6577
53.35,NaN,NaN,NaN,NaN,NaN,NaN,68.5892,434.867,-146.439,0.4491,0,-0.6522
53.355,NaN,NaN,NaN,NaN,NaN,NaN,61.3193,366.638,-131.557,0.4498,0,-0.6464
53.36,NaN,NaN,NaN,NaN,NaN,NaN,55.136,297.725,-112.999,0.4509,0,-0.6401
53.365,NaN,NaN,NaN,NaN,NaN,NaN,50.2631,231.722,-91.6345,0.4528,0,-0.6332
53.37,NaN,NaN,NaN,NaN,NaN,NaN,46.5855,172.303,-68.9021,0.4557,0,-0.6261
53.375,NaN,NaN,NaN,NaN,NaN,NaN,43.7059,122.496,-46.5991,0.46,0,-0.6198
53.38,NaN,NaN,NaN,NaN,NaN,NaN,41.1469,84.0734,-26.5292,0.4656,0,-0.6171
53.385,NaN,NaN,NaN,NaN,NaN,NaN,38.5894,57.2165,-10.1198,0.4715,0,-0.6236
53.39,NaN,NaN,NaN,NaN,NaN,NaN,36.0026,40.5924,1.8539,0.4745,0,-0.6449
53.395,NaN,NaN,NaN,NaN,NaN,NaN,33.5841,31.7807,9.3521,0.4718,0,-0.6783
53.4,NaN,NaN,NaN,NaN,NaN,NaN,31.5606,27.9049,12.9583,0.4642,0,-0.7078
53.405,NaN,NaN,NaN,NaN,NaN,NaN,29.9946,26.2661,13.6446,0.4567,0,-0.7209
53.41,NaN,NaN,NaN,NaN,NaN,NaN,28.7352,24.8173,12.5011,0.4523,0,-0.7182
53.415,NaN,NaN,NaN,NaN,NaN,NaN,27.5373,22.3926,10.5041,0.4517,0,-0.7061
53.42,NaN,NaN,NaN,NaN,NaN,NaN,0,0,0,0,0,0
53.425,NaN,NaN,NaN,NaN,NaN,NaN,0,0,0,0,0,0
53.43,NaN,NaN,NaN,NaN,NaN,NaN,0,0,0,0,0,0
53.435,NaN,NaN,NaN,NaN,NaN,NaN,0,0,0,0,0,0
53.44,NaN,NaN,NaN,NaN,NaN,NaN,0,0,0,0,0,0
53.445,NaN,NaN,NaN,NaN,NaN,NaN,0,0,0,0,0,0
53.45,NaN,NaN,NaN,NaN,NaN,NaN,0,0,0,0,0,0
53.455,NaN,NaN,NaN,NaN,NaN,NaN,0,0,0,0,0,0
53.46,NaN,NaN,NaN,NaN,NaN,NaN,0,0,0,0,0,0
53.465,NaN,NaN,NaN,NaN,NaN,NaN,0,0,0,0,0,0
53.47,NaN,NaN,NaN,NaN,NaN,NaN,0,0,0,0,0,0
53.475,NaN,NaN,NaN,NaN,NaN,NaN,0,0,0,0,0,0
53.48,NaN,NaN,NaN,NaN,NaN,NaN,0,0,0,0,0,0
53.485,NaN,NaN,NaN,NaN,NaN,NaN,0,0,0,0,0,0
53.49,NaN,NaN,NaN,NaN,NaN,NaN,0,0,0,0,0,0
53.495,NaN,NaN,NaN,NaN,NaN,NaN,0,0,0,0,0,0
53.5,NaN,NaN,NaN,NaN,NaN,NaN,0,0,0,0,0,0
53.505,NaN,NaN,NaN,NaN,NaN,NaN,0,0,0,0,0,0
53.51,NaN,NaN,NaN,NaN,NaN,NaN,0,0,0,0,0,0
53.515,NaN,NaN,NaN,NaN,NaN,NaN,0,0,0,0,0,0
53.52,NaN,NaN,NaN,NaN,NaN,NaN,0,0,0,0,0,0
53.525,NaN,NaN,NaN,NaN,NaN,NaN,0,0,0,0,0,0
53.53,NaN,NaN,NaN,NaN,NaN,NaN,0,0,0,0,0,0
53.535,NaN,NaN,NaN,NaN,NaN,NaN,0,0,0,0,0,0
53.54,NaN,NaN,NaN,NaN,NaN,NaN,0,0,0,0,0,0
53.545,NaN,NaN,NaN,NaN,NaN,NaN,0,0,0,0,0,0
53.55,NaN,NaN,NaN,NaN,NaN,NaN,0,0,0,0,0,0
53.555,NaN,NaN,NaN,NaN,NaN,NaN,0,0,0,0,0,0
53.56,NaN,NaN,NaN,NaN,NaN,NaN,0,0,0,0,0,0
53.565,NaN,NaN,NaN,NaN,NaN,NaN,0,0,0,0,0,0
53.57,NaN,NaN,NaN,NaN,NaN,NaN,0,0,0,0,0,0
53.575,NaN,NaN,NaN,NaN,NaN,NaN,0,0,0,0,0,0
53.58,NaN,NaN,NaN,NaN,NaN,NaN,0,0,0,0,0,0
53.585,NaN,NaN,NaN,NaN,NaN,NaN,0,0,0,0,0,0
53.59,NaN,NaN,NaN,NaN,NaN,NaN,0,0,0,0,0,0
53.595,NaN,NaN,NaN,NaN,NaN,NaN,0,0,0,0,0,0
53.6,NaN,NaN,NaN,NaN,NaN,NaN,0,0,0,0,0,0
53.605,NaN,NaN,NaN,NaN,NaN,NaN,0,0,0,0,0,0
53.61,NaN,NaN,NaN,NaN,NaN,NaN,0,0,0,0,0,0
53.615,NaN,NaN,NaN,NaN,NaN,NaN,0,0,0,0,0,0
53.62,NaN,NaN,NaN,NaN,NaN,NaN,0,0,0,0,0,0
53.625,NaN,NaN,NaN,NaN,NaN,NaN,0,0,0,0,0,0
53.63,NaN,NaN,NaN,NaN,NaN,NaN,0,0,0,0,0,0
53.635,NaN,NaN,NaN,NaN,NaN,NaN,0,0,0,0,0,0
53.64,NaN,NaN,NaN,NaN,NaN,NaN,0,0,0,0,0,0
53.645,NaN,NaN,NaN,NaN,NaN,NaN,0,0,0,0,0,0
53.65,NaN,NaN,NaN,NaN,NaN,NaN,0,0,0,0,0,0
53.655,NaN,NaN,NaN,NaN,NaN,NaN,0,0,0,0,0,0
53.66,NaN,NaN,NaN,NaN,NaN,NaN,0,0,0,0,0,0
53.665,NaN,NaN,NaN,NaN,NaN,NaN,0,0,0,0,0,0
53.67,NaN,NaN,NaN,NaN,NaN,NaN,0,0,0,0,0,0
53.675,NaN,NaN,NaN,NaN,NaN,NaN,0,0,0,0,0,0
53.68,NaN,NaN,NaN,NaN,NaN,NaN,0,0,0,0,0,0
53.685,NaN,NaN,NaN,NaN,NaN,NaN,0,0,0,0,0,0
53.69,NaN,NaN,NaN,NaN,NaN,NaN,0,0,0,0,0,0
53.695,NaN,NaN,NaN,NaN,NaN,NaN,0,0,0,0,0,0
53.7,NaN,NaN,NaN,NaN,NaN,NaN,0,0,0,0,0,0
53.705,NaN,NaN,NaN,NaN,NaN,NaN,0,0,0,0,0,0
53.71,NaN,NaN,NaN,NaN,NaN,NaN,0,0,0,0,0,0
53.715,NaN,NaN,NaN,NaN,NaN,NaN,0,0,0,0,0,0
53.72,NaN,NaN,NaN,NaN,NaN,NaN,0,0,0,0,0,0
53.725,NaN,NaN,NaN,NaN,NaN,NaN,0,0,0,0,0,0
53.73,NaN,NaN,NaN,NaN,NaN,NaN,0,0,0,0,0,0
53.735,NaN,NaN,NaN,NaN,NaN,NaN,0,0,0,0,0,0
53.74,NaN,NaN,NaN,NaN,NaN,NaN,0,0,0,0,0,0
53.745,NaN,NaN,NaN,NaN,NaN,NaN,0,0,0,0,0,0
53.75,NaN,NaN,NaN,NaN,NaN,NaN,0,0,0,0,0,0
53.755,NaN,NaN,NaN,NaN,NaN,NaN,0,0,0,0,0,0
53.76,NaN,NaN,NaN,NaN,NaN,NaN,0,0,0,0,0,0
53.765,NaN,NaN,NaN,NaN,NaN,NaN,0,0,0,0,0,0
53.77,NaN,NaN,NaN,NaN,NaN,NaN,0,0,0,0,0,0
53.775,NaN,NaN,NaN,NaN,NaN,NaN,0,0,0,0,0,0
53.78,NaN,NaN,NaN,NaN,NaN,NaN,0,0,0,0,0,0
53.785,NaN,NaN,NaN,NaN,NaN,NaN,0,0,0,0,0,0
53.79,NaN,NaN,NaN,NaN,NaN,NaN,0,0,0,0,0,0
53.795,NaN,NaN,NaN,NaN,NaN,NaN,0,0,0,0,0,0
53.8,NaN,NaN,NaN,NaN,NaN,NaN,0,0,0,0,0,0
53.805,NaN,NaN,NaN,NaN,NaN,NaN,0,0,0,0,0,0
53.81,NaN,NaN,NaN,NaN,NaN,NaN,0,0,0,0,0,0
53.815,NaN,NaN,NaN,NaN,NaN,NaN,29.0952,30.96,10.4229,0.4347,0,-1.2449
53.82,NaN,NaN,NaN,NaN,NaN,NaN,29.4679,49.6244,0.9363,0.4381,0,-1.2175
53.825,NaN,NaN,NaN,NaN,NaN,NaN,27.8768,73.6744,-11.1966,0.4391,0,-1.188
53.83,NaN,NaN,NaN,NaN,NaN,NaN,24.5124,103.419,-22.8225,0.4386,0,-1.1634
53.835,NaN,NaN,NaN,NaN,NaN,NaN,20.0894,139.533,-30.2103,0.4366,0,-1.1468
53.84,NaN,NaN,NaN,NaN,NaN,NaN,15.7576,183.123,-30.124,0.4333,0,-1.1392
53.845,NaN,NaN,NaN,NaN,NaN,NaN,12.8979,235.333,-20.8006,0.4289,0,-1.1394
53.85,NaN,NaN,NaN,NaN,NaN,NaN,12.849,296.499,-2.4766,0.4239,0,-1.1451
53.855,NaN,NaN,NaN,NaN,NaN,NaN,16.6178,365.158,22.6971,0.4191,0,-1.1532
53.86,NaN,NaN,NaN,NaN,NaN,NaN,24.6174,437.424,51.2464,0.4149,0,-1.1614
53.865,NaN,NaN,NaN,NaN,NaN,NaN,36.4667,507.212,79.2091,0.4115,0,-1.1683
53.87,NaN,NaN,NaN,NaN,NaN,NaN,50.9139,567.461,102.962,0.4092,0,-1.173
53.875,NaN,NaN,NaN,NaN,NaN,NaN,65.9879,612.012,119.9,0.4078,0,-1.1756
53.88,NaN,NaN,NaN,NaN,NaN,NaN,79.4686,637.469,128.884,0.4069,0,-1.176
53.885,NaN,NaN,NaN,NaN,NaN,NaN,89.6126,644.328,130.378,0.4065,0,-1.1745
53.89,NaN,NaN,NaN,NaN,NaN,NaN,95.8398,636.949,126.207,0.406,0,-1.1711
53.895,NaN,NaN,NaN,NaN,NaN,NaN,98.9791,622.369,118.983,0.4053,0,-1.1663
53.9,NaN,NaN,NaN,NaN,NaN,NaN,100.863,608.386,111.401,0.4043,0,-1.1605
53.905,NaN,NaN,NaN,NaN,NaN,NaN,103.454,601.577,105.637,0.4029,0,-1.1545
53.91,NaN,NaN,NaN,NaN,NaN,NaN,107.992,605.913,102.995,0.4011,0,-1.1489
53.915,NaN,NaN,NaN,NaN,NaN,NaN,114.635,622.318,103.845,0.3993,0,-1.1444
53.92,NaN,NaN,NaN,NaN,NaN,NaN,122.696,649.157,107.772,0.3976,0,-1.1411
53.925,NaN,NaN,NaN,NaN,NaN,NaN,131.197,683.314,113.837,0.3961,0,-1.1387
53.93,NaN,NaN,NaN,NaN,NaN,NaN,139.324,721.381,120.875,0.3949,0,-1.1366
53.935,NaN,NaN,NaN,NaN,NaN,NaN,146.551,760.559,127.754,0.394,0,-1.1346
53.94,NaN,NaN,NaN,NaN,NaN,NaN,152.503,799.041,133.579,0.3935,0,-1.1322
53.945,NaN,NaN,NaN,NaN,NaN,NaN,156.821,835.891,137.809,0.3931,0,-1.1293
53.95,NaN,NaN,NaN,NaN,NaN,NaN,159.217,870.624,140.282,0.3928,0,-1.126
53.955,NaN,NaN,NaN,NaN,NaN,NaN,159.676,902.73,141.147,0.3925,0,-1.1222
53.96,NaN,NaN,NaN,NaN,NaN,NaN,158.617,931.387,140.741,0.3921,0,-1.1181
53.965,NaN,NaN,NaN,NaN,NaN,NaN,156.809,955.465,139.452,0.3917,0,-1.114
53.97,NaN,NaN,NaN,NaN,NaN,NaN,155.066,973.784,137.627,0.3913,0,-1.1098
53.975,NaN,NaN,NaN,NaN,NaN,NaN,153.895,985.468,135.52,0.3909,0,-1.1057
53.98,NaN,NaN,NaN,NaN,NaN,NaN,153.342,990.242,133.294,0.3904,0,-1.1017
53.985,NaN,NaN,NaN,NaN,NaN,NaN,153.12,988.542,131.02,0.3899,0,-1.0979
53.99,NaN,NaN,NaN,NaN,NaN,NaN,152.897,981.415,128.705,0.3893,0,-1.0942
53.995,NaN,NaN,NaN,NaN,NaN,NaN,152.531,970.278,126.302,0.3886,0,-1.0907
54,NaN,NaN,NaN,NaN,NaN,NaN,152.098,956.617,123.739,0.3878,0,-1.0874
54.005,NaN,NaN,NaN,NaN,NaN,NaN,151.732,941.714,120.936,0.387,0,-1.0843
54.01,NaN,NaN,NaN,NaN,NaN,NaN,151.457,926.474,117.815,0.3861,0,-1.0813
54.015,NaN,NaN,NaN,NaN,NaN,NaN,151.151,911.367,114.311,0.3851,0,-1.0783
54.02,NaN,NaN,NaN,NaN,NaN,NaN,150.647,896.481,110.386,0.3842,0,-1.0752
54.025,NaN,NaN,NaN,NaN,NaN,NaN,149.867,881.646,106.054,0.3833,0,-1.072
54.03,NaN,NaN,NaN,NaN,NaN,NaN,148.84,866.587,101.402,0.3824,0,-1.0686
54.035,NaN,NaN,NaN,NaN,NaN,NaN,147.617,851.05,96.5922,0.3816,0,-1.065
54.04,NaN,NaN,NaN,NaN,NaN,NaN,146.152,834.884,91.8235,0.3809,0,-1.0613
54.045,NaN,NaN,NaN,NaN,NaN,NaN,144.286,818.06,87.2782,0.3802,0,-1.0575
54.05,NaN,NaN,NaN,NaN,NaN,NaN,141.857,800.647,83.0731,0.3796,0,-1.0537
54.055,NaN,NaN,NaN,NaN,NaN,NaN,138.852,782.758,79.2408,0.3791,0,-1.05
54.06,NaN,NaN,NaN,NaN,NaN,NaN,135.479,764.512,75.7428,0.3786,0,-1.0463
54.065,NaN,NaN,NaN,NaN,NaN,NaN,132.087,746.005,72.4962,0.3782,0,-1.0426
54.07,NaN,NaN,NaN,NaN,NaN,NaN,128.986,727.32,69.3993,0.378,0,-1.0389
54.075,NaN,NaN,NaN,NaN,NaN,NaN,126.288,708.552,66.3572,0.3778,0,-1.0351
54.08,NaN,NaN,NaN,NaN,NaN,NaN,123.879,689.843,63.3081,0.3778,0,-1.0312
54.085,NaN,NaN,NaN,NaN,NaN,NaN,121.535,671.394,60.2429,0.3778,0,-1.0271
54.09,NaN,NaN,NaN,NaN,NaN,NaN,119.075,653.446,57.1984,0.3779,0,-1.0229
54.095,NaN,NaN,NaN,NaN,NaN,NaN,116.457,636.236,54.2201,0.378,0,-1.0186
54.1,NaN,NaN,NaN,NaN,NaN,NaN,113.758,619.95,51.3156,0.3781,0,-1.0142
54.105,NaN,NaN,NaN,NaN,NaN,NaN,111.082,604.71,48.4407,0.3782,0,-1.0097
54.11,NaN,NaN,NaN,NaN,NaN,NaN,108.479,590.587,45.5328,0.3784,0,-1.0051
54.115,NaN,NaN,NaN,NaN,NaN,NaN,105.917,577.635,42.5704,0.3787,0,-1.0002
54.12,NaN,NaN,NaN,NaN,NaN,NaN,103.324,565.903,39.6068,0.3791,0,-0.9953
54.125,NaN,NaN,NaN,NaN,NaN,NaN,100.642,555.418,36.7489,0.3794,0,-0.9903
54.13,NaN,NaN,NaN,NaN,NaN,NaN,97.875,546.165,34.0947,0.3797,0,-0.9854
54.135,NaN,NaN,NaN,NaN,NaN,NaN,95.1065,538.082,31.6785,0.3801,0,-0.9805
54.14,NaN,NaN,NaN,NaN,NaN,NaN,92.475,531.08,29.4594,0.3804,0,-0.9757
54.145,NaN,NaN,NaN,NaN,NaN,NaN,90.1308,525.078,27.3534,0.3808,0,-0.9709
54.15,NaN,NaN,NaN,NaN,NaN,NaN,88.1826,520.027,25.2781,0.3811,0,-0.9658
54.155,NaN,NaN,NaN,NaN,NaN,NaN,86.6642,515.925,23.1784,0.3815,0,-0.9605
54.16,NaN,NaN,NaN,NaN,NaN,NaN,85.5371,512.806,21.022,0.3819,0,-0.955
54.165,NaN,NaN,NaN,NaN,NaN,NaN,84.7259,510.72,18.7849,0.3822,0,-0.9494
54.17,NaN,NaN,NaN,NaN,NaN,NaN,84.1634,509.707,16.444,0.3825,0,-0.9437
54.175,NaN,NaN,NaN,NaN,NaN,NaN,83.8194,509.79,13.9831,0.3827,0,-0.938
54.18,NaN,NaN,NaN,NaN,NaN,NaN,83.6997,510.968,11.4016,0.3829,0,-0.9324
54.185,NaN,NaN,NaN,NaN,NaN,NaN,83.8226,513.232,8.7144,0.3831,0,-0.9268
54.19,NaN,NaN,NaN,NaN,NaN,NaN,84.1963,516.583,5.9442,0.3832,0,-0.9211
54.195,NaN,NaN,NaN,NaN,NaN,NaN,84.8132,521.043,3.1116,0.3834,0,-0.9155
54.2,NaN,NaN,NaN,NaN,NaN,NaN,85.6624,526.674,0.2332,0.3835,0,-0.9098
54.205,NaN,NaN,NaN,NaN,NaN,NaN,86.7442,533.562,-2.6745,0.3837,0,-0.904
54.21,NaN,NaN,NaN,NaN,NaN,NaN,88.0706,541.803,-5.5925,0.3839,0,-0.8982
54.215,NaN,NaN,NaN,NaN,NaN,NaN,89.6481,551.471,-8.5036,0.3841,0,-0.8925
54.22,NaN,NaN,NaN,NaN,NaN,NaN,91.4563,562.583,-11.4037,0.3844,0,-0.8867
54.225,NaN,NaN,NaN,NaN,NaN,NaN,93.4371,575.078,-14.3124,0.3846,0,-0.881
54.23,NaN,NaN,NaN,NaN,NaN,NaN,95.5021,588.813,-17.2761,0.3848,0,-0.8753
54.235,NaN,NaN,NaN,NaN,NaN,NaN,97.5526,603.578,-20.361,0.385,0,-0.8696
54.24,NaN,NaN,NaN,NaN,NaN,NaN,99.5001,619.132,-23.6394,0.3852,0,-0.864
54.245,NaN,NaN,NaN,NaN,NaN,NaN,101.28,635.237,-27.1734,0.3854,0,-0.8584
54.25,NaN,NaN,NaN,NaN,NaN,NaN,102.858,651.685,-31.002,0.3857,0,-0.8528
54.255,NaN,NaN,NaN,NaN,NaN,NaN,104.23,668.321,-35.1357,0.3859,0,-0.8471
54.26,NaN,NaN,NaN,NaN,NaN,NaN,105.422,685.047,-39.5613,0.3862,0,-0.8414
54.265,NaN,NaN,NaN,NaN,NaN,NaN,106.474,701.811,-44.2548,0.3865,0,-0.8355
54.27,NaN,NaN,NaN,NaN,NaN,NaN,107.43,718.601,-49.1955,0.3868,0,-0.8296
54.275,NaN,NaN,NaN,NaN,NaN,NaN,108.335,735.409,-54.3722,0.3871,0,-0.8237
54.28,NaN,NaN,NaN,NaN,NaN,NaN,109.227,752.208,-59.7803,0.3875,0,-0.8177
54.285,NaN,NaN,NaN,NaN,NaN,NaN,110.139,768.923,-65.4164,0.3878,0,-0.8118
54.29,NaN,NaN,NaN,NaN,NaN,NaN,111.088,785.407,-71.2778,0.388,0,-0.8059
54.295,NaN,NaN,NaN,NaN,NaN,NaN,112.076,801.436,-77.3606,0.3883,0,-0.8001
54.3,NaN,NaN,NaN,NaN,NaN,NaN,113.077,816.727,-83.6528,0.3885,0,-0.7943
54.305,NaN,NaN,NaN,NaN,NaN,NaN,114.051,830.972,-90.1223,0.3887,0,-0.7885
54.31,NaN,NaN,NaN,NaN,NaN,NaN,114.956,843.893,-96.7096,0.3888,0,-0.7828
54.315,NaN,NaN,NaN,NaN,NaN,NaN,115.764,855.27,-103.333,0.389,0,-0.777
54.32,NaN,NaN,NaN,NaN,NaN,NaN,116.481,864.962,-109.911,0.3891,0,-0.7713
54.325,NaN,NaN,NaN,NaN,NaN,NaN,117.16,872.884,-116.384,0.3892,0,-0.7656
54.33,NaN,NaN,NaN,NaN,NaN,NaN,117.902,878.965,-122.74,0.3892,0,-0.7599
54.335,NaN,NaN,NaN,NaN,NaN,NaN,118.84,883.095,-129.009,0.3893,0,-0.7542
54.34,NaN,NaN,NaN,NaN,NaN,NaN,120.081,885.088,-135.239,0.3894,0,-0.7486
54.345,NaN,NaN,NaN,NaN,NaN,NaN,121.642,884.666,-141.462,0.3895,0,-0.7428
54.35,NaN,NaN,NaN,NaN,NaN,NaN,123.395,881.483,-147.647,0.3896,0,-0.7371
54.355,NaN,NaN,NaN,NaN,NaN,NaN,125.065,875.186,-153.682,0.3898,0,-0.7313
54.36,NaN,NaN,NaN,NaN,NaN,NaN,126.285,865.488,-159.382,0.3901,0,-0.7255
54.365,NaN,NaN,NaN,NaN,NaN,NaN,126.696,852.236,-164.533,0.3904,0,-0.7198
54.37,NaN,NaN,NaN,NaN,NaN,NaN,126.053,835.444,-168.965,0.3907,0,-0.714
54.375,NaN,NaN,NaN,NaN,NaN,NaN,124.285,815.27,-172.617,0.3911,0,-0.7082
54.38,NaN,NaN,NaN,NaN,NaN,NaN,121.493,791.91,-175.548,0.3915,0,-0.7025
54.385,NaN,NaN,NaN,NaN,NaN,NaN,117.873,765.465,-177.895,0.392,0,-0.6966
54.39,NaN,NaN,NaN,NaN,NaN,NaN,113.621,735.79,-179.767,0.3926,0,-0.6905
54.395,NaN,NaN,NaN,NaN,NaN,NaN,108.835,702.419,-181.119,0.3933,0,-0.6843
54.4,NaN,NaN,NaN,NaN,NaN,NaN,103.491,664.596,-181.659,0.394,0,-0.6779
54.405,NaN,NaN,NaN,NaN,NaN,NaN,97.496,621.445,-180.804,0.3947,0,-0.6713
54.41,NaN,NaN,NaN,NaN,NaN,NaN,90.7879,572.261,-177.726,0.3954,0,-0.6646
54.415,NaN,NaN,NaN,NaN,NaN,NaN,83.4447,516.857,-171.495,0.396,0,-0.6579
54.42,NaN,NaN,NaN,NaN,NaN,NaN,75.722,455.875,-161.283,0.3966,0,-0.6513
54.425,NaN,NaN,NaN,NaN,NaN,NaN,68.004,390.966,-146.612,0.3973,0,-0.6448
54.43,NaN,NaN,NaN,NaN,NaN,NaN,60.6896,324.74,-127.582,0.398,0,-0.6386
54.435,NaN,NaN,NaN,NaN,NaN,NaN,54.0755,260.454,-105.012,0.3987,0,-0.6332
54.44,NaN,NaN,NaN,NaN,NaN,NaN,48.2968,201.488,-80.4335,0.3997,0,-0.6294
54.445,NaN,NaN,NaN,NaN,NaN,NaN,43.3542,150.708,-55.8712,0.4008,0,-0.6287
54.45,NaN,NaN,NaN,NaN,NaN,NaN,39.1992,109.916,-33.4494,0.4019,0,-0.6338
54.455,NaN,NaN,NaN,NaN,NaN,NaN,35.8102,79.544,-14.9353,0.4031,0,-0.6477
54.46,NaN,NaN,NaN,NaN,NaN,NaN,33.1967,58.6847,-1.3812,0.404,0,-0.6716
54.465,NaN,NaN,NaN,NaN,NaN,NaN,31.3288,45.4286,7.018,0.4048,0,-0.7015
54.47,NaN,NaN,NaN,NaN,NaN,NaN,30.0526,37.3906,10.8364,0.4057,0,-0.7272
54.475,NaN,NaN,NaN,NaN,NaN,NaN,29.07,32.2577,11.1661,0.4067,0,-0.7392
54.48,NaN,NaN,NaN,NaN,NaN,NaN,28.0184,28.2143,9.3058,0.4077,0,-0.7347
54.485,NaN,NaN,NaN,NaN,NaN,NaN,26.6157,24.1618,6.4766,0.4083,0,-0.7159
54.49,NaN,NaN,NaN,NaN,NaN,NaN,0,0,0,0,0,0
54.495,NaN,NaN,NaN,NaN,NaN,NaN,0,0,0,0,0,0
54.5,NaN,NaN,NaN,NaN,NaN,NaN,0,0,0,0,0,0
54.505,NaN,NaN,NaN,NaN,NaN,NaN,0,0,0,0,0,0
54.51,NaN,NaN,NaN,NaN,NaN,NaN,0,0,0,0,0,0
54.515,NaN,NaN,NaN,NaN,NaN,NaN,0,0,0,0,0,0
54.52,NaN,NaN,NaN,NaN,NaN,NaN,0,0,0,0,0,0
54.525,NaN,NaN,NaN,NaN,NaN,NaN,0,0,0,0,0,0
54.53,NaN,NaN,NaN,NaN,NaN,NaN,0,0,0,0,0,0
54.535,NaN,NaN,NaN,NaN,NaN,NaN,0,0,0,0,0,0
54.54,NaN,NaN,NaN,NaN,NaN,NaN,0,0,0,0,0,0
54.545,NaN,NaN,NaN,NaN,NaN,NaN,0,0,0,0,0,0
54.55,NaN,NaN,NaN,NaN,NaN,NaN,0,0,0,0,0,0
54.555,NaN,NaN,NaN,NaN,NaN,NaN,0,0,0,0,0,0
54.56,NaN,NaN,NaN,NaN,NaN,NaN,0,0,0,0,0,0
54.565,NaN,NaN,NaN,NaN,NaN,NaN,0,0,0,0,0,0
54.57,NaN,NaN,NaN,NaN,NaN,NaN,0,0,0,0,0,0
54.575,NaN,NaN,NaN,NaN,NaN,NaN,0,0,0,0,0,0
54.58,NaN,NaN,NaN,NaN,NaN,NaN,0,0,0,0,0,0
54.585,NaN,NaN,NaN,NaN,NaN,NaN,0,0,0,0,0,0
54.59,NaN,NaN,NaN,NaN,NaN,NaN,0,0,0,0,0,0
54.595,NaN,NaN,NaN,NaN,NaN,NaN,0,0,0,0,0,0
54.6,NaN,NaN,NaN,NaN,NaN,NaN,0,0,0,0,0,0
54.605,NaN,NaN,NaN,NaN,NaN,NaN,0,0,0,0,0,0
54.61,NaN,NaN,NaN,NaN,NaN,NaN,0,0,0,0,0,0
54.615,NaN,NaN,NaN,NaN,NaN,NaN,0,0,0,0,0,0
54.62,NaN,NaN,NaN,NaN,NaN,NaN,0,0,0,0,0,0
54.625,NaN,NaN,NaN,NaN,NaN,NaN,0,0,0,0,0,0
54.63,NaN,NaN,NaN,NaN,NaN,NaN,0,0,0,0,0,0
54.635,NaN,NaN,NaN,NaN,NaN,NaN,0,0,0,0,0,0
54.64,NaN,NaN,NaN,NaN,NaN,NaN,0,0,0,0,0,0
54.645,NaN,NaN,NaN,NaN,NaN,NaN,0,0,0,0,0,0
54.65,NaN,NaN,NaN,NaN,NaN,NaN,0,0,0,0,0,0
54.655,NaN,NaN,NaN,NaN,NaN,NaN,0,0,0,0,0,0
54.66,NaN,NaN,NaN,NaN,NaN,NaN,0,0,0,0,0,0
54.665,NaN,NaN,NaN,NaN,NaN,NaN,0,0,0,0,0,0
54.67,NaN,NaN,NaN,NaN,NaN,NaN,0,0,0,0,0,0
54.675,NaN,NaN,NaN,NaN,NaN,NaN,0,0,0,0,0,0
54.68,NaN,NaN,NaN,NaN,NaN,NaN,0,0,0,0,0,0
54.685,NaN,NaN,NaN,NaN,NaN,NaN,0,0,0,0,0,0
54.69,NaN,NaN,NaN,NaN,NaN,NaN,0,0,0,0,0,0
54.695,NaN,NaN,NaN,NaN,NaN,NaN,0,0,0,0,0,0
54.7,NaN,NaN,NaN,NaN,NaN,NaN,0,0,0,0,0,0
54.705,NaN,NaN,NaN,NaN,NaN,NaN,0,0,0,0,0,0
54.71,NaN,NaN,NaN,NaN,NaN,NaN,0,0,0,0,0,0
54.715,NaN,NaN,NaN,NaN,NaN,NaN,0,0,0,0,0,0
54.72,NaN,NaN,NaN,NaN,NaN,NaN,0,0,0,0,0,0
54.725,NaN,NaN,NaN,NaN,NaN,NaN,0,0,0,0,0,0
54.73,NaN,NaN,NaN,NaN,NaN,NaN,0,0,0,0,0,0
54.735,NaN,NaN,NaN,NaN,NaN,NaN,0,0,0,0,0,0
54.74,NaN,NaN,NaN,NaN,NaN,NaN,0,0,0,0,0,0
54.745,NaN,NaN,NaN,NaN,NaN,NaN,0,0,0,0,0,0
54.75,NaN,NaN,NaN,NaN,NaN,NaN,0,0,0,0,0,0
54.755,NaN,NaN,NaN,NaN,NaN,NaN,0,0,0,0,0,0
54.76,NaN,NaN,NaN,NaN,NaN,NaN,0,0,0,0,0,0
54.765,NaN,NaN,NaN,NaN,NaN,NaN,0,0,0,0,0,0
54.77,NaN,NaN,NaN,NaN,NaN,NaN,0,0,0,0,0,0
54.775,NaN,NaN,NaN,NaN,NaN,NaN,0,0,0,0,0,0
54.78,NaN,NaN,NaN,NaN,NaN,NaN,0,0,0,0,0,0
54.785,NaN,NaN,NaN,NaN,NaN,NaN,0,0,0,0,0,0
54.79,NaN,NaN,NaN,NaN,NaN,NaN,0,0,0,0,0,0
54.795,NaN,NaN,NaN,NaN,NaN,NaN,0,0,0,0,0,0
54.8,NaN,NaN,NaN,NaN,NaN,NaN,0,0,0,0,0,0
54.805,NaN,NaN,NaN,NaN,NaN,NaN,0,0,0,0,0,0
54.81,NaN,NaN,NaN,NaN,NaN,NaN,0,0,0,0,0,0
54.815,NaN,NaN,NaN,NaN,NaN,NaN,0,0,0,0,0,0
54.82,NaN,NaN,NaN,NaN,NaN,NaN,0,0,0,0,0,0
54.825,NaN,NaN,NaN,NaN,NaN,NaN,0,0,0,0,0,0
54.83,NaN,NaN,NaN,NaN,NaN,NaN,0,0,0,0,0,0
54.835,NaN,NaN,NaN,NaN,NaN,NaN,0,0,0,0,0,0
54.84,NaN,NaN,NaN,NaN,NaN,NaN,0,0,0,0,0,0
54.845,NaN,NaN,NaN,NaN,NaN,NaN,0,0,0,0,0,0
54.85,NaN,NaN,NaN,NaN,NaN,NaN,0,0,0,0,0,0
54.855,NaN,NaN,NaN,NaN,NaN,NaN,0,0,0,0,0,0
54.86,NaN,NaN,NaN,NaN,NaN,NaN,0,0,0,0,0,0
54.865,NaN,NaN,NaN,NaN,NaN,NaN,0,0,0,0,0,0
54.87,NaN,NaN,NaN,NaN,NaN,NaN,0,0,0,0,0,0
54.875,NaN,NaN,NaN,NaN,NaN,NaN,0,0,0,0,0,0
54.88,NaN,NaN,NaN,NaN,NaN,NaN,0,0,0,0,0,0
54.885,NaN,NaN,NaN,NaN,NaN,NaN,0,0,0,0,0,0
54.89,NaN,NaN,NaN,NaN,NaN,NaN,0,0,0,0,0,0
54.895,NaN,NaN,NaN,NaN,NaN,NaN,22.2321,28.1353,-5.2408,0.4595,0,-1.2253
54.9,NaN,NaN,NaN,NaN,NaN,NaN,21.8064,44.6688,-17.3529,0.4686,0,-1.2034
54.905,NaN,NaN,NaN,NaN,NaN,NaN,20.0421,63.6195,-30.6515,0.4754,0,-1.1814
54.91,NaN,NaN,NaN,NaN,NaN,NaN,17.0144,85.1587,-41.8778,0.4799,0,-1.1616
54.915,NaN,NaN,NaN,NaN,NaN,NaN,13.2579,110.794,-47.5999,0.4815,0,-1.1471
54.92,NaN,NaN,NaN,NaN,NaN,NaN,9.691,143.423,-45.1083,0.4798,0,-1.1408
54.925,NaN,NaN,NaN,NaN,NaN,NaN,7.4039,186.602,-33.1043,0.4751,0,-1.143
54.93,NaN,NaN,NaN,NaN,NaN,NaN,7.3832,243.101,-11.9859,0.469,0,-1.1512
54.935,NaN,NaN,NaN,NaN,NaN,NaN,10.2764,313.195,16.2706,0.4629,0,-1.1617
54.94,NaN,NaN,NaN,NaN,NaN,NaN,16.262,393.443,48.4966,0.4577,0,-1.1717
54.945,NaN,NaN,NaN,NaN,NaN,NaN,25.0168,476.615,80.8351,0.454,0,-1.1797
54.95,NaN,NaN,NaN,NaN,NaN,NaN,35.7342,553.063,109.31,0.4515,0,-1.1854
54.955,NaN,NaN,NaN,NaN,NaN,NaN,47.196,613.159,130.486,0.4502,0,-1.1888
54.96,NaN,NaN,NaN,NaN,NaN,NaN,57.9758,649.967,142.181,0.4496,0,-1.19
54.965,NaN,NaN,NaN,NaN,NaN,NaN,66.8326,661.212,144.02,0.4496,0,-1.1892
54.97,NaN,NaN,NaN,NaN,NaN,NaN,73.1847,649.918,137.548,0.4497,0,-1.1865
54.975,NaN,NaN,NaN,NaN,NaN,NaN,77.3961,623.551,125.801,0.4496,0,-1.182
54.98,NaN,NaN,NaN,NaN,NaN,NaN,80.643,591.995,112.469,0.4491,0,-1.176
54.985,NaN,NaN,NaN,NaN,NaN,NaN,84.3661,565.015,100.982,0.4479,0,-1.1691
54.99,NaN,NaN,NaN,NaN,NaN,NaN,89.5973,550.031,93.7745,0.446,0,-1.1624
54.995,NaN,NaN,NaN,NaN,NaN,NaN,96.5355,550.783,91.9394,0.4435,0,-1.157
55,NaN,NaN,NaN,NaN,NaN,NaN,104.583,567.188,95.2639,0.4409,0,-1.1533
55.005,NaN,NaN,NaN,NaN,NaN,NaN,112.749,596.226,102.556,0.4385,0,-1.1512
55.01,NaN,NaN,NaN,NaN,NaN,NaN,120.126,633.435,112.102,0.4366,0,-1.15
55.015,NaN,NaN,NaN,NaN,NaN,NaN,126.176,674.393,122.117,0.4353,0,-1.149
55.02,NaN,NaN,NaN,NaN,NaN,NaN,130.744,715.754,131.1,0.4344,0,-1.1477
55.025,NaN,NaN,NaN,NaN,NaN,NaN,133.902,755.608,138.068,0.4339,0,-1.1456
55.03,NaN,NaN,NaN,NaN,NaN,NaN,135.793,793.221,142.633,0.4335,0,-1.1428
55.035,NaN,NaN,NaN,NaN,NaN,NaN,136.57,828.421,144.941,0.4332,0,-1.1395
55.04,NaN,NaN,NaN,NaN,NaN,NaN,136.418,860.97,145.488,0.4328,0,-1.1357
55.045,NaN,NaN,NaN,NaN,NaN,NaN,135.59,890.186,144.895,0.4323,0,-1.1318
55.05,NaN,NaN,NaN,NaN,NaN,NaN,134.393,914.935,143.713,0.4317,0,-1.1279
55.055,NaN,NaN,NaN,NaN,NaN,NaN,133.139,933.935,142.318,0.431,0,-1.124
55.06,NaN,NaN,NaN,NaN,NaN,NaN,132.081,946.203,140.89,0.4303,0,-1.1202
55.065,NaN,NaN,NaN,NaN,NaN,NaN,131.356,951.438,139.46,0.4296,0,-1.1164
55.07,NaN,NaN,NaN,NaN,NaN,NaN,130.984,950.161,137.996,0.4289,0,-1.1126
55.075,NaN,NaN,NaN,NaN,NaN,NaN,130.898,943.613,136.454,0.4282,0,-1.1088
55.08,NaN,NaN,NaN,NaN,NaN,NaN,131,933.452,134.799,0.4275,0,-1.105
55.085,NaN,NaN,NaN,NaN,NaN,NaN,131.205,921.387,133.002,0.4267,0,-1.1013
55.09,NaN,NaN,NaN,NaN,NaN,NaN,131.447,908.843,131.022,0.4258,0,-1.0976
55.095,NaN,NaN,NaN,NaN,NaN,NaN,131.66,896.759,128.8,0.4249,0,-1.0939
55.1,NaN,NaN,NaN,NaN,NaN,NaN,131.764,885.532,126.245,0.4239,0,-1.0902
55.105,NaN,NaN,NaN,NaN,NaN,NaN,131.669,875.089,123.256,0.423,0,-1.0864
55.11,NaN,NaN,NaN,NaN,NaN,NaN,131.286,865.052,119.748,0.4221,0,-1.0825
55.115,NaN,NaN,NaN,NaN,NaN,NaN,130.547,854.919,115.69,0.4212,0,-1.0784
55.12,NaN,NaN,NaN,NaN,NaN,NaN,129.413,844.231,111.123,0.4205,0,-1.0742
55.125,NaN,NaN,NaN,NaN,NaN,NaN,127.889,832.673,106.15,0.4199,0,-1.0698
55.13,NaN,NaN,NaN,NaN,NaN,NaN,126.025,820.119,100.919,0.4195,0,-1.0654
55.135,NaN,NaN,NaN,NaN,NaN,NaN,123.904,806.624,95.6045,0.4191,0,-1.0608
55.14,NaN,NaN,NaN,NaN,NaN,NaN,121.618,792.362,90.3758,0.4187,0,-1.0562
55.145,NaN,NaN,NaN,NaN,NaN,NaN,119.232,777.547,85.3643,0.4184,0,-1.0516
55.15,NaN,NaN,NaN,NaN,NaN,NaN,116.781,762.357,80.6237,0.4181,0,-1.047
55.155,NaN,NaN,NaN,NaN,NaN,NaN,114.29,746.889,76.1134,0.4177,0,-1.0423
55.16,NaN,NaN,NaN,NaN,NaN,NaN,111.805,731.166,71.7218,0.4172,0,-1.0374
55.165,NaN,NaN,NaN,NaN,NaN,NaN,109.406,715.167,67.3224,0.4167,0,-1.0324
55.17,NaN,NaN,NaN,NaN,NaN,NaN,107.19,698.885,62.8349,0.4163,0,-1.0273
55.175,NaN,NaN,NaN,NaN,NaN,NaN,105.226,682.37,58.2574,0.4159,0,-1.0219
55.18,NaN,NaN,NaN,NaN,NaN,NaN,103.516,665.757,53.6611,0.4156,0,-1.0165
55.185,NaN,NaN,NaN,NaN,NaN,NaN,101.987,649.256,49.1606,0.4153,0,-1.0109
55.19,NaN,NaN,NaN,NaN,NaN,NaN,100.522,633.117,44.8823,0.4151,0,-1.0053
55.195,NaN,NaN,NaN,NaN,NaN,NaN,99.0061,617.578,40.9383,0.4149,0,-0.9998
55.2,NaN,NaN,NaN,NaN,NaN,NaN,97.3661,602.823,37.4059,0.4146,0,-0.9944
55.205,NaN,NaN,NaN,NaN,NaN,NaN,95.5877,588.955,34.3117,0.4143,0,-0.9892
55.21,NaN,NaN,NaN,NaN,NaN,NaN,93.7028,576,31.6252,0.414,0,-0.9842
55.215,NaN,NaN,NaN,NaN,NaN,NaN,91.7709,563.91,29.2685,0.4137,0,-0.9793
55.22,NaN,NaN,NaN,NaN,NaN,NaN,89.8667,552.603,27.1409,0.4134,0,-0.9746
55.225,NaN,NaN,NaN,NaN,NaN,NaN,88.0767,541.992,25.1493,0.4132,0,-0.9698
55.23,NaN,NaN,NaN,NaN,NaN,NaN,86.4916,532.026,23.228,0.4131,0,-0.965
55.235,NaN,NaN,NaN,NaN,NaN,NaN,85.1852,522.713,21.3435,0.4131,0,-0.96
55.24,NaN,NaN,NaN,NaN,NaN,NaN,84.1846,514.118,19.4883,0.4133,0,-0.9547
55.245,NaN,NaN,NaN,NaN,NaN,NaN,83.4491,506.342,17.6752,0.4135,0,-0.9491
55.25,NaN,NaN,NaN,NaN,NaN,NaN,82.8706,499.475,15.9334,0.4139,0,-0.9434
55.255,NaN,NaN,NaN,NaN,NaN,NaN,82.3033,493.554,14.2991,0.4142,0,-0.9376
55.26,NaN,NaN,NaN,NaN,NaN,NaN,81.6112,488.526,12.8008,0.4146,0,-0.932
55.265,NaN,NaN,NaN,NaN,NaN,NaN,80.716,484.261,11.4431,0.415,0,-0.9265
55.27,NaN,NaN,NaN,NaN,NaN,NaN,79.6215,480.592,10.1993,0.4154,0,-0.9212
55.275,NaN,NaN,NaN,NaN,NaN,NaN,78.4036,477.39,9.0117,0.4158,0,-0.9161
55.28,NaN,NaN,NaN,NaN,NaN,NaN,77.173,474.652,7.8029,0.4164,0,-0.911
55.285,NaN,NaN,NaN,NaN,NaN,NaN,76.0346,472.55,6.4928,0.417,0,-0.9059
55.29,NaN,NaN,NaN,NaN,NaN,NaN,75.0664,471.444,5.0179,0.4176,0,-0.9005
55.295,NaN,NaN,NaN,NaN,NaN,NaN,74.3196,471.839,3.3448,0.4183,0,-0.895
55.3,NaN,NaN,NaN,NaN,NaN,NaN,73.8278,474.279,1.4739,0.4189,0,-0.8892
55.305,NaN,NaN,NaN,NaN,NaN,NaN,73.6071,479.232,-0.5653,0.4195,0,-0.8834
55.31,NaN,NaN,NaN,NaN,NaN,NaN,73.6509,486.983,-2.7259,0.4199,0,-0.8775
55.315,NaN,NaN,NaN,NaN,NaN,NaN,73.929,497.574,-4.9596,0.4203,0,-0.8718
55.32,NaN,NaN,NaN,NaN,NaN,NaN,74.3996,510.811,-7.2367,0.4206,0,-0.8661
55.325,NaN,NaN,NaN,NaN,NaN,NaN,75.0332,526.309,-9.5626,0.4208,0,-0.8606
55.33,NaN,NaN,NaN,NaN,NaN,NaN,75.8325,543.573,-11.9888,0.421,0,-0.8551
55.335,NaN,NaN,NaN,NaN,NaN,NaN,76.8382,562.093,-14.61,0.4211,0,-0.8495
55.34,NaN,NaN,NaN,NaN,NaN,NaN,78.1132,581.429,-17.5504,0.4212,0,-0.8438
55.345,NaN,NaN,NaN,NaN,NaN,NaN,79.7145,601.282,-20.9374,0.4213,0,-0.838
55.35,NaN,NaN,NaN,NaN,NaN,NaN,81.6659,621.522,-24.8731,0.4214,0,-0.832
55.355,NaN,NaN,NaN,NaN,NaN,NaN,83.9463,642.169,-29.4134,0.4215,0,-0.826
55.36,NaN,NaN,NaN,NaN,NaN,NaN,86.4988,663.352,-34.5613,0.4215,0,-0.8198
55.365,NaN,NaN,NaN,NaN,NaN,NaN,89.2514,685.221,-40.2741,0.4216,0,-0.8136
55.37,NaN,NaN,NaN,NaN,NaN,NaN,92.1379,707.879,-46.4836,0.4216,0,-0.8074
55.375,NaN,NaN,NaN,NaN,NaN,NaN,95.1082,731.315,-53.1196,0.4216,0,-0.8012
55.38,NaN,NaN,NaN,NaN,NaN,NaN,98.1259,755.382,-60.1272,0.4216,0,-0.795
55.385,NaN,NaN,NaN,NaN,NaN,NaN,101.159,779.813,-67.4734,0.4217,0,-0.7889
55.39,NaN,NaN,NaN,NaN,NaN,NaN,104.17,804.268,-75.1419,0.4218,0,-0.7828
55.395,NaN,NaN,NaN,NaN,NaN,NaN,107.106,828.382,-83.1196,0.4219,0,-0.7766
55.4,NaN,NaN,NaN,NaN,NaN,NaN,109.9,851.815,-91.379,0.4221,0,-0.7705
55.405,NaN,NaN,NaN,NaN,NaN,NaN,112.476,874.277,-99.8606,0.4223,0,-0.7643
55.41,NaN,NaN,NaN,NaN,NaN,NaN,114.768,895.538,-108.461,0.4225,0,-0.7582
55.415,NaN,NaN,NaN,NaN,NaN,NaN,116.732,915.422,-117.034,0.4227,0,-0.7522
55.42,NaN,NaN,NaN,NaN,NaN,NaN,118.366,933.789,-125.424,0.423,0,-0.7463
55.425,NaN,NaN,NaN,NaN,NaN,NaN,119.715,950.504,-133.497,0.4233,0,-0.7407
55.43,NaN,NaN,NaN,NaN,NaN,NaN,120.87,965.406,-141.191,0.4236,0,-0.7352
55.435,NaN,NaN,NaN,NaN,NaN,NaN,121.942,978.277,-148.528,0.4239,0,-0.7299
55.44,NaN,NaN,NaN,NaN,NaN,NaN,123.029,988.824,-155.597,0.4242,0,-0.7246
55.445,NaN,NaN,NaN,NaN,NaN,NaN,124.166,996.669,-162.5,0.4246,0,-0.7194
55.45,NaN,NaN,NaN,NaN,NaN,NaN,125.288,1001.36,-169.296,0.4249,0,-0.7141
55.455,NaN,NaN,NaN,NaN,NaN,NaN,126.222,1002.42,-175.956,0.4253,0,-0.7087
55.46,NaN,NaN,NaN,NaN,NaN,NaN,126.725,999.377,-182.346,0.4257,0,-0.7033
55.465,NaN,NaN,NaN,NaN,NaN,NaN,126.538,991.872,-188.257,0.4262,0,-0.6979
55.47,NaN,NaN,NaN,NaN,NaN,NaN,125.459,979.72,-193.462,0.4266,0,-0.6926
55.475,NaN,NaN,NaN,NaN,NaN,NaN,123.37,962.94,-197.788,0.4271,0,-0.6873
55.48,NaN,NaN,NaN,NaN,NaN,NaN,120.246,941.728,-201.181,0.4277,0,-0.682
55.485,NaN,NaN,NaN,NaN,NaN,NaN,116.134,916.341,-203.715,0.4282,0,-0.6768
55.49,NaN,NaN,NaN,NaN,NaN,NaN,111.128,886.939,-205.545,0.4287,0,-0.6714
55.495,NaN,NaN,NaN,NaN,NaN,NaN,105.347,853.421,-206.813,0.4292,0,-0.6658
55.5,NaN,NaN,NaN,NaN,NaN,NaN,98.9093,815.322,-207.527,0.4297,0,-0.66
55.505,NaN,NaN,NaN,NaN,NaN,NaN,91.9188,771.839,-207.451,0.4302,0,-0.654
55.51,NaN,NaN,NaN,NaN,NaN,NaN,84.4846,722.013,-206.041,0.4307,0,-0.6477
55.515,NaN,NaN,NaN,NaN,NaN,NaN,76.7646,665.057,-202.461,0.4312,0,-0.6412
55.52,NaN,NaN,NaN,NaN,NaN,NaN,69.0211,600.761,-195.695,0.4317,0,-0.6346
55.525,NaN,NaN,NaN,NaN,NaN,NaN,61.6473,529.875,-184.758,0.4322,0,-0.628
55.53,NaN,NaN,NaN,NaN,NaN,NaN,55.1238,454.321,-168.974,0.4328,0,-0.6214
55.535,NaN,NaN,NaN,NaN,NaN,NaN,49.8964,377.15,-148.257,0.4336,0,-0.6152
55.54,NaN,NaN,NaN,NaN,NaN,NaN,46.2106,302.182,-123.331,0.4347,0,-0.6098
55.545,NaN,NaN,NaN,NaN,NaN,NaN,43.9876,233.38,-95.7715,0.4363,0,-0.6059
55.55,NaN,NaN,NaN,NaN,NaN,NaN,42.8284,174.115,-67.8066,0.4385,0,-0.605
55.555,NaN,NaN,NaN,NaN,NaN,NaN,42.1689,126.515,-41.8809,0.4416,0,-0.6096
55.56,NaN,NaN,NaN,NaN,NaN,NaN,41.5141,91.1178,-20.1163,0.4457,0,-0.6224
55.565,NaN,NaN,NaN,NaN,NaN,NaN,40.6222,66.9046,-3.8582,0.4503,0,-0.6452
55.57,NaN,NaN,NaN,NaN,NaN,NaN,39.5404,51.694,6.5408,0.4547,0,-0.6744
55.575,NaN,NaN,NaN,NaN,NaN,NaN,38.4889,42.7367,11.6575,0.4584,0,-0.7004
55.58,NaN,NaN,NaN,NaN,NaN,NaN,37.6794,37.3297,12.7154,0.4617,0,-0.7142
55.585,NaN,NaN,NaN,NaN,NaN,NaN,37.1821,33.2914,11.2038,0.4658,0,-0.7133
55.59,NaN,NaN,NaN,NaN,NaN,NaN,36.9067,29.2114,8.5237,0.472,0,-0.7002
55.595,NaN,NaN,NaN,NaN,NaN,NaN,36.6855,24.4748,5.7516,0.4825,0,-0.6771
55.6,NaN,NaN,NaN,NaN,NaN,NaN,0,0,0,0,0,0
55.605,NaN,NaN,NaN,NaN,NaN,NaN,0,0,0,0,0,0
55.61,NaN,NaN,NaN,NaN,NaN,NaN,0,0,0,0,0,0
55.615,NaN,NaN,NaN,NaN,NaN,NaN,0,0,0,0,0,0
55.62,NaN,NaN,NaN,NaN,NaN,NaN,0,0,0,0,0,0
55.625,NaN,NaN,NaN,NaN,NaN,NaN,0,0,0,0,0,0
55.63,NaN,NaN,NaN,NaN,NaN,NaN,0,0,0,0,0,0
55.635,NaN,NaN,NaN,NaN,NaN,NaN,0,0,0,0,0,0
55.64,NaN,NaN,NaN,NaN,NaN,NaN,0,0,0,0,0,0
55.645,NaN,NaN,NaN,NaN,NaN,NaN,0,0,0,0,0,0
55.65,NaN,NaN,NaN,NaN,NaN,NaN,0,0,0,0,0,0
55.655,NaN,NaN,NaN,NaN,NaN,NaN,0,0,0,0,0,0
55.66,NaN,NaN,NaN,NaN,NaN,NaN,0,0,0,0,0,0
55.665,NaN,NaN,NaN,NaN,NaN,NaN,0,0,0,0,0,0
55.67,NaN,NaN,NaN,NaN,NaN,NaN,0,0,0,0,0,0
55.675,NaN,NaN,NaN,NaN,NaN,NaN,0,0,0,0,0,0
55.68,NaN,NaN,NaN,NaN,NaN,NaN,0,0,0,0,0,0
55.685,NaN,NaN,NaN,NaN,NaN,NaN,0,0,0,0,0,0
55.69,NaN,NaN,NaN,NaN,NaN,NaN,0,0,0,0,0,0
55.695,NaN,NaN,NaN,NaN,NaN,NaN,0,0,0,0,0,0
55.7,NaN,NaN,NaN,NaN,NaN,NaN,0,0,0,0,0,0
55.705,NaN,NaN,NaN,NaN,NaN,NaN,0,0,0,0,0,0
55.71,NaN,NaN,NaN,NaN,NaN,NaN,0,0,0,0,0,0
55.715,NaN,NaN,NaN,NaN,NaN,NaN,0,0,0,0,0,0
55.72,NaN,NaN,NaN,NaN,NaN,NaN,0,0,0,0,0,0
55.725,NaN,NaN,NaN,NaN,NaN,NaN,0,0,0,0,0,0
55.73,NaN,NaN,NaN,NaN,NaN,NaN,0,0,0,0,0,0
55.735,NaN,NaN,NaN,NaN,NaN,NaN,0,0,0,0,0,0
55.74,NaN,NaN,NaN,NaN,NaN,NaN,0,0,0,0,0,0
55.745,NaN,NaN,NaN,NaN,NaN,NaN,0,0,0,0,0,0
55.75,NaN,NaN,NaN,NaN,NaN,NaN,0,0,0,0,0,0
55.755,NaN,NaN,NaN,NaN,NaN,NaN,0,0,0,0,0,0
55.76,NaN,NaN,NaN,NaN,NaN,NaN,0,0,0,0,0,0
55.765,NaN,NaN,NaN,NaN,NaN,NaN,0,0,0,0,0,0
55.77,NaN,NaN,NaN,NaN,NaN,NaN,0,0,0,0,0,0
55.775,NaN,NaN,NaN,NaN,NaN,NaN,0,0,0,0,0,0
55.78,NaN,NaN,NaN,NaN,NaN,NaN,0,0,0,0,0,0
55.785,NaN,NaN,NaN,NaN,NaN,NaN,0,0,0,0,0,0
55.79,NaN,NaN,NaN,NaN,NaN,NaN,0,0,0,0,0,0
55.795,NaN,NaN,NaN,NaN,NaN,NaN,0,0,0,0,0,0
55.8,NaN,NaN,NaN,NaN,NaN,NaN,0,0,0,0,0,0
55.805,NaN,NaN,NaN,NaN,NaN,NaN,0,0,0,0,0,0
55.81,NaN,NaN,NaN,NaN,NaN,NaN,0,0,0,0,0,0
55.815,NaN,NaN,NaN,NaN,NaN,NaN,0,0,0,0,0,0
55.82,NaN,NaN,NaN,NaN,NaN,NaN,0,0,0,0,0,0
55.825,NaN,NaN,NaN,NaN,NaN,NaN,0,0,0,0,0,0
55.83,NaN,NaN,NaN,NaN,NaN,NaN,0,0,0,0,0,0
55.835,NaN,NaN,NaN,NaN,NaN,NaN,0,0,0,0,0,0
55.84,NaN,NaN,NaN,NaN,NaN,NaN,0,0,0,0,0,0
55.845,NaN,NaN,NaN,NaN,NaN,NaN,0,0,0,0,0,0
55.85,NaN,NaN,NaN,NaN,NaN,NaN,0,0,0,0,0,0
55.855,NaN,NaN,NaN,NaN,NaN,NaN,0,0,0,0,0,0
55.86,NaN,NaN,NaN,NaN,NaN,NaN,0,0,0,0,0,0
55.865,NaN,NaN,NaN,NaN,NaN,NaN,0,0,0,0,0,0
55.87,NaN,NaN,NaN,NaN,NaN,NaN,0,0,0,0,0,0
55.875,NaN,NaN,NaN,NaN,NaN,NaN,0,0,0,0,0,0
55.88,NaN,NaN,NaN,NaN,NaN,NaN,0,0,0,0,0,0
55.885,NaN,NaN,NaN,NaN,NaN,NaN,0,0,0,0,0,0
55.89,NaN,NaN,NaN,NaN,NaN,NaN,0,0,0,0,0,0
55.895,NaN,NaN,NaN,NaN,NaN,NaN,0,0,0,0,0,0
55.9,NaN,NaN,NaN,NaN,NaN,NaN,0,0,0,0,0,0
55.905,NaN,NaN,NaN,NaN,NaN,NaN,0,0,0,0,0,0
55.91,NaN,NaN,NaN,NaN,NaN,NaN,0,0,0,0,0,0
55.915,NaN,NaN,NaN,NaN,NaN,NaN,0,0,0,0,0,0
55.92,NaN,NaN,NaN,NaN,NaN,NaN,0,0,0,0,0,0
55.925,NaN,NaN,NaN,NaN,NaN,NaN,0,0,0,0,0,0
55.93,NaN,NaN,NaN,NaN,NaN,NaN,0,0,0,0,0,0
55.935,NaN,NaN,NaN,NaN,NaN,NaN,0,0,0,0,0,0
55.94,NaN,NaN,NaN,NaN,NaN,NaN,0,0,0,0,0,0
55.945,NaN,NaN,NaN,NaN,NaN,NaN,0,0,0,0,0,0
55.95,NaN,NaN,NaN,NaN,NaN,NaN,0,0,0,0,0,0
55.955,NaN,NaN,NaN,NaN,NaN,NaN,0,0,0,0,0,0
55.96,NaN,NaN,NaN,NaN,NaN,NaN,0,0,0,0,0,0
55.965,NaN,NaN,NaN,NaN,NaN,NaN,0,0,0,0,0,0
55.97,NaN,NaN,NaN,NaN,NaN,NaN,0,0,0,0,0,0
55.975,NaN,NaN,NaN,NaN,NaN,NaN,0,0,0,0,0,0
55.98,NaN,NaN,NaN,NaN,NaN,NaN,0,0,0,0,0,0
55.985,NaN,NaN,NaN,NaN,NaN,NaN,0,0,0,0,0,0
55.99,NaN,NaN,NaN,NaN,NaN,NaN,0,0,0,0,0,0
55.995,NaN,NaN,NaN,NaN,NaN,NaN,35.7981,33.2047,3.6414,0.4826,0,-1.232
56,NaN,NaN,NaN,NaN,NaN,NaN,34.0387,55.8528,-8.2646,0.4688,0,-1.2041
56.005,NaN,NaN,NaN,NaN,NaN,NaN,29.9093,83.9812,-21.6935,0.4625,0,-1.1825
56.01,NaN,NaN,NaN,NaN,NaN,NaN,23.4242,116.856,-33.0918,0.4584,0,-1.167
56.015,NaN,NaN,NaN,NaN,NaN,NaN,15.4243,154.158,-38.7878,0.4546,0,-1.1581
56.02,NaN,NaN,NaN,NaN,NaN,NaN,7.5556,196.346,-36.075,0.4503,0,-1.1555
56.025,NaN,NaN,NaN,NaN,NaN,NaN,1.9413,244.487,-23.9919,0.4454,0,-1.1585
56.03,NaN,NaN,NaN,NaN,NaN,NaN,0.6241,299.504,-3.5157,0.4402,0,-1.1653
56.035,NaN,NaN,NaN,NaN,NaN,NaN,4.9595,361.099,22.8252,0.4354,0,-1.1735
56.04,NaN,NaN,NaN,NaN,NaN,NaN,15.1492,426.904,51.6492,0.4313,0,-1.1814
56.045,NaN,NaN,NaN,NaN,NaN,NaN,30.0474,492.357,79.404,0.4282,0,-1.1877
56.05,NaN,NaN,NaN,NaN,NaN,NaN,47.3181,551.522,102.876,0.4261,0,-1.192
56.055,NaN,NaN,NaN,NaN,NaN,NaN,63.9808,598.609,119.592,0.4247,0,-1.1944
56.06,NaN,NaN,NaN,NaN,NaN,NaN,77.2815,629.667,128.21,0.4238,0,-1.1951
56.065,NaN,NaN,NaN,NaN,NaN,NaN,85.6349,643.821,128.858,0.4231,0,-1.1942
56.07,NaN,NaN,NaN,NaN,NaN,NaN,89.2183,643.621,123.218,0.4223,0,-1.192
56.075,NaN,NaN,NaN,NaN,NaN,NaN,89.8471,634.368,114.17,0.4212,0,-1.1888
56.08,NaN,NaN,NaN,NaN,NaN,NaN,90.1145,622.675,105.042,0.4198,0,-1.1852
56.085,NaN,NaN,NaN,NaN,NaN,NaN,92.2175,614.742,98.7253,0.418,0,-1.1818
56.09,NaN,NaN,NaN,NaN,NaN,NaN,97.1034,614.93,96.9917,0.416,0,-1.1792
56.095,NaN,NaN,NaN,NaN,NaN,NaN,104.358,625.026,100.247,0.4138,0,-1.1777
56.1,NaN,NaN,NaN,NaN,NaN,NaN,112.767,644.363,107.718,0.4117,0,-1.1771
56.105,NaN,NaN,NaN,NaN,NaN,NaN,121.086,670.588,117.906,0.4099,0,-1.1771
56.11,NaN,NaN,NaN,NaN,NaN,NaN,128.527,700.747,129.089,0.4083,0,-1.1771
56.115,NaN,NaN,NaN,NaN,NaN,NaN,134.779,732.241,139.714,0.4071,0,-1.177
56.12,NaN,NaN,NaN,NaN,NaN,NaN,139.731,763.395,148.625,0.4063,0,-1.1763
56.125,NaN,NaN,NaN,NaN,NaN,NaN,143.244,793.5,155.149,0.4057,0,-1.1749
56.13,NaN,NaN,NaN,NaN,NaN,NaN,145.153,822.465,159.094,0.4053,0,-1.1727
56.135,NaN,NaN,NaN,NaN,NaN,NaN,145.45,850.285,160.678,0.4049,0,-1.1698
56.14,NaN,NaN,NaN,NaN,NaN,NaN,144.424,876.599,160.385,0.4045,0,-1.1662
56.145,NaN,NaN,NaN,NaN,NaN,NaN,142.606,900.521,158.796,0.4041,0,-1.1621
56.15,NaN,NaN,NaN,NaN,NaN,NaN,140.554,920.787,156.423,0.4038,0,-1.1578
56.155,NaN,NaN,NaN,NaN,NaN,NaN,138.63,936.121,153.628,0.4036,0,-1.1534
56.16,NaN,NaN,NaN,NaN,NaN,NaN,136.943,945.652,150.62,0.4034,0,-1.149
56.165,NaN,NaN,NaN,NaN,NaN,NaN,135.461,949.203,147.515,0.4033,0,-1.1447
56.17,NaN,NaN,NaN,NaN,NaN,NaN,134.167,947.341,144.378,0.4031,0,-1.1405
56.175,NaN,NaN,NaN,NaN,NaN,NaN,133.131,941.205,141.241,0.4029,0,-1.1365
56.18,NaN,NaN,NaN,NaN,NaN,NaN,132.446,932.185,138.097,0.4026,0,-1.1327
56.185,NaN,NaN,NaN,NaN,NaN,NaN,132.112,921.587,134.898,0.4023,0,-1.1291
56.19,NaN,NaN,NaN,NaN,NaN,NaN,131.983,910.369,131.566,0.402,0,-1.1255
56.195,NaN,NaN,NaN,NaN,NaN,NaN,131.836,899.03,128.017,0.4017,0,-1.1219
56.2,NaN,NaN,NaN,NaN,NaN,NaN,131.491,887.64,124.182,0.4013,0,-1.1181
56.205,NaN,NaN,NaN,NaN,NaN,NaN,130.892,875.987,120.031,0.401,0,-1.1141
56.21,NaN,NaN,NaN,NaN,NaN,NaN,130.075,863.754,115.596,0.4008,0,-1.1099
56.215,NaN,NaN,NaN,NaN,NaN,NaN,129.081,850.668,110.959,0.4006,0,-1.1055
56.22,NaN,NaN,NaN,NaN,NaN,NaN,127.896,836.59,106.223,0.4004,0,-1.1009
56.225,NaN,NaN,NaN,NaN,NaN,NaN,126.469,821.537,101.467,0.4003,0,-1.0961
56.23,NaN,NaN,NaN,NaN,NaN,NaN,124.791,805.651,96.7207,0.4002,0,-1.0913
56.235,NaN,NaN,NaN,NaN,NaN,NaN,122.938,789.145,91.9801,0.4001,0,-1.0865
56.24,NaN,NaN,NaN,NaN,NaN,NaN,121.042,772.234,87.2278,0.4,0,-1.0815
56.245,NaN,NaN,NaN,NaN,NaN,NaN,119.202,755.08,82.4543,0.3999,0,-1.0765
56.25,NaN,NaN,NaN,NaN,NaN,NaN,117.418,737.763,77.6622,0.3997,0,-1.0714
56.255,NaN,NaN,NaN,NaN,NaN,NaN,115.616,720.277,72.8658,0.3996,0,-1.0662
56.26,NaN,NaN,NaN,NaN,NaN,NaN,113.744,702.564,68.0904,0.3995,0,-1.061
56.265,NaN,NaN,NaN,NaN,NaN,NaN,111.867,684.56,63.3698,0.3994,0,-1.0557
56.27,NaN,NaN,NaN,NaN,NaN,NaN,110.161,666.244,58.7391,0.3994,0,-1.0503
56.275,NaN,NaN,NaN,NaN,NaN,NaN,108.805,647.672,54.2252,0.3995,0,-1.0447
56.28,NaN,NaN,NaN,NaN,NaN,NaN,107.846,628.99,49.8475,0.3996,0,-1.039
56.285,NaN,NaN,NaN,NaN,NaN,NaN,107.127,610.432,45.6364,0.3999,0,-1.033
56.29,NaN,NaN,NaN,NaN,NaN,NaN,106.335,592.285,41.6588,0.4003,0,-1.0269
56.295,NaN,NaN,NaN,NaN,NaN,NaN,105.14,574.842,38.0225,0.4006,0,-1.0208
56.3,NaN,NaN,NaN,NaN,NaN,NaN,103.343,558.34,34.8402,0.4008,0,-1.015
56.305,NaN,NaN,NaN,NaN,NaN,NaN,100.949,542.929,32.1659,0.401,0,-1.0094
56.31,NaN,NaN,NaN,NaN,NaN,NaN,98.1467,528.666,29.9507,0.4011,0,-1.0042
56.315,NaN,NaN,NaN,NaN,NaN,NaN,95.2152,515.549,28.0533,0.4013,0,-0.9992
56.32,NaN,NaN,NaN,NaN,NaN,NaN,92.4161,503.575,26.3018,0.4016,0,-0.9943
56.325,NaN,NaN,NaN,NaN,NaN,NaN,89.9137,492.769,24.5644,0.402,0,-0.9894
56.33,NaN,NaN,NaN,NaN,NaN,NaN,87.7515,483.195,22.7837,0.4025,0,-0.9843
56.335,NaN,NaN,NaN,NaN,NaN,NaN,85.8765,474.933,20.9601,0.4031,0,-0.9791
56.34,NaN,NaN,NaN,NaN,NaN,NaN,84.1901,468.042,19.1074,0.4038,0,-0.9738
56.345,NaN,NaN,NaN,NaN,NaN,NaN,82.5965,462.545,17.2175,0.4044,0,-0.9684
56.35,NaN,NaN,NaN,NaN,NaN,NaN,81.0306,458.425,15.2561,0.4051,0,-0.9631
56.355,NaN,NaN,NaN,NaN,NaN,NaN,79.4634,455.629,13.1815,0.4059,0,-0.9577
56.36,NaN,NaN,NaN,NaN,NaN,NaN,77.8964,454.084,10.965,0.4066,0,-0.9522
56.365,NaN,NaN,NaN,NaN,NaN,NaN,76.3574,453.71,8.5964,0.4073,0,-0.9466
56.37,NaN,NaN,NaN,NaN,NaN,NaN,74.9015,454.435,6.0807,0.4079,0,-0.9409
56.375,NaN,NaN,NaN,NaN,NaN,NaN,73.6096,456.229,3.4352,0.4085,0,-0.935
56.38,NaN,NaN,NaN,NaN,NaN,NaN,72.5787,459.141,0.694,0.409,0,-0.9291
56.385,NaN,NaN,NaN,NaN,NaN,NaN,71.9,463.323,-2.0925,0.4096,0,-0.9233
56.39,NaN,NaN,NaN,NaN,NaN,NaN,71.6344,469.032,-4.8682,0.4101,0,-0.9174
56.395,NaN,NaN,NaN,NaN,NaN,NaN,71.7961,476.582,-7.5932,0.4106,0,-0.9117
56.4,NaN,NaN,NaN,NaN,NaN,NaN,72.3534,486.278,-10.2648,0.4111,0,-0.9061
56.405,NaN,NaN,NaN,NaN,NaN,NaN,73.2459,498.332,-12.9228,0.4116,0,-0.9005
56.41,NaN,NaN,NaN,NaN,NaN,NaN,74.4101,512.799,-15.6349,0.412,0,-0.895
56.415,NaN,NaN,NaN,NaN,NaN,NaN,75.8025,529.549,-18.4753,0.4123,0,-0.8895
56.42,NaN,NaN,NaN,NaN,NaN,NaN,77.4116,548.279,-21.5119,0.4125,0,-0.8841
56.425,NaN,NaN,NaN,NaN,NaN,NaN,79.2543,568.563,-24.8073,0.4127,0,-0.8788
56.43,NaN,NaN,NaN,NaN,NaN,NaN,81.3594,589.926,-28.4241,0.4128,0,-0.8734
56.435,NaN,NaN,NaN,NaN,NaN,NaN,83.7421,611.916,-32.4243,0.4129,0,-0.8678
56.44,NaN,NaN,NaN,NaN,NaN,NaN,86.3827,634.162,-36.8614,0.4131,0,-0.8621
56.445,NaN,NaN,NaN,NaN,NaN,NaN,89.2195,656.407,-41.7703,0.4132,0,-0.856
56.45,NaN,NaN,NaN,NaN,NaN,NaN,92.1617,678.503,-47.1574,0.4133,0,-0.8498
56.455,NaN,NaN,NaN,NaN,NaN,NaN,95.1153,700.377,-52.9981,0.4134,0,-0.8434
56.46,NaN,NaN,NaN,NaN,NaN,NaN,98.01,721.992,-59.2408,0.4135,0,-0.837
56.465,NaN,NaN,NaN,NaN,NaN,NaN,100.815,743.304,-65.8154,0.4136,0,-0.8307
56.47,NaN,NaN,NaN,NaN,NaN,NaN,103.536,764.233,-72.6429,0.4136,0,-0.8247
56.475,NaN,NaN,NaN,NaN,NaN,NaN,106.199,784.648,-79.647,0.4137,0,-0.819
56.48,NaN,NaN,NaN,NaN,NaN,NaN,108.815,804.359,-86.7698,0.4138,0,-0.8134
56.485,NaN,NaN,NaN,NaN,NaN,NaN,111.356,823.115,-93.9851,0.414,0,-0.808
56.49,NaN,NaN,NaN,NaN,NaN,NaN,113.744,840.631,-101.297,0.4142,0,-0.8024
56.495,NaN,NaN,NaN,NaN,NaN,NaN,115.868,856.618,-108.721,0.4144,0,-0.7968
56.5,NaN,NaN,NaN,NaN,NaN,NaN,117.628,870.824,-116.263,0.4146,0,-0.791
56.505,NaN,NaN,NaN,NaN,NaN,NaN,118.97,883.058,-123.913,0.4148,0,-0.7851
56.51,NaN,NaN,NaN,NaN,NaN,NaN,119.923,893.191,-131.65,0.4151,0,-0.7791
56.515,NaN,NaN,NaN,NaN,NaN,NaN,120.59,901.126,-139.457,0.4154,0,-0.773
56.52,NaN,NaN,NaN,NaN,NaN,NaN,121.127,906.768,-147.324,0.4158,0,-0.7668
56.525,NaN,NaN,NaN,NaN,NaN,NaN,121.691,909.986,-155.226,0.4162,0,-0.7607
56.53,NaN,NaN,NaN,NaN,NaN,NaN,122.386,910.593,-163.098,0.4165,0,-0.7545
56.535,NaN,NaN,NaN,NaN,NaN,NaN,123.209,908.327,-170.811,0.417,0,-0.7484
56.54,NaN,NaN,NaN,NaN,NaN,NaN,124.034,902.874,-178.18,0.4174,0,-0.7424
56.545,NaN,NaN,NaN,NaN,NaN,NaN,124.634,893.893,-185.006,0.4178,0,-0.7364
56.55,NaN,NaN,NaN,NaN,NaN,NaN,124.73,881.058,-191.137,0.4183,0,-0.7306
56.555,NaN,NaN,NaN,NaN,NaN,NaN,124.058,864.064,-196.52,0.4188,0,-0.7249
56.56,NaN,NaN,NaN,NaN,NaN,NaN,122.417,842.595,-201.215,0.4194,0,-0.7192
56.565,NaN,NaN,NaN,NaN,NaN,NaN,119.69,816.24,-205.327,0.4199,0,-0.7135
56.57,NaN,NaN,NaN,NaN,NaN,NaN,115.846,784.412,-208.872,0.4205,0,-0.7077
56.575,NaN,NaN,NaN,NaN,NaN,NaN,110.92,746.33,-211.601,0.4212,0,-0.7017
56.58,NaN,NaN,NaN,NaN,NaN,NaN,105.005,701.122,-212.857,0.4218,0,-0.6955
56.585,NaN,NaN,NaN,NaN,NaN,NaN,98.2395,648.085,-211.561,0.4224,0,-0.6888
56.59,NaN,NaN,NaN,NaN,NaN,NaN,90.8145,587.063,-206.355,0.423,0,-0.6818
56.595,NaN,NaN,NaN,NaN,NaN,NaN,82.9863,518.835,-195.933,0.4237,0,-0.6744
56.6,NaN,NaN,NaN,NaN,NaN,NaN,75.0781,445.358,-179.449,0.4245,0,-0.6664
56.605,NaN,NaN,NaN,NaN,NaN,NaN,67.453,369.736,-156.893,0.4256,0,-0.6581
56.61,NaN,NaN,NaN,NaN,NaN,NaN,60.4529,295.858,-129.301,0.4269,0,-0.6497
56.615,NaN,NaN,NaN,NaN,NaN,NaN,54.3207,227.769,-98.7037,0.4287,0,-0.6422
56.62,NaN,NaN,NaN,NaN,NaN,NaN,49.1432,168.94,-67.8135,0.4311,0,-0.6374
56.625,NaN,NaN,NaN,NaN,NaN,NaN,44.8564,121.633,-39.5036,0.4341,0,-0.6386
56.63,NaN,NaN,NaN,NaN,NaN,NaN,41.3201,86.5414,-16.1996,0.4377,0,-0.6506
56.635,NaN,NaN,NaN,NaN,NaN,NaN,38.4213,62.7733,0.6391,0.441,0,-0.6772
56.64,NaN,NaN,NaN,NaN,NaN,NaN,36.1299,48.2002,10.7684,0.4431,0,-0.7151
56.645,NaN,NaN,NaN,NaN,NaN,NaN,34.4625,40.0339,15.0485,0.4437,0,-0.7514
56.65,NaN,NaN,NaN,NaN,NaN,NaN,33.3846,35.4584,15.0404,0.4438,0,-0.773
56.655,NaN,NaN,NaN,NaN,NaN,NaN,32.7469,32.1506,12.5049,0.4455,0,-0.778
56.66,NaN,NaN,NaN,NaN,NaN,NaN,32.3283,28.5899,9.0002,0.4503,0,-0.7719
56.665,NaN,NaN,NaN,NaN,NaN,NaN,31.9617,24.1291,5.6669,0.4599,0,-0.7612
56.67,NaN,NaN,NaN,NaN,NaN,NaN,0,0,0,0,0,0
56.675,NaN,NaN,NaN,NaN,NaN,NaN,0,0,0,0,0,0
56.68,NaN,NaN,NaN,NaN,NaN,NaN,0,0,0,0,0,0
56.685,NaN,NaN,NaN,NaN,NaN,NaN,0,0,0,0,0,0
56.69,NaN,NaN,NaN,NaN,NaN,NaN,0,0,0,0,0,0
56.695,NaN,NaN,NaN,NaN,NaN,NaN,0,0,0,0,0,0
56.7,NaN,NaN,NaN,NaN,NaN,NaN,0,0,0,0,0,0
56.705,NaN,NaN,NaN,NaN,NaN,NaN,0,0,0,0,0,0
56.71,NaN,NaN,NaN,NaN,NaN,NaN,0,0,0,0,0,0
56.715,NaN,NaN,NaN,NaN,NaN,NaN,0,0,0,0,0,0
56.72,NaN,NaN,NaN,NaN,NaN,NaN,0,0,0,0,0,0
56.725,NaN,NaN,NaN,NaN,NaN,NaN,0,0,0,0,0,0
56.73,NaN,NaN,NaN,NaN,NaN,NaN,0,0,0,0,0,0
56.735,NaN,NaN,NaN,NaN,NaN,NaN,0,0,0,0,0,0
56.74,NaN,NaN,NaN,NaN,NaN,NaN,0,0,0,0,0,0
56.745,NaN,NaN,NaN,NaN,NaN,NaN,0,0,0,0,0,0
56.75,NaN,NaN,NaN,NaN,NaN,NaN,0,0,0,0,0,0
56.755,NaN,NaN,NaN,NaN,NaN,NaN,0,0,0,0,0,0
56.76,NaN,NaN,NaN,NaN,NaN,NaN,0,0,0,0,0,0
56.765,NaN,NaN,NaN,NaN,NaN,NaN,0,0,0,0,0,0
56.77,NaN,NaN,NaN,NaN,NaN,NaN,0,0,0,0,0,0
56.775,NaN,NaN,NaN,NaN,NaN,NaN,0,0,0,0,0,0
56.78,NaN,NaN,NaN,NaN,NaN,NaN,0,0,0,0,0,0
56.785,NaN,NaN,NaN,NaN,NaN,NaN,0,0,0,0,0,0
56.79,NaN,NaN,NaN,NaN,NaN,NaN,0,0,0,0,0,0
56.795,NaN,NaN,NaN,NaN,NaN,NaN,0,0,0,0,0,0
56.8,NaN,NaN,NaN,NaN,NaN,NaN,0,0,0,0,0,0
56.805,NaN,NaN,NaN,NaN,NaN,NaN,0,0,0,0,0,0
56.81,NaN,NaN,NaN,NaN,NaN,NaN,0,0,0,0,0,0
56.815,NaN,NaN,NaN,NaN,NaN,NaN,0,0,0,0,0,0
56.82,NaN,NaN,NaN,NaN,NaN,NaN,0,0,0,0,0,0
56.825,NaN,NaN,NaN,NaN,NaN,NaN,0,0,0,0,0,0
56.83,NaN,NaN,NaN,NaN,NaN,NaN,0,0,0,0,0,0
56.835,NaN,NaN,NaN,NaN,NaN,NaN,0,0,0,0,0,0
56.84,NaN,NaN,NaN,NaN,NaN,NaN,0,0,0,0,0,0
56.845,NaN,NaN,NaN,NaN,NaN,NaN,0,0,0,0,0,0
56.85,NaN,NaN,NaN,NaN,NaN,NaN,0,0,0,0,0,0
56.855,NaN,NaN,NaN,NaN,NaN,NaN,0,0,0,0,0,0
56.86,NaN,NaN,NaN,NaN,NaN,NaN,0,0,0,0,0,0
56.865,NaN,NaN,NaN,NaN,NaN,NaN,0,0,0,0,0,0
56.87,NaN,NaN,NaN,NaN,NaN,NaN,0,0,0,0,0,0
56.875,NaN,NaN,NaN,NaN,NaN,NaN,0,0,0,0,0,0
56.88,NaN,NaN,NaN,NaN,NaN,NaN,0,0,0,0,0,0
56.885,NaN,NaN,NaN,NaN,NaN,NaN,0,0,0,0,0,0
56.89,NaN,NaN,NaN,NaN,NaN,NaN,0,0,0,0,0,0
56.895,NaN,NaN,NaN,NaN,NaN,NaN,0,0,0,0,0,0
56.9,NaN,NaN,NaN,NaN,NaN,NaN,0,0,0,0,0,0
56.905,NaN,NaN,NaN,NaN,NaN,NaN,0,0,0,0,0,0
56.91,NaN,NaN,NaN,NaN,NaN,NaN,0,0,0,0,0,0
56.915,NaN,NaN,NaN,NaN,NaN,NaN,0,0,0,0,0,0
56.92,NaN,NaN,NaN,NaN,NaN,NaN,0,0,0,0,0,0
56.925,NaN,NaN,NaN,NaN,NaN,NaN,0,0,0,0,0,0
56.93,NaN,NaN,NaN,NaN,NaN,NaN,0,0,0,0,0,0
56.935,NaN,NaN,NaN,NaN,NaN,NaN,0,0,0,0,0,0
56.94,NaN,NaN,NaN,NaN,NaN,NaN,0,0,0,0,0,0
56.945,NaN,NaN,NaN,NaN,NaN,NaN,0,0,0,0,0,0
56.95,NaN,NaN,NaN,NaN,NaN,NaN,0,0,0,0,0,0
56.955,NaN,NaN,NaN,NaN,NaN,NaN,0,0,0,0,0,0
56.96,NaN,NaN,NaN,NaN,NaN,NaN,0,0,0,0,0,0
56.965,NaN,NaN,NaN,NaN,NaN,NaN,0,0,0,0,0,0
56.97,NaN,NaN,NaN,NaN,NaN,NaN,0,0,0,0,0,0
56.975,NaN,NaN,NaN,NaN,NaN,NaN,0,0,0,0,0,0
56.98,NaN,NaN,NaN,NaN,NaN,NaN,0,0,0,0,0,0
56.985,NaN,NaN,NaN,NaN,NaN,NaN,0,0,0,0,0,0
56.99,NaN,NaN,NaN,NaN,NaN,NaN,0,0,0,0,0,0
56.995,NaN,NaN,NaN,NaN,NaN,NaN,0,0,0,0,0,0
57,NaN,NaN,NaN,NaN,NaN,NaN,0,0,0,0,0,0
57.005,NaN,NaN,NaN,NaN,NaN,NaN,0,0,0,0,0,0
57.01,NaN,NaN,NaN,NaN,NaN,NaN,0,0,0,0,0,0
57.015,NaN,NaN,NaN,NaN,NaN,NaN,0,0,0,0,0,0
57.02,NaN,NaN,NaN,NaN,NaN,NaN,0,0,0,0,0,0
57.025,NaN,NaN,NaN,NaN,NaN,NaN,0,0,0,0,0,0
57.03,NaN,NaN,NaN,NaN,NaN,NaN,0,0,0,0,0,0
57.035,NaN,NaN,NaN,NaN,NaN,NaN,0,0,0,0,0,0
57.04,NaN,NaN,NaN,NaN,NaN,NaN,0,0,0,0,0,0
57.045,NaN,NaN,NaN,NaN,NaN,NaN,0,0,0,0,0,0
57.05,NaN,NaN,NaN,NaN,NaN,NaN,0,0,0,0,0,0
57.055,NaN,NaN,NaN,NaN,NaN,NaN,0,0,0,0,0,0
57.06,NaN,NaN,NaN,NaN,NaN,NaN,0,0,0,0,0,0
57.065,NaN,NaN,NaN,NaN,NaN,NaN,0,0,0,0,0,0
57.07,NaN,NaN,NaN,NaN,NaN,NaN,0,0,0,0,0,0
57.075,NaN,NaN,NaN,NaN,NaN,NaN,0,0,0,0,0,0
57.08,NaN,NaN,NaN,NaN,NaN,NaN,32.9326,32.2291,2.1612,0.4643,0,-1.2556
57.085,NaN,NaN,NaN,NaN,NaN,NaN,32.3413,52.4283,-9.0147,0.4648,0,-1.2475
57.09,NaN,NaN,NaN,NaN,NaN,NaN,29.5899,77.8312,-21.3669,0.4641,0,-1.2309
57.095,NaN,NaN,NaN,NaN,NaN,NaN,25.1291,108.589,-31.5236,0.4621,0,-1.2156
57.1,NaN,NaN,NaN,NaN,NaN,NaN,20.1508,145.421,-35.9979,0.4587,0,-1.2063
57.105,NaN,NaN,NaN,NaN,NaN,NaN,16.3173,189.637,-32.1534,0.4542,0,-1.2042
57.11,NaN,NaN,NaN,NaN,NaN,NaN,15.3081,242.617,-18.9202,0.449,0,-1.2085
57.115,NaN,NaN,NaN,NaN,NaN,NaN,18.331,304.805,2.9642,0.4437,0,-1.2169
57.12,NaN,NaN,NaN,NaN,NaN,NaN,25.7434,374.65,31.1884,0.439,0,-1.2266
57.125,NaN,NaN,NaN,NaN,NaN,NaN,36.8832,448.04,62.401,0.4353,0,-1.2356
57.13,NaN,NaN,NaN,NaN,NaN,NaN,50.1469,518.705,92.8446,0.4326,0,-1.2428
57.135,NaN,NaN,NaN,NaN,NaN,NaN,63.332,579.585,118.991,0.4309,0,-1.2477
57.14,NaN,NaN,NaN,NaN,NaN,NaN,74.2258,624.718,138.15,0.4301,0,-1.2504
57.145,NaN,NaN,NaN,NaN,NaN,NaN,81.33,650.97,148.993,0.4296,0,-1.2509
57.15,NaN,NaN,NaN,NaN,NaN,NaN,84.4515,658.979,151.806,0.4294,0,-1.2494
57.155,NaN,NaN,NaN,NaN,NaN,NaN,84.8174,653.036,148.364,0.4291,0,-1.246
57.16,NaN,NaN,NaN,NaN,NaN,NaN,84.556,639.915,141.403,0.4285,0,-1.2412
57.165,NaN,NaN,NaN,NaN,NaN,NaN,85.7556,627.08,133.876,0.4274,0,-1.2354
57.17,NaN,NaN,NaN,NaN,NaN,NaN,89.6104,620.857,128.242,0.4259,0,-1.2293
57.175,NaN,NaN,NaN,NaN,NaN,NaN,96.1129,625.14,126.001,0.4241,0,-1.2239
57.18,NaN,NaN,NaN,NaN,NaN,NaN,104.384,640.953,127.569,0.422,0,-1.2194
57.185,NaN,NaN,NaN,NaN,NaN,NaN,113.318,666.835,132.437,0.42,0,-1.216
57.19,NaN,NaN,NaN,NaN,NaN,NaN,122.088,699.806,139.493,0.4183,0,-1.2132
57.195,NaN,NaN,NaN,NaN,NaN,NaN,130.249,736.498,147.391,0.4169,0,-1.2108
57.2,NaN,NaN,NaN,NaN,NaN,NaN,137.533,774.072,154.877,0.4161,0,-1.2083
57.205,NaN,NaN,NaN,NaN,NaN,NaN,143.615,810.686,161.034,0.4155,0,-1.2054
57.21,NaN,NaN,NaN,NaN,NaN,NaN,148.081,845.476,165.409,0.415,0,-1.2022
57.215,NaN,NaN,NaN,NaN,NaN,NaN,150.615,878.167,168.008,0.4145,0,-1.1988
57.22,NaN,NaN,NaN,NaN,NaN,NaN,151.234,908.548,169.161,0.4139,0,-1.1952
57.225,NaN,NaN,NaN,NaN,NaN,NaN,150.381,936.08,169.293,0.4131,0,-1.1917
57.23,NaN,NaN,NaN,NaN,NaN,NaN,148.814,959.774,168.707,0.4124,0,-1.1881
57.235,NaN,NaN,NaN,NaN,NaN,NaN,147.339,978.382,167.488,0.4116,0,-1.1845
57.24,NaN,NaN,NaN,NaN,NaN,NaN,146.547,990.774,165.562,0.411,0,-1.1807
57.245,NaN,NaN,NaN,NaN,NaN,NaN,146.658,996.339,162.856,0.4104,0,-1.1767
57.25,NaN,NaN,NaN,NaN,NaN,NaN,147.518,995.224,159.439,0.4099,0,-1.1724
57.255,NaN,NaN,NaN,NaN,NaN,NaN,148.732,988.328,155.543,0.4094,0,-1.168
57.26,NaN,NaN,NaN,NaN,NaN,NaN,149.842,977.087,151.463,0.4089,0,-1.1636
57.265,NaN,NaN,NaN,NaN,NaN,NaN,150.502,963.143,147.425,0.4082,0,-1.1595
57.27,NaN,NaN,NaN,NaN,NaN,NaN,150.573,947.994,143.506,0.4073,0,-1.1556
57.275,NaN,NaN,NaN,NaN,NaN,NaN,150.124,932.75,139.635,0.4064,0,-1.152
57.28,NaN,NaN,NaN,NaN,NaN,NaN,149.35,918.01,135.657,0.4054,0,-1.1485
57.285,NaN,NaN,NaN,NaN,NaN,NaN,148.442,903.9,131.394,0.4044,0,-1.145
57.29,NaN,NaN,NaN,NaN,NaN,NaN,147.468,890.204,126.717,0.4034,0,-1.1414
57.295,NaN,NaN,NaN,NaN,NaN,NaN,146.342,876.541,121.59,0.4025,0,-1.1376
57.3,NaN,NaN,NaN,NaN,NaN,NaN,144.878,862.537,116.079,0.4017,0,-1.1336
57.305,NaN,NaN,NaN,NaN,NaN,NaN,142.911,847.918,110.33,0.4009,0,-1.1294
57.31,NaN,NaN,NaN,NaN,NaN,NaN,140.397,832.558,104.537,0.4002,0,-1.125
57.315,NaN,NaN,NaN,NaN,NaN,NaN,137.44,816.448,98.8898,0.3994,0,-1.1205
57.32,NaN,NaN,NaN,NaN,NaN,NaN,134.241,799.661,93.5294,0.3987,0,-1.116
57.325,NaN,NaN,NaN,NaN,NaN,NaN,131.014,782.304,88.5102,0.3981,0,-1.1115
57.33,NaN,NaN,NaN,NaN,NaN,NaN,127.93,764.5,83.7916,0.3975,0,-1.1071
57.335,NaN,NaN,NaN,NaN,NaN,NaN,125.109,746.384,79.2665,0.3969,0,-1.1028
57.34,NaN,NaN,NaN,NaN,NaN,NaN,122.635,728.107,74.8146,0.3964,0,-1.0983
57.345,NaN,NaN,NaN,NaN,NaN,NaN,120.552,709.844,70.3536,0.3959,0,-1.0938
57.35,NaN,NaN,NaN,NaN,NaN,NaN,118.838,691.784,65.8675,0.3956,0,-1.0891
57.355,NaN,NaN,NaN,NaN,NaN,NaN,117.381,674.126,61.4084,0.3952,0,-1.0842
57.36,NaN,NaN,NaN,NaN,NaN,NaN,115.983,657.055,57.0787,0.3949,0,-1.0791
57.365,NaN,NaN,NaN,NaN,NaN,NaN,114.418,640.729,53,0.3947,0,-1.0739
57.37,NaN,NaN,NaN,NaN,NaN,NaN,112.512,625.248,49.2743,0.3944,0,-1.0688
57.375,NaN,NaN,NaN,NaN,NaN,NaN,110.213,610.64,45.9475,0.3941,0,-1.0637
57.38,NaN,NaN,NaN,NaN,NaN,NaN,107.61,596.86,42.9861,0.3939,0,-1.0586
57.385,NaN,NaN,NaN,NaN,NaN,NaN,104.893,583.821,40.2851,0.3937,0,-1.0535
57.39,NaN,NaN,NaN,NaN,NaN,NaN,102.277,571.425,37.7088,0.3935,0,-1.0484
57.395,NaN,NaN,NaN,NaN,NaN,NaN,99.927,559.594,35.1462,0.3935,0,-1.0431
57.4,NaN,NaN,NaN,NaN,NaN,NaN,97.9167,548.273,32.5486,0.3934,0,-1.0377
57.405,NaN,NaN,NaN,NaN,NaN,NaN,96.2398,537.429,29.9283,0.3935,0,-1.0322
57.41,NaN,NaN,NaN,NaN,NaN,NaN,94.8518,527.051,27.3288,0.3936,0,-1.0266
57.415,NaN,NaN,NaN,NaN,NaN,NaN,93.7141,517.145,24.7917,0.3937,0,-1.0211
57.42,NaN,NaN,NaN,NaN,NaN,NaN,92.8095,507.749,22.3425,0.3938,0,-1.0155
57.425,NaN,NaN,NaN,NaN,NaN,NaN,92.1239,498.943,19.9949,0.3939,0,-1.0101
57.43,NaN,NaN,NaN,NaN,NaN,NaN,91.6162,490.849,17.7621,0.3941,0,-1.0047
57.435,NaN,NaN,NaN,NaN,NaN,NaN,91.2091,483.616,15.6634,0.3942,0,-0.9993
57.44,NaN,NaN,NaN,NaN,NaN,NaN,90.813,477.393,13.7213,0.3944,0,-0.9939
57.445,NaN,NaN,NaN,NaN,NaN,NaN,90.3657,472.297,11.9533,0.3946,0,-0.9885
57.45,NaN,NaN,NaN,NaN,NaN,NaN,89.8548,468.376,10.3643,0.3948,0,-0.9831
57.455,NaN,NaN,NaN,NaN,NaN,NaN,89.3075,465.589,8.941,0.3949,0,-0.9777
57.46,NaN,NaN,NaN,NaN,NaN,NaN,88.7596,463.805,7.6495,0.3952,0,-0.9722
57.465,NaN,NaN,NaN,NaN,NaN,NaN,88.231,462.85,6.4331,0.3954,0,-0.9668
57.47,NaN,NaN,NaN,NaN,NaN,NaN,87.7216,462.562,5.2114,0.3957,0,-0.9615
57.475,NaN,NaN,NaN,NaN,NaN,NaN,87.2199,462.882,3.8853,0.3961,0,-0.9561
57.48,NaN,NaN,NaN,NaN,NaN,NaN,86.7125,463.909,2.3525,0.3966,0,-0.9509
57.485,NaN,NaN,NaN,NaN,NaN,NaN,86.1897,465.924,0.5344,0.3972,0,-0.9455
57.49,NaN,NaN,NaN,NaN,NaN,NaN,85.6531,469.364,-1.5975,0.3978,0,-0.9401
57.495,NaN,NaN,NaN,NaN,NaN,NaN,85.1294,474.739,-4.0096,0.3984,0,-0.9345
57.5,NaN,NaN,NaN,NaN,NaN,NaN,84.6843,482.519,-6.6194,0.399,0,-0.9288
57.505,NaN,NaN,NaN,NaN,NaN,NaN,84.4231,493.024,-9.3288,0.3996,0,-0.9229
57.51,NaN,NaN,NaN,NaN,NaN,NaN,84.4678,506.352,-12.0656,0.4001,0,-0.917
57.515,NaN,NaN,NaN,NaN,NaN,NaN,84.9169,522.355,-14.8134,0.4006,0,-0.9111
57.52,NaN,NaN,NaN,NaN,NaN,NaN,85.8088,540.676,-17.6189,0.401,0,-0.9052
57.525,NaN,NaN,NaN,NaN,NaN,NaN,87.109,560.823,-20.5776,0.4013,0,-0.8994
57.53,NaN,NaN,NaN,NaN,NaN,NaN,88.7284,582.263,-23.8067,0.4016,0,-0.8937
57.535,NaN,NaN,NaN,NaN,NaN,NaN,90.56,604.518,-27.417,0.4019,0,-0.888
57.54,NaN,NaN,NaN,NaN,NaN,NaN,92.5161,627.229,-31.4916,0.4021,0,-0.8824
57.545,NaN,NaN,NaN,NaN,NaN,NaN,94.5494,650.18,-36.0739,0.4024,0,-0.8768
57.55,NaN,NaN,NaN,NaN,NaN,NaN,96.6576,673.291,-41.1647,0.4026,0,-0.8711
57.555,NaN,NaN,NaN,NaN,NaN,NaN,98.8765,696.57,-46.728,0.4028,0,-0.8655
57.56,NaN,NaN,NaN,NaN,NaN,NaN,101.267,720.055,-52.7064,0.403,0,-0.8598
57.565,NaN,NaN,NaN,NaN,NaN,NaN,103.895,743.751,-59.043,0.4032,0,-0.854
57.57,NaN,NaN,NaN,NaN,NaN,NaN,106.805,767.586,-65.699,0.4033,0,-0.8481
57.575,NaN,NaN,NaN,NaN,NaN,NaN,109.995,791.383,-72.6573,0.4035,0,-0.8421
57.58,NaN,NaN,NaN,NaN,NaN,NaN,113.395,814.864,-79.9055,0.4037,0,-0.8361
57.585,NaN,NaN,NaN,NaN,NaN,NaN,116.873,837.685,-87.4118,0.4039,0,-0.83
57.59,NaN,NaN,NaN,NaN,NaN,NaN,120.263,859.473,-95.1087,0.4041,0,-0.8239
57.595,NaN,NaN,NaN,NaN,NaN,NaN,123.404,879.887,-102.895,0.4043,0,-0.8178
57.6,NaN,NaN,NaN,NaN,NaN,NaN,126.186,898.652,-110.652,0.4046,0,-0.8119
57.605,NaN,NaN,NaN,NaN,NaN,NaN,128.576,915.578,-118.261,0.4048,0,-0.8061
57.61,NaN,NaN,NaN,NaN,NaN,NaN,130.625,930.547,-125.627,0.4052,0,-0.8004
57.615,NaN,NaN,NaN,NaN,NaN,NaN,132.456,943.477,-132.702,0.4055,0,-0.7949
57.62,NaN,NaN,NaN,NaN,NaN,NaN,134.235,954.263,-139.501,0.4059,0,-0.7895
57.625,NaN,NaN,NaN,NaN,NaN,NaN,136.113,962.718,-146.108,0.4063,0,-0.7842
57.63,NaN,NaN,NaN,NaN,NaN,NaN,138.169,968.542,-152.652,0.4068,0,-0.7789
57.635,NaN,NaN,NaN,NaN,NaN,NaN,140.347,971.325,-159.243,0.4073,0,-0.7735
57.64,NaN,NaN,NaN,NaN,NaN,NaN,142.426,970.599,-165.892,0.4079,0,-0.768
57.645,NaN,NaN,NaN,NaN,NaN,NaN,144.033,965.921,-172.454,0.4086,0,-0.7623
57.65,NaN,NaN,NaN,NaN,NaN,NaN,144.72,956.971,-178.633,0.4093,0,-0.7566
57.655,NaN,NaN,NaN,NaN,NaN,NaN,144.078,943.624,-184.066,0.41,0,-0.7509
57.66,NaN,NaN,NaN,NaN,NaN,NaN,141.861,925.963,-188.443,0.4107,0,-0.7454
57.665,NaN,NaN,NaN,NaN,NaN,NaN,138.065,904.235,-191.623,0.4115,0,-0.7399
57.67,NaN,NaN,NaN,NaN,NaN,NaN,132.928,878.741,-193.668,0.4122,0,-0.7346
57.675,NaN,NaN,NaN,NaN,NaN,NaN,126.846,849.694,-194.8,0.4131,0,-0.7293
57.68,NaN,NaN,NaN,NaN,NaN,NaN,120.223,817.083,-195.278,0.4139,0,-0.724
57.685,NaN,NaN,NaN,NaN,NaN,NaN,113.316,780.576,-195.242,0.4149,0,-0.7186
57.69,NaN,NaN,NaN,NaN,NaN,NaN,106.154,739.526,-194.58,0.4159,0,-0.713
57.695,NaN,NaN,NaN,NaN,NaN,NaN,98.587,693.096,-192.854,0.4169,0,-0.7073
57.7,NaN,NaN,NaN,NaN,NaN,NaN,90.4438,640.51,-189.315,0.4179,0,-0.7016
57.705,NaN,NaN,NaN,NaN,NaN,NaN,81.7375,581.378,-183.017,0.4187,0,-0.6959
57.71,NaN,NaN,NaN,NaN,NaN,NaN,72.7947,516.035,-173.032,0.4196,0,-0.6903
57.715,NaN,NaN,NaN,NaN,NaN,NaN,64.2228,445.803,-158.722,0.4204,0,-0.6847
57.72,NaN,NaN,NaN,NaN,NaN,NaN,56.7158,373.068,-139.999,0.4214,0,-0.679
57.725,NaN,NaN,NaN,NaN,NaN,NaN,50.7875,301.109,-117.504,0.4227,0,-0.6731
57.73,NaN,NaN,NaN,NaN,NaN,NaN,46.5699,233.648,-92.6066,0.4248,0,-0.6668
57.735,NaN,NaN,NaN,NaN,NaN,NaN,43.7773,174.191,-67.2137,0.4276,0,-0.6606
57.74,NaN,NaN,NaN,NaN,NaN,NaN,41.855,125.329,-43.4069,0.4315,0,-0.6558
57.745,NaN,NaN,NaN,NaN,NaN,NaN,40.2285,88.223,-23.0261,0.4359,0,-0.6553
57.75,NaN,NaN,NaN,NaN,NaN,NaN,38.5258,62.4447,-7.3207,0.4399,0,-0.6635
57.755,NaN,NaN,NaN,NaN,NaN,NaN,36.6668,46.2159,3.239,0.4416,0,-0.6832
57.76,NaN,NaN,NaN,NaN,NaN,NaN,34.7957,36.9426,8.9583,0.4402,0,-0.71
57.765,NaN,NaN,NaN,NaN,NaN,NaN,33.1216,31.8508,10.7471,0.4375,0,-0.7326
57.77,NaN,NaN,NaN,NaN,NaN,NaN,31.7726,28.5434,9.8439,0.4369,0,-0.743
57.775,NaN,NaN,NaN,NaN,NaN,NaN,30.7434,25.3573,7.52,0.441,0,-0.7418
57.78,NaN,NaN,NaN,NaN,NaN,NaN,29.9463,21.4807,4.845,0.4524,0,-0.7337
57.785,NaN,NaN,NaN,NaN,NaN,NaN,0,0,0,0,0,0
57.79,NaN,NaN,NaN,NaN,NaN,NaN,0,0,0,0,0,0
57.795,NaN,NaN,NaN,NaN,NaN,NaN,0,0,0,0,0,0
57.8,NaN,NaN,NaN,NaN,NaN,NaN,0,0,0,0,0,0
57.805,NaN,NaN,NaN,NaN,NaN,NaN,0,0,0,0,0,0
57.81,NaN,NaN,NaN,NaN,NaN,NaN,0,0,0,0,0,0
57.815,NaN,NaN,NaN,NaN,NaN,NaN,0,0,0,0,0,0
57.82,NaN,NaN,NaN,NaN,NaN,NaN,0,0,0,0,0,0
57.825,NaN,NaN,NaN,NaN,NaN,NaN,0,0,0,0,0,0
57.83,NaN,NaN,NaN,NaN,NaN,NaN,0,0,0,0,0,0
57.835,NaN,NaN,NaN,NaN,NaN,NaN,0,0,0,0,0,0
57.84,NaN,NaN,NaN,NaN,NaN,NaN,0,0,0,0,0,0
57.845,NaN,NaN,NaN,NaN,NaN,NaN,0,0,0,0,0,0
57.85,NaN,NaN,NaN,NaN,NaN,NaN,0,0,0,0,0,0
57.855,NaN,NaN,NaN,NaN,NaN,NaN,0,0,0,0,0,0
57.86,NaN,NaN,NaN,NaN,NaN,NaN,0,0,0,0,0,0
57.865,NaN,NaN,NaN,NaN,NaN,NaN,0,0,0,0,0,0
57.87,NaN,NaN,NaN,NaN,NaN,NaN,0,0,0,0,0,0
57.875,NaN,NaN,NaN,NaN,NaN,NaN,0,0,0,0,0,0
57.88,NaN,NaN,NaN,NaN,NaN,NaN,0,0,0,0,0,0
57.885,NaN,NaN,NaN,NaN,NaN,NaN,0,0,0,0,0,0
57.89,NaN,NaN,NaN,NaN,NaN,NaN,0,0,0,0,0,0
57.895,NaN,NaN,NaN,NaN,NaN,NaN,0,0,0,0,0,0
57.9,NaN,NaN,NaN,NaN,NaN,NaN,0,0,0,0,0,0
57.905,NaN,NaN,NaN,NaN,NaN,NaN,0,0,0,0,0,0
57.91,NaN,NaN,NaN,NaN,NaN,NaN,0,0,0,0,0,0
57.915,NaN,NaN,NaN,NaN,NaN,NaN,0,0,0,0,0,0
57.92,NaN,NaN,NaN,NaN,NaN,NaN,0,0,0,0,0,0
57.925,NaN,NaN,NaN,NaN,NaN,NaN,0,0,0,0,0,0
57.93,NaN,NaN,NaN,NaN,NaN,NaN,0,0,0,0,0,0
57.935,NaN,NaN,NaN,NaN,NaN,NaN,0,0,0,0,0,0
57.94,NaN,NaN,NaN,NaN,NaN,NaN,0,0,0,0,0,0
57.945,NaN,NaN,NaN,NaN,NaN,NaN,0,0,0,0,0,0
57.95,NaN,NaN,NaN,NaN,NaN,NaN,0,0,0,0,0,0
57.955,NaN,NaN,NaN,NaN,NaN,NaN,0,0,0,0,0,0
57.96,NaN,NaN,NaN,NaN,NaN,NaN,0,0,0,0,0,0
57.965,NaN,NaN,NaN,NaN,NaN,NaN,0,0,0,0,0,0
57.97,NaN,NaN,NaN,NaN,NaN,NaN,0,0,0,0,0,0
57.975,NaN,NaN,NaN,NaN,NaN,NaN,0,0,0,0,0,0
57.98,NaN,NaN,NaN,NaN,NaN,NaN,0,0,0,0,0,0
57.985,NaN,NaN,NaN,NaN,NaN,NaN,0,0,0,0,0,0
57.99,NaN,NaN,NaN,NaN,NaN,NaN,0,0,0,0,0,0
57.995,NaN,NaN,NaN,NaN,NaN,NaN,0,0,0,0,0,0
58,NaN,NaN,NaN,NaN,NaN,NaN,0,0,0,0,0,0
58.005,NaN,NaN,NaN,NaN,NaN,NaN,0,0,0,0,0,0
58.01,NaN,NaN,NaN,NaN,NaN,NaN,0,0,0,0,0,0
58.015,NaN,NaN,NaN,NaN,NaN,NaN,0,0,0,0,0,0
58.02,NaN,NaN,NaN,NaN,NaN,NaN,0,0,0,0,0,0
58.025,NaN,NaN,NaN,NaN,NaN,NaN,0,0,0,0,0,0
58.03,NaN,NaN,NaN,NaN,NaN,NaN,0,0,0,0,0,0
58.035,NaN,NaN,NaN,NaN,NaN,NaN,0,0,0,0,0,0
58.04,NaN,NaN,NaN,NaN,NaN,NaN,0,0,0,0,0,0
58.045,NaN,NaN,NaN,NaN,NaN,NaN,0,0,0,0,0,0
58.05,NaN,NaN,NaN,NaN,NaN,NaN,0,0,0,0,0,0
58.055,NaN,NaN,NaN,NaN,NaN,NaN,0,0,0,0,0,0
58.06,NaN,NaN,NaN,NaN,NaN,NaN,0,0,0,0,0,0
58.065,NaN,NaN,NaN,NaN,NaN,NaN,0,0,0,0,0,0
58.07,NaN,NaN,NaN,NaN,NaN,NaN,0,0,0,0,0,0
58.075,NaN,NaN,NaN,NaN,NaN,NaN,0,0,0,0,0,0
58.08,NaN,NaN,NaN,NaN,NaN,NaN,0,0,0,0,0,0
58.085,NaN,NaN,NaN,NaN,NaN,NaN,0,0,0,0,0,0
58.09,NaN,NaN,NaN,NaN,NaN,NaN,0,0,0,0,0,0
58.095,NaN,NaN,NaN,NaN,NaN,NaN,0,0,0,0,0,0
58.1,NaN,NaN,NaN,NaN,NaN,NaN,0,0,0,0,0,0
58.105,NaN,NaN,NaN,NaN,NaN,NaN,0,0,0,0,0,0
58.11,NaN,NaN,NaN,NaN,NaN,NaN,0,0,0,0,0,0
58.115,NaN,NaN,NaN,NaN,NaN,NaN,0,0,0,0,0,0
58.12,NaN,NaN,NaN,NaN,NaN,NaN,0,0,0,0,0,0
58.125,NaN,NaN,NaN,NaN,NaN,NaN,0,0,0,0,0,0
58.13,NaN,NaN,NaN,NaN,NaN,NaN,0,0,0,0,0,0
58.135,NaN,NaN,NaN,NaN,NaN,NaN,0,0,0,0,0,0
58.14,NaN,NaN,NaN,NaN,NaN,NaN,0,0,0,0,0,0
58.145,NaN,NaN,NaN,NaN,NaN,NaN,0,0,0,0,0,0
58.15,NaN,NaN,NaN,NaN,NaN,NaN,0,0,0,0,0,0
58.155,NaN,NaN,NaN,NaN,NaN,NaN,0,0,0,0,0,0
58.16,NaN,NaN,NaN,NaN,NaN,NaN,0,0,0,0,0,0
58.165,NaN,NaN,NaN,NaN,NaN,NaN,0,0,0,0,0,0
58.17,NaN,NaN,NaN,NaN,NaN,NaN,0,0,0,0,0,0
58.175,NaN,NaN,NaN,NaN,NaN,NaN,32.4775,29.9647,4.6889,0.4508,0,-1.2228
58.18,NaN,NaN,NaN,NaN,NaN,NaN,31.8931,51.5422,-6.3576,0.4529,0,-1.2281
58.185,NaN,NaN,NaN,NaN,NaN,NaN,28.4926,81.3417,-18.085,0.4516,0,-1.2252
58.19,NaN,NaN,NaN,NaN,NaN,NaN,22.43,120.401,-26.6276,0.4478,0,-1.2222
58.195,NaN,NaN,NaN,NaN,NaN,NaN,14.9098,169.591,-28.1532,0.4424,0,-1.222
58.2,NaN,NaN,NaN,NaN,NaN,NaN,8.0037,229.314,-20.0882,0.4363,0,-1.2249
58.205,NaN,NaN,NaN,NaN,NaN,NaN,4.0964,298.897,-2.005,0.4304,0,-1.2303
58.21,NaN,NaN,NaN,NaN,NaN,NaN,5.1405,375.843,24.1887,0.4251,0,-1.2367
58.215,NaN,NaN,NaN,NaN,NaN,NaN,11.985,455.338,54.7971,0.4209,0,-1.243
58.22,NaN,NaN,NaN,NaN,NaN,NaN,24.0247,530.497,85.3373,0.4177,0,-1.2483
58.225,NaN,NaN,NaN,NaN,NaN,NaN,39.3138,593.555,111.591,0.4154,0,-1.2523
58.23,NaN,NaN,NaN,NaN,NaN,NaN,55.1434,637.794,130.43,0.414,0,-1.2547
58.235,NaN,NaN,NaN,NaN,NaN,NaN,68.9221,659.576,140.336,0.4132,0,-1.2556
58.24,NaN,NaN,NaN,NaN,NaN,NaN,79.0416,659.717,141.621,0.4127,0,-1.2547
58.245,NaN,NaN,NaN,NaN,NaN,NaN,85.3672,643.595,136.3,0.4123,0,-1.2521
58.25,NaN,NaN,NaN,NaN,NaN,NaN,89.1203,619.858,127.561,0.4116,0,-1.2477
58.255,NaN,NaN,NaN,NaN,NaN,NaN,92.211,598.138,118.895,0.4105,0,-1.2421
58.26,NaN,NaN,NaN,NaN,NaN,NaN,96.3608,586.577,113.166,0.4089,0,-1.2362
58.265,NaN,NaN,NaN,NaN,NaN,NaN,102.459,590.001,111.978,0.4068,0,-1.231
58.27,NaN,NaN,NaN,NaN,NaN,NaN,110.421,609.295,115.52,0.4045,0,-1.2273
58.275,NaN,NaN,NaN,NaN,NaN,NaN,119.498,641.996,122.862,0.4025,0,-1.225
58.28,NaN,NaN,NaN,NaN,NaN,NaN,128.763,683.708,132.47,0.4008,0,-1.2234
58.285,NaN,NaN,NaN,NaN,NaN,NaN,137.444,729.712,142.724,0.3996,0,-1.2221
58.29,NaN,NaN,NaN,NaN,NaN,NaN,145.016,776.213,152.28,0.3989,0,-1.2204
58.295,NaN,NaN,NaN,NaN,NaN,NaN,151.121,820.903,160.248,0.3985,0,-1.2181
58.3,NaN,NaN,NaN,NaN,NaN,NaN,155.499,862.827,166.23,0.3981,0,-1.2153
58.305,NaN,NaN,NaN,NaN,NaN,NaN,158.028,901.795,170.277,0.3978,0,-1.212
58.31,NaN,NaN,NaN,NaN,NaN,NaN,158.837,937.683,172.757,0.3973,0,-1.2086
58.315,NaN,NaN,NaN,NaN,NaN,NaN,158.377,969.942,174.157,0.3966,0,-1.2051
58.32,NaN,NaN,NaN,NaN,NaN,NaN,157.352,997.479,174.861,0.3959,0,-1.2018
58.325,NaN,NaN,NaN,NaN,NaN,NaN,156.507,1018.9,175.002,0.3952,0,-1.1986
58.33,NaN,NaN,NaN,NaN,NaN,NaN,156.387,1033.01,174.476,0.3946,0,-1.1954
58.335,NaN,NaN,NaN,NaN,NaN,NaN,157.161,1039.22,173.091,0.3942,0,-1.1921
58.34,NaN,NaN,NaN,NaN,NaN,NaN,158.615,1037.89,170.765,0.3938,0,-1.1886
58.345,NaN,NaN,NaN,NaN,NaN,NaN,160.292,1030.2,167.626,0.3935,0,-1.185
58.35,NaN,NaN,NaN,NaN,NaN,NaN,161.722,1017.88,163.963,0.3931,0,-1.1814
58.355,NaN,NaN,NaN,NaN,NaN,NaN,162.616,1002.76,160.087,0.3925,0,-1.1779
58.36,NaN,NaN,NaN,NaN,NaN,NaN,162.951,986.385,156.192,0.3917,0,-1.1745
58.365,NaN,NaN,NaN,NaN,NaN,NaN,162.896,969.76,152.311,0.3908,0,-1.1713
58.37,NaN,NaN,NaN,NaN,NaN,NaN,162.658,953.329,148.348,0.3898,0,-1.1682
58.375,NaN,NaN,NaN,NaN,NaN,NaN,162.336,937.057,144.151,0.3888,0,-1.1651
58.38,NaN,NaN,NaN,NaN,NaN,NaN,161.859,920.627,139.586,0.3878,0,-1.1619
58.385,NaN,NaN,NaN,NaN,NaN,NaN,161.039,903.643,134.581,0.3869,0,-1.1586
58.39,NaN,NaN,NaN,NaN,NaN,NaN,159.671,885.78,129.142,0.3861,0,-1.1551
58.395,NaN,NaN,NaN,NaN,NaN,NaN,157.622,866.863,123.336,0.3854,0,-1.1513
58.4,NaN,NaN,NaN,NaN,NaN,NaN,154.875,846.883,117.26,0.3848,0,-1.1474
58.405,NaN,NaN,NaN,NaN,NaN,NaN,151.512,825.976,111.029,0.3842,0,-1.1433
58.41,NaN,NaN,NaN,NaN,NaN,NaN,147.676,804.373,104.758,0.3838,0,-1.139
58.415,NaN,NaN,NaN,NaN,NaN,NaN,143.529,782.356,98.5589,0.3835,0,-1.1345
58.42,NaN,NaN,NaN,NaN,NaN,NaN,139.223,760.213,92.5326,0.3832,0,-1.1299
58.425,NaN,NaN,NaN,NaN,NaN,NaN,134.895,738.199,86.7569,0.3829,0,-1.1252
58.43,NaN,NaN,NaN,NaN,NaN,NaN,130.66,716.519,81.2801,0.3826,0,-1.1206
58.435,NaN,NaN,NaN,NaN,NaN,NaN,126.618,695.322,76.1158,0.3824,0,-1.116
58.44,NaN,NaN,NaN,NaN,NaN,NaN,122.836,674.703,71.243,0.3821,0,-1.1115
58.445,NaN,NaN,NaN,NaN,NaN,NaN,119.344,654.701,66.616,0.3819,0,-1.1071
58.45,NaN,NaN,NaN,NaN,NaN,NaN,116.136,635.318,62.1834,0.3817,0,-1.1026
58.455,NaN,NaN,NaN,NaN,NaN,NaN,113.177,616.529,57.9077,0.3815,0,-1.0981
58.46,NaN,NaN,NaN,NaN,NaN,NaN,110.426,598.309,53.7761,0.3814,0,-1.0936
58.465,NaN,NaN,NaN,NaN,NaN,NaN,107.854,580.646,49.8009,0.3814,0,-1.0889
58.47,NaN,NaN,NaN,NaN,NaN,NaN,105.452,563.559,46.01,0.3815,0,-1.0841
58.475,NaN,NaN,NaN,NaN,NaN,NaN,103.236,547.101,42.4308,0.3816,0,-1.0791
58.48,NaN,NaN,NaN,NaN,NaN,NaN,101.237,531.359,39.0768,0.3818,0,-1.0739
58.485,NaN,NaN,NaN,NaN,NaN,NaN,99.4876,516.439,35.9402,0.382,0,-1.0686
58.49,NaN,NaN,NaN,NaN,NaN,NaN,98.0069,502.447,32.9953,0.3822,0,-1.0629
58.495,NaN,NaN,NaN,NaN,NaN,NaN,96.7914,489.483,30.2105,0.3824,0,-1.0571
58.5,NaN,NaN,NaN,NaN,NaN,NaN,95.8221,477.631,27.563,0.3826,0,-1.0511
58.505,NaN,NaN,NaN,NaN,NaN,NaN,95.0775,466.966,25.049,0.3827,0,-1.045
58.51,NaN,NaN,NaN,NaN,NaN,NaN,94.542,457.55,22.6843,0.3829,0,-1.0391
58.515,NaN,NaN,NaN,NaN,NaN,NaN,94.2029,449.425,20.4928,0.3831,0,-1.0333
58.52,NaN,NaN,NaN,NaN,NaN,NaN,94.0383,442.613,18.491,0.3833,0,-1.0278
58.525,NaN,NaN,NaN,NaN,NaN,NaN,94.0087,437.114,16.6755,0.3836,0,-1.0227
58.53,NaN,NaN,NaN,NaN,NaN,NaN,94.0636,432.924,15.0175,0.3839,0,-1.0178
58.535,NaN,NaN,NaN,NaN,NaN,NaN,94.1584,430.045,13.4638,0.3844,0,-1.0132
58.54,NaN,NaN,NaN,NaN,NaN,NaN,94.2706,428.492,11.9425,0.3849,0,-1.0086
58.545,NaN,NaN,NaN,NaN,NaN,NaN,94.4022,428.306,10.3758,0.3854,0,-1.0038
58.55,NaN,NaN,NaN,NaN,NaN,NaN,94.5688,429.555,8.7004,0.3859,0,-0.9987
58.555,NaN,NaN,NaN,NaN,NaN,NaN,94.7881,432.348,6.8891,0.3864,0,-0.9934
58.56,NaN,NaN,NaN,NaN,NaN,NaN,95.0762,436.839,4.9619,0.387,0,-0.9877
58.565,NaN,NaN,NaN,NaN,NaN,NaN,95.4509,443.223,2.9812,0.3874,0,-0.9817
58.57,NaN,NaN,NaN,NaN,NaN,NaN,95.9322,451.696,1.0318,0.3879,0,-0.9757
58.575,NaN,NaN,NaN,NaN,NaN,NaN,96.5334,462.426,-0.8073,0.3883,0,-0.9696
58.58,NaN,NaN,NaN,NaN,NaN,NaN,97.2512,475.497,-2.4899,0.3887,0,-0.9636
58.585,NaN,NaN,NaN,NaN,NaN,NaN,98.0675,490.893,-4.0252,0.3891,0,-0.9579
58.59,NaN,NaN,NaN,NaN,NaN,NaN,98.9667,508.476,-5.4913,0.3895,0,-0.9523
58.595,NaN,NaN,NaN,NaN,NaN,NaN,99.9576,528.006,-7.0348,0.3899,0,-0.9469
58.6,NaN,NaN,NaN,NaN,NaN,NaN,101.076,549.168,-8.8481,0.3903,0,-0.9417
58.605,NaN,NaN,NaN,NaN,NaN,NaN,102.358,571.614,-11.1277,0.3907,0,-0.9364
58.61,NaN,NaN,NaN,NaN,NaN,NaN,103.809,594.999,-14.0288,0.3911,0,-0.9311
58.615,NaN,NaN,NaN,NaN,NaN,NaN,105.375,619.015,-17.6343,0.3914,0,-0.9257
58.62,NaN,NaN,NaN,NaN,NaN,NaN,106.967,643.412,-21.9461,0.3917,0,-0.9201
58.625,NaN,NaN,NaN,NaN,NaN,NaN,108.503,668.001,-26.8982,0.3919,0,-0.9143
58.63,NaN,NaN,NaN,NaN,NaN,NaN,109.945,692.645,-32.3843,0.392,0,-0.9084
58.635,NaN,NaN,NaN,NaN,NaN,NaN,111.316,717.25,-38.2916,0.3921,0,-0.9024
58.64,NaN,NaN,NaN,NaN,NaN,NaN,112.686,741.743,-44.527,0.3922,0,-0.8962
58.645,NaN,NaN,NaN,NaN,NaN,NaN,114.141,766.051,-51.0269,0.3922,0,-0.89
58.65,NaN,NaN,NaN,NaN,NaN,NaN,115.771,790.072,-57.7503,0.3922,0,-0.8837
58.655,NaN,NaN,NaN,NaN,NaN,NaN,117.65,813.648,-64.665,0.3923,0,-0.8774
58.66,NaN,NaN,NaN,NaN,NaN,NaN,119.821,836.545,-71.7325,0.3923,0,-0.8711
58.665,NaN,NaN,NaN,NaN,NaN,NaN,122.28,858.45,-78.8936,0.3924,0,-0.8649
58.67,NaN,NaN,NaN,NaN,NaN,NaN,124.974,879.002,-86.0626,0.3925,0,-0.8589
58.675,NaN,NaN,NaN,NaN,NaN,NaN,127.822,897.842,-93.1388,0.3926,0,-0.8531
58.68,NaN,NaN,NaN,NaN,NaN,NaN,130.751,914.661,-100.034,0.3926,0,-0.8475
58.685,NaN,NaN,NaN,NaN,NaN,NaN,133.728,929.223,-106.707,0.3927,0,-0.8421
58.69,NaN,NaN,NaN,NaN,NaN,NaN,136.775,941.355,-113.184,0.3928,0,-0.8368
58.695,NaN,NaN,NaN,NaN,NaN,NaN,139.946,950.904,-119.556,0.393,0,-0.8315
58.7,NaN,NaN,NaN,NaN,NaN,NaN,143.271,957.684,-125.948,0.3931,0,-0.8261
58.705,NaN,NaN,NaN,NaN,NaN,NaN,146.697,961.427,-132.469,0.3933,0,-0.8205
58.71,NaN,NaN,NaN,NaN,NaN,NaN,150.037,961.769,-139.156,0.3935,0,-0.8147
58.715,NaN,NaN,NaN,NaN,NaN,NaN,152.974,958.286,-145.933,0.3937,0,-0.8088
58.72,NaN,NaN,NaN,NaN,NaN,NaN,155.123,950.586,-152.6,0.3941,0,-0.8027
58.725,NaN,NaN,NaN,NaN,NaN,NaN,156.112,938.423,-158.867,0.3944,0,-0.7967
58.73,NaN,NaN,NaN,NaN,NaN,NaN,155.666,921.786,-164.433,0.3948,0,-0.7907
58.735,NaN,NaN,NaN,NaN,NaN,NaN,153.669,900.917,-169.084,0.3953,0,-0.7849
58.74,NaN,NaN,NaN,NaN,NaN,NaN,150.178,876.224,-172.773,0.3958,0,-0.7792
58.745,NaN,NaN,NaN,NaN,NaN,NaN,145.394,848.113,-175.638,0.3963,0,-0.7738
58.75,NaN,NaN,NaN,NaN,NaN,NaN,139.603,816.778,-177.94,0.3969,0,-0.7684
58.755,NaN,NaN,NaN,NaN,NaN,NaN,133.074,782.033,-179.93,0.3975,0,-0.7631
58.76,NaN,NaN,NaN,NaN,NaN,NaN,125.963,743.25,-181.688,0.3982,0,-0.7576
58.765,NaN,NaN,NaN,NaN,NaN,NaN,118.279,699.462,-182.977,0.3989,0,-0.7519
58.77,NaN,NaN,NaN,NaN,NaN,NaN,109.931,649.628,-183.159,0.3997,0,-0.7459
58.775,NaN,NaN,NaN,NaN,NaN,NaN,100.854,593.024,-181.217,0.4005,0,-0.7394
58.78,NaN,NaN,NaN,NaN,NaN,NaN,91.1578,529.657,-175.906,0.4014,0,-0.7323
58.785,NaN,NaN,NaN,NaN,NaN,NaN,81.1888,460.592,-166.037,0.4023,0,-0.7246
58.79,NaN,NaN,NaN,NaN,NaN,NaN,71.479,388.066,-150.855,0.4034,0,-0.7162
58.795,NaN,NaN,NaN,NaN,NaN,NaN,62.5814,315.322,-130.397,0.4047,0,-0.7074
58.8,NaN,NaN,NaN,NaN,NaN,NaN,54.8925,246.158,-105.698,0.4064,0,-0.6987
58.805,NaN,NaN,NaN,NaN,NaN,NaN,48.5583,184.268,-78.7185,0.4086,0,-0.6914
58.81,NaN,NaN,NaN,NaN,NaN,NaN,43.5098,132.543,-51.9894,0.4114,0,-0.6877
58.815,NaN,NaN,NaN,NaN,NaN,NaN,39.5828,92.5327,-28.0631,0.4149,0,-0.6918
58.82,NaN,NaN,NaN,NaN,NaN,NaN,36.6254,64.2074,-8.9514,0.4189,0,-0.7091
58.825,NaN,NaN,NaN,NaN,NaN,NaN,34.5234,46.0982,4.2775,0.4232,0,-0.7429
58.83,NaN,NaN,NaN,NaN,NaN,NaN,33.1473,35.7469,11.6325,0.4271,0,-0.7854
58.835,NaN,NaN,NaN,NaN,NaN,NaN,32.2853,30.3267,14.0463,0.4305,0,-0.8183
58.84,NaN,NaN,NaN,NaN,NaN,NaN,31.6307,27.2463,13.0088,0.4337,0,-0.8293
58.845,NaN,NaN,NaN,NaN,NaN,NaN,30.8488,24.5857,10.1286,0.437,0,-0.8193
58.85,NaN,NaN,NaN,NaN,NaN,NaN,29.6897,21.2887,6.7715,0.4408,0,-0.793
58.855,NaN,NaN,NaN,NaN,NaN,NaN,0,0,0,0,0,0
58.86,NaN,NaN,NaN,NaN,NaN,NaN,0,0,0,0,0,0
58.865,NaN,NaN,NaN,NaN,NaN,NaN,0,0,0,0,0,0
58.87,NaN,NaN,NaN,NaN,NaN,NaN,0,0,0,0,0,0
58.875,NaN,NaN,NaN,NaN,NaN,NaN,0,0,0,0,0,0
58.88,NaN,NaN,NaN,NaN,NaN,NaN,0,0,0,0,0,0
58.885,NaN,NaN,NaN,NaN,NaN,NaN,0,0,0,0,0,0
58.89,NaN,NaN,NaN,NaN,NaN,NaN,0,0,0,0,0,0
58.895,NaN,NaN,NaN,NaN,NaN,NaN,0,0,0,0,0,0
58.9,NaN,NaN,NaN,NaN,NaN,NaN,0,0,0,0,0,0
58.905,NaN,NaN,NaN,NaN,NaN,NaN,0,0,0,0,0,0
58.91,NaN,NaN,NaN,NaN,NaN,NaN,0,0,0,0,0,0
58.915,NaN,NaN,NaN,NaN,NaN,NaN,0,0,0,0,0,0
58.92,NaN,NaN,NaN,NaN,NaN,NaN,0,0,0,0,0,0
58.925,NaN,NaN,NaN,NaN,NaN,NaN,0,0,0,0,0,0
58.93,NaN,NaN,NaN,NaN,NaN,NaN,0,0,0,0,0,0
58.935,NaN,NaN,NaN,NaN,NaN,NaN,0,0,0,0,0,0
58.94,NaN,NaN,NaN,NaN,NaN,NaN,0,0,0,0,0,0
58.945,NaN,NaN,NaN,NaN,NaN,NaN,0,0,0,0,0,0
58.95,NaN,NaN,NaN,NaN,NaN,NaN,0,0,0,0,0,0
58.955,NaN,NaN,NaN,NaN,NaN,NaN,0,0,0,0,0,0
58.96,NaN,NaN,NaN,NaN,NaN,NaN,0,0,0,0,0,0
58.965,NaN,NaN,NaN,NaN,NaN,NaN,0,0,0,0,0,0
58.97,NaN,NaN,NaN,NaN,NaN,NaN,0,0,0,0,0,0
58.975,NaN,NaN,NaN,NaN,NaN,NaN,0,0,0,0,0,0
58.98,NaN,NaN,NaN,NaN,NaN,NaN,0,0,0,0,0,0
58.985,NaN,NaN,NaN,NaN,NaN,NaN,0,0,0,0,0,0
58.99,NaN,NaN,NaN,NaN,NaN,NaN,0,0,0,0,0,0
58.995,NaN,NaN,NaN,NaN,NaN,NaN,0,0,0,0,0,0
59,NaN,NaN,NaN,NaN,NaN,NaN,0,0,0,0,0,0
59.005,NaN,NaN,NaN,NaN,NaN,NaN,0,0,0,0,0,0
59.01,NaN,NaN,NaN,NaN,NaN,NaN,0,0,0,0,0,0
59.015,NaN,NaN,NaN,NaN,NaN,NaN,0,0,0,0,0,0
59.02,NaN,NaN,NaN,NaN,NaN,NaN,0,0,0,0,0,0
59.025,NaN,NaN,NaN,NaN,NaN,NaN,0,0,0,0,0,0
59.03,NaN,NaN,NaN,NaN,NaN,NaN,0,0,0,0,0,0
59.035,NaN,NaN,NaN,NaN,NaN,NaN,0,0,0,0,0,0
59.04,NaN,NaN,NaN,NaN,NaN,NaN,0,0,0,0,0,0
59.045,NaN,NaN,NaN,NaN,NaN,NaN,0,0,0,0,0,0
59.05,NaN,NaN,NaN,NaN,NaN,NaN,0,0,0,0,0,0
59.055,NaN,NaN,NaN,NaN,NaN,NaN,0,0,0,0,0,0
59.06,NaN,NaN,NaN,NaN,NaN,NaN,0,0,0,0,0,0
59.065,NaN,NaN,NaN,NaN,NaN,NaN,0,0,0,0,0,0
59.07,NaN,NaN,NaN,NaN,NaN,NaN,0,0,0,0,0,0
59.075,NaN,NaN,NaN,NaN,NaN,NaN,0,0,0,0,0,0
59.08,NaN,NaN,NaN,NaN,NaN,NaN,0,0,0,0,0,0
59.085,NaN,NaN,NaN,NaN,NaN,NaN,0,0,0,0,0,0
59.09,NaN,NaN,NaN,NaN,NaN,NaN,0,0,0,0,0,0
59.095,NaN,NaN,NaN,NaN,NaN,NaN,0,0,0,0,0,0
59.1,NaN,NaN,NaN,NaN,NaN,NaN,0,0,0,0,0,0
59.105,NaN,NaN,NaN,NaN,NaN,NaN,0,0,0,0,0,0
59.11,NaN,NaN,NaN,NaN,NaN,NaN,0,0,0,0,0,0
59.115,NaN,NaN,NaN,NaN,NaN,NaN,0,0,0,0,0,0
59.12,NaN,NaN,NaN,NaN,NaN,NaN,0,0,0,0,0,0
59.125,NaN,NaN,NaN,NaN,NaN,NaN,0,0,0,0,0,0
59.13,NaN,NaN,NaN,NaN,NaN,NaN,0,0,0,0,0,0
59.135,NaN,NaN,NaN,NaN,NaN,NaN,0,0,0,0,0,0
59.14,NaN,NaN,NaN,NaN,NaN,NaN,0,0,0,0,0,0
59.145,NaN,NaN,NaN,NaN,NaN,NaN,0,0,0,0,0,0
59.15,NaN,NaN,NaN,NaN,NaN,NaN,0,0,0,0,0,0
59.155,NaN,NaN,NaN,NaN,NaN,NaN,0,0,0,0,0,0
59.16,NaN,NaN,NaN,NaN,NaN,NaN,0,0,0,0,0,0
59.165,NaN,NaN,NaN,NaN,NaN,NaN,0,0,0,0,0,0
59.17,NaN,NaN,NaN,NaN,NaN,NaN,0,0,0,0,0,0
59.175,NaN,NaN,NaN,NaN,NaN,NaN,0,0,0,0,0,0
59.18,NaN,NaN,NaN,NaN,NaN,NaN,0,0,0,0,0,0
59.185,NaN,NaN,NaN,NaN,NaN,NaN,0,0,0,0,0,0
59.19,NaN,NaN,NaN,NaN,NaN,NaN,0,0,0,0,0,0
59.195,NaN,NaN,NaN,NaN,NaN,NaN,0,0,0,0,0,0
59.2,NaN,NaN,NaN,NaN,NaN,NaN,0,0,0,0,0,0
59.205,NaN,NaN,NaN,NaN,NaN,NaN,0,0,0,0,0,0
59.21,NaN,NaN,NaN,NaN,NaN,NaN,0,0,0,0,0,0
59.215,NaN,NaN,NaN,NaN,NaN,NaN,0,0,0,0,0,0
59.22,NaN,NaN,NaN,NaN,NaN,NaN,0,0,0,0,0,0
59.225,NaN,NaN,NaN,NaN,NaN,NaN,0,0,0,0,0,0
59.23,NaN,NaN,NaN,NaN,NaN,NaN,0,0,0,0,0,0
59.235,NaN,NaN,NaN,NaN,NaN,NaN,0,0,0,0,0,0
59.24,NaN,NaN,NaN,NaN,NaN,NaN,0,0,0,0,0,0
59.245,NaN,NaN,NaN,NaN,NaN,NaN,0,0,0,0,0,0
59.25,NaN,NaN,NaN,NaN,NaN,NaN,0,0,0,0,0,0
59.255,NaN,NaN,NaN,NaN,NaN,NaN,0,0,0,0,0,0
59.26,NaN,NaN,NaN,NaN,NaN,NaN,0,0,0,0,0,0
59.265,NaN,NaN,NaN,NaN,NaN,NaN,21.0562,28.9548,-17.5638,0.5259,0,-1.317
59.27,NaN,NaN,NaN,NaN,NaN,NaN,17.449,52.0479,-30.2053,0.5102,0,-1.2886
59.275,NaN,NaN,NaN,NaN,NaN,NaN,13.2799,78.8668,-41.577,0.504,0,-1.2662
59.28,NaN,NaN,NaN,NaN,NaN,NaN,9.551,106.521,-48.901,0.5023,0,-1.2485
59.285,NaN,NaN,NaN,NaN,NaN,NaN,7.0253,132.371,-50.139,0.5031,0,-1.2347
59.29,NaN,NaN,NaN,NaN,NaN,NaN,5.9291,155.055,-44.625,0.5052,0,-1.2246
59.295,NaN,NaN,NaN,NaN,NaN,NaN,5.8834,175.148,-33.2062,0.5076,0,-1.2185
59.3,NaN,NaN,NaN,NaN,NaN,NaN,6.1283,195.156,-17.828,0.5089,0,-1.2168
59.305,NaN,NaN,NaN,NaN,NaN,NaN,5.9784,218.761,-0.7674,0.5081,0,-1.2195
59.31,NaN,NaN,NaN,NaN,NaN,NaN,5.3277,249.55,16.1207,0.505,0,-1.2255
59.315,NaN,NaN,NaN,NaN,NaN,NaN,4.9485,289.672,31.8149,0.5001,0,-1.2325
59.32,NaN,NaN,NaN,NaN,NaN,NaN,6.3655,338.906,46.08,0.4948,0,-1.2388
59.325,NaN,NaN,NaN,NaN,NaN,NaN,11.2568,394.474,59.0969,0.4902,0,-1.2432
59.33,NaN,NaN,NaN,NaN,NaN,NaN,20.5843,451.701,71.0451,0.4867,0,-1.2455
59.335,NaN,NaN,NaN,NaN,NaN,NaN,33.8913,505.28,81.8725,0.4844,0,-1.2462
59.34,NaN,NaN,NaN,NaN,NaN,NaN,49.222,550.729,91.3205,0.4828,0,-1.2456
59.345,NaN,NaN,NaN,NaN,NaN,NaN,63.8411,585.56,99.1099,0.4817,0,-1.2442
59.35,NaN,NaN,NaN,NaN,NaN,NaN,75.4439,609.811,105.14,0.4806,0,-1.2425
59.355,NaN,NaN,NaN,NaN,NaN,NaN,83.1919,625.811,109.596,0.4793,0,-1.2406
59.36,NaN,NaN,NaN,NaN,NaN,NaN,87.9716,637.306,112.932,0.4778,0,-1.2386
59.365,NaN,NaN,NaN,NaN,NaN,NaN,91.7404,648.318,115.73,0.4762,0,-1.2363
59.37,NaN,NaN,NaN,NaN,NaN,NaN,96.3907,662.125,118.546,0.4747,0,-1.2337
59.375,NaN,NaN,NaN,NaN,NaN,NaN,102.816,680.673,121.802,0.4733,0,-1.2308
59.38,NaN,NaN,NaN,NaN,NaN,NaN,110.668,704.474,125.77,0.472,0,-1.2278
59.385,NaN,NaN,NaN,NaN,NaN,NaN,118.796,732.892,130.577,0.4706,0,-1.2248
59.39,NaN,NaN,NaN,NaN,NaN,NaN,125.988,764.586,136.205,0.4693,0,-1.2221
59.395,NaN,NaN,NaN,NaN,NaN,NaN,131.518,797.911,142.438,0.4678,0,-1.2198
59.4,NaN,NaN,NaN,NaN,NaN,NaN,135.283,831.189,148.83,0.4664,0,-1.2179
59.405,NaN,NaN,NaN,NaN,NaN,NaN,137.597,862.867,154.741,0.465,0,-1.2161
59.41,NaN,NaN,NaN,NaN,NaN,NaN,138.893,891.598,159.486,0.4638,0,-1.2142
59.415,NaN,NaN,NaN,NaN,NaN,NaN,139.542,916.297,162.554,0.4628,0,-1.2118
59.42,NaN,NaN,NaN,NaN,NaN,NaN,139.813,936.163,163.779,0.4621,0,-1.2089
59.425,NaN,NaN,NaN,NaN,NaN,NaN,139.906,950.707,163.36,0.4615,0,-1.2055
59.43,NaN,NaN,NaN,NaN,NaN,NaN,139.955,959.771,161.72,0.461,0,-1.2017
59.435,NaN,NaN,NaN,NaN,NaN,NaN,139.997,963.543,159.306,0.4606,0,-1.1978
59.44,NaN,NaN,NaN,NaN,NaN,NaN,139.969,962.534,156.456,0.4602,0,-1.1939
59.445,NaN,NaN,NaN,NaN,NaN,NaN,139.759,957.515,153.362,0.4597,0,-1.19
59.45,NaN,NaN,NaN,NaN,NaN,NaN,139.308,949.407,150.107,0.4591,0,-1.1862
59.455,NaN,NaN,NaN,NaN,NaN,NaN,138.669,939.149,146.704,0.4584,0,-1.1825
59.46,NaN,NaN,NaN,NaN,NaN,NaN,137.975,927.572,143.137,0.4576,0,-1.1788
59.465,NaN,NaN,NaN,NaN,NaN,NaN,137.336,915.301,139.371,0.4567,0,-1.1752
59.47,NaN,NaN,NaN,NaN,NaN,NaN,136.753,902.712,135.373,0.4557,0,-1.1715
59.475,NaN,NaN,NaN,NaN,NaN,NaN,136.125,889.935,131.126,0.4548,0,-1.1677
59.48,NaN,NaN,NaN,NaN,NaN,NaN,135.335,876.923,126.64,0.4539,0,-1.1638
59.485,NaN,NaN,NaN,NaN,NaN,NaN,134.323,863.533,121.959,0.4531,0,-1.1598
59.49,NaN,NaN,NaN,NaN,NaN,NaN,133.093,849.615,117.16,0.4523,0,-1.1558
59.495,NaN,NaN,NaN,NaN,NaN,NaN,131.65,835.072,112.333,0.4516,0,-1.1517
59.5,NaN,NaN,NaN,NaN,NaN,NaN,129.953,819.877,107.562,0.4509,0,-1.1475
59.505,NaN,NaN,NaN,NaN,NaN,NaN,127.936,804.068,102.893,0.4502,0,-1.1432
59.51,NaN,NaN,NaN,NaN,NaN,NaN,125.596,787.715,98.3289,0.4495,0,-1.1388
59.515,NaN,NaN,NaN,NaN,NaN,NaN,123.046,770.897,93.8291,0.4488,0,-1.1343
59.52,NaN,NaN,NaN,NaN,NaN,NaN,120.506,753.69,89.3357,0.4481,0,-1.1297
59.525,NaN,NaN,NaN,NaN,NaN,NaN,118.207,736.185,84.7967,0.4475,0,-1.1249
59.53,NaN,NaN,NaN,NaN,NaN,NaN,116.288,718.517,80.1852,0.447,0,-1.1199
59.535,NaN,NaN,NaN,NaN,NaN,NaN,114.736,700.88,75.512,0.4466,0,-1.1147
59.54,NaN,NaN,NaN,NaN,NaN,NaN,113.405,683.519,70.8339,0.4463,0,-1.1094
59.545,NaN,NaN,NaN,NaN,NaN,NaN,112.089,666.684,66.2471,0.4459,0,-1.104
59.55,NaN,NaN,NaN,NaN,NaN,NaN,110.614,650.575,61.8581,0.4455,0,-1.0985
59.555,NaN,NaN,NaN,NaN,NaN,NaN,108.896,635.313,57.7424,0.445,0,-1.0932
59.56,NaN,NaN,NaN,NaN,NaN,NaN,106.953,620.929,53.9147,0.4444,0,-1.0879
59.565,NaN,NaN,NaN,NaN,NaN,NaN,104.872,607.378,50.3298,0.4438,0,-1.0828
59.57,NaN,NaN,NaN,NaN,NaN,NaN,102.762,594.571,46.913,0.4433,0,-1.0777
59.575,NaN,NaN,NaN,NaN,NaN,NaN,100.721,582.418,43.6016,0.4427,0,-1.0725
59.58,NaN,NaN,NaN,NaN,NaN,NaN,98.8122,570.854,40.3723,0.4423,0,-1.0671
59.585,NaN,NaN,NaN,NaN,NaN,NaN,97.08,559.855,37.2414,0.4419,0,-1.0615
59.59,NaN,NaN,NaN,NaN,NaN,NaN,95.5553,549.435,34.2433,0.4417,0,-1.0557
59.595,NaN,NaN,NaN,NaN,NaN,NaN,94.2598,539.638,31.4023,0.4414,0,-1.0498
59.6,NaN,NaN,NaN,NaN,NaN,NaN,93.1955,530.521,28.7169,0.4413,0,-1.0438
59.605,NaN,NaN,NaN,NaN,NaN,NaN,92.3343,522.151,26.1625,0.4412,0,-1.0378
59.61,NaN,NaN,NaN,NaN,NaN,NaN,91.621,514.591,23.7061,0.4412,0,-1.0318
59.615,NaN,NaN,NaN,NaN,NaN,NaN,90.9922,507.884,21.3204,0.4412,0,-1.0259
59.62,NaN,NaN,NaN,NaN,NaN,NaN,90.3989,502.034,18.9895,0.4412,0,-1.0201
59.625,NaN,NaN,NaN,NaN,NaN,NaN,89.8178,496.982,16.707,0.4412,0,-1.0144
59.63,NaN,NaN,NaN,NaN,NaN,NaN,89.2475,492.596,14.4734,0.4412,0,-1.0089
59.635,NaN,NaN,NaN,NaN,NaN,NaN,88.7017,488.681,12.2946,0.4412,0,-1.0033
59.64,NaN,NaN,NaN,NaN,NaN,NaN,88.2074,485.001,10.1786,0.4411,0,-0.9978
59.645,NaN,NaN,NaN,NaN,NaN,NaN,87.8036,481.339,8.1299,0.4411,0,-0.9923
59.65,NaN,NaN,NaN,NaN,NaN,NaN,87.5326,477.537,6.143,0.4411,0,-0.9867
59.655,NaN,NaN,NaN,NaN,NaN,NaN,87.4197,473.536,4.2036,0.4411,0,-0.981
59.66,NaN,NaN,NaN,NaN,NaN,NaN,87.4559,469.385,2.2984,0.4412,0,-0.9751
59.665,NaN,NaN,NaN,NaN,NaN,NaN,87.5965,465.224,0.4272,0.4414,0,-0.9692
59.67,NaN,NaN,NaN,NaN,NaN,NaN,87.7792,461.264,-1.3955,0.4415,0,-0.9632
59.675,NaN,NaN,NaN,NaN,NaN,NaN,87.9522,457.779,-3.1561,0.4417,0,-0.9571
59.68,NaN,NaN,NaN,NaN,NaN,NaN,88.0925,455.126,-4.8713,0.4419,0,-0.9511
59.685,NaN,NaN,NaN,NaN,NaN,NaN,88.209,453.776,-6.6133,0.4421,0,-0.9451
59.69,NaN,NaN,NaN,NaN,NaN,NaN,88.3334,454.34,-8.5094,0.4424,0,-0.9393
59.695,NaN,NaN,NaN,NaN,NaN,NaN,88.5103,457.539,-10.7069,0.4427,0,-0.9335
59.7,NaN,NaN,NaN,NaN,NaN,NaN,88.7929,464.125,-13.3204,0.4431,0,-0.9278
59.705,NaN,NaN,NaN,NaN,NaN,NaN,89.2382,474.742,-16.3881,0.4435,0,-0.922
59.71,NaN,NaN,NaN,NaN,NaN,NaN,89.8961,489.785,-19.8612,0.4439,0,-0.9162
59.715,NaN,NaN,NaN,NaN,NaN,NaN,90.7905,509.286,-23.628,0.4443,0,-0.9104
59.72,NaN,NaN,NaN,NaN,NaN,NaN,91.9,532.876,-27.5611,0.4446,0,-0.9046
59.725,NaN,NaN,NaN,NaN,NaN,NaN,93.1525,559.843,-31.567,0.445,0,-0.899
59.73,NaN,NaN,NaN,NaN,NaN,NaN,94.4407,589.257,-35.6253,0.4454,0,-0.8935
59.735,NaN,NaN,NaN,NaN,NaN,NaN,95.655,620.148,-39.8044,0.4458,0,-0.8881
59.74,NaN,NaN,NaN,NaN,NaN,NaN,96.7204,651.666,-44.2508,0.4462,0,-0.8828
59.745,NaN,NaN,NaN,NaN,NaN,NaN,97.6218,683.189,-49.1573,0.4467,0,-0.8773
59.75,NaN,NaN,NaN,NaN,NaN,NaN,98.4075,714.359,-54.7187,0.4472,0,-0.8717
59.755,NaN,NaN,NaN,NaN,NaN,NaN,99.1711,745.043,-61.0871,0.4477,0,-0.8659
59.76,NaN,NaN,NaN,NaN,NaN,NaN,100.022,775.254,-68.3379,0.4482,0,-0.86
59.765,NaN,NaN,NaN,NaN,NaN,NaN,101.056,805.053,-76.4536,0.4487,0,-0.8539
59.77,NaN,NaN,NaN,NaN,NaN,NaN,102.329,834.465,-85.3241,0.4491,0,-0.8478
59.775,NaN,NaN,NaN,NaN,NaN,NaN,103.842,863.415,-94.7576,0.4495,0,-0.8416
59.78,NaN,NaN,NaN,NaN,NaN,NaN,105.54,891.699,-104.501,0.4498,0,-0.8355
59.785,NaN,NaN,NaN,NaN,NaN,NaN,107.33,918.984,-114.269,0.4501,0,-0.8295
59.79,NaN,NaN,NaN,NaN,NaN,NaN,109.106,944.835,-123.791,0.4503,0,-0.8237
59.795,NaN,NaN,NaN,NaN,NaN,NaN,110.801,968.752,-132.853,0.4504,0,-0.8181
59.8,NaN,NaN,NaN,NaN,NaN,NaN,112.418,990.223,-141.35,0.4505,0,-0.8126
59.805,NaN,NaN,NaN,NaN,NaN,NaN,114.04,1008.76,-149.295,0.4506,0,-0.8072
59.81,NaN,NaN,NaN,NaN,NaN,NaN,115.795,1023.94,-156.81,0.4507,0,-0.8019
59.815,NaN,NaN,NaN,NaN,NaN,NaN,117.786,1035.42,-164.073,0.4509,0,-0.7965
59.82,NaN,NaN,NaN,NaN,NaN,NaN,120.015,1042.94,-171.241,0.451,0,-0.791
59.825,NaN,NaN,NaN,NaN,NaN,NaN,122.344,1046.31,-178.387,0.4513,0,-0.7854
59.83,NaN,NaN,NaN,NaN,NaN,NaN,124.504,1045.36,-185.453,0.4515,0,-0.7798
59.835,NaN,NaN,NaN,NaN,NaN,NaN,126.16,1039.95,-192.25,0.4517,0,-0.7741
59.84,NaN,NaN,NaN,NaN,NaN,NaN,126.989,1029.93,-198.502,0.452,0,-0.7684
59.845,NaN,NaN,NaN,NaN,NaN,NaN,126.761,1015.15,-203.92,0.4522,0,-0.7627
59.85,NaN,NaN,NaN,NaN,NaN,NaN,125.367,995.543,-208.281,0.4525,0,-0.7569
59.855,NaN,NaN,NaN,NaN,NaN,NaN,122.823,971.114,-211.48,0.4529,0,-0.7512
59.86,NaN,NaN,NaN,NaN,NaN,NaN,119.21,941.975,-213.541,0.4533,0,-0.7454
59.865,NaN,NaN,NaN,NaN,NaN,NaN,114.615,908.282,-214.555,0.4538,0,-0.7396
59.87,NaN,NaN,NaN,NaN,NaN,NaN,109.078,870.157,-214.576,0.4545,0,-0.7337
59.875,NaN,NaN,NaN,NaN,NaN,NaN,102.575,827.598,-213.511,0.4551,0,-0.7281
59.88,NaN,NaN,NaN,NaN,NaN,NaN,95.0693,780.422,-211.059,0.4558,0,-0.7227
59.885,NaN,NaN,NaN,NaN,NaN,NaN,86.6046,728.291,-206.723,0.4564,0,-0.7178
59.89,NaN,NaN,NaN,NaN,NaN,NaN,77.4192,670.869,-199.902,0.457,0,-0.7135
59.895,NaN,NaN,NaN,NaN,NaN,NaN,68.0275,608.069,-190.029,0.4575,0,-0.7097
59.9,NaN,NaN,NaN,NaN,NaN,NaN,59.2111,540.364,-176.709,0.458,0,-0.7063
59.905,NaN,NaN,NaN,NaN,NaN,NaN,51.8837,469.032,-159.844,0.4587,0,-0.7029
59.91,NaN,NaN,NaN,NaN,NaN,NaN,46.8457,396.238,-139.727,0.4596,0,-0.6994
59.915,NaN,NaN,NaN,NaN,NaN,NaN,44.5028,324.885,-117.097,0.4612,0,-0.6952
59.92,NaN,NaN,NaN,NaN,NaN,NaN,44.6659,258.215,-93.1151,0.4635,0,-0.6902
59.925,NaN,NaN,NaN,NaN,NaN,NaN,46.539,199.241,-69.2542,0.4669,0,-0.6843
59.93,NaN,NaN,NaN,NaN,NaN,NaN,48.9322,150.168,-47.0893,0.4713,0,-0.6781
59.935,NaN,NaN,NaN,NaN,NaN,NaN,50.6431,111.951,-28.0216,0.4762,0,-0.6732
59.94,NaN,NaN,NaN,NaN,NaN,NaN,50.857,84.164,-13.0157,0.4806,0,-0.6723
59.945,NaN,NaN,NaN,NaN,NaN,NaN,49.3919,65.2082,-2.4384,0.483,0,-0.6776
59.95,NaN,NaN,NaN,NaN,NaN,NaN,46.6756,52.7899,3.9529,0.4826,0,-0.6889
59.955,NaN,NaN,NaN,NaN,NaN,NaN,43.479,44.4842,6.883,0.4805,0,-0.7022
59.96,NaN,NaN,NaN,NaN,NaN,NaN,40.5528,38.2165,7.3481,0.479,0,-0.7128
59.965,NaN,NaN,NaN,NaN,NaN,NaN,38.3566,32.5513,6.3872,0.4803,0,-0.7178
59.97,NaN,NaN,NaN,NaN,NaN,NaN,36.9906,26.7662,4.8948,0.4859,0,-0.717
59.975,NaN,NaN,NaN,NaN,NaN,NaN,36.3107,20.7531,3.5067,0.4982,0,-0.7116
59.98,NaN,NaN,NaN,NaN,NaN,NaN,0,0,0,0,0,0
59.985,NaN,NaN,NaN,NaN,NaN,NaN,0,0,0,0,0,0
59.99,NaN,NaN,NaN,NaN,NaN,NaN,0,0,0,0,0,0
59.995,NaN,NaN,NaN,NaN,NaN,NaN,0,0,0,0,0,0
60,NaN,NaN,NaN,NaN,NaN,NaN,0,0,0,0,0,0
