time,hip_flexion_r,hip_adduction_r,hip_rotation_r,knee_angle_r,ankle_angle_r,subtalar_angle_r,hip_flexion_l,hip_adduction_l,hip_rotation_l,knee_angle_l,ankle_angle_l,subtalar_angle_l
40,20.46771602,-8.8082515,-7.77927172,-52.02215677,-3.03909412,-16.34908027,4.54602226,-0.18799591,1.69875384,-10.2008656,1.90219564,-13.82270396
40.005,20.61010756,-8.67597512,-8.03558661,-50.69424498,-2.98981292,-16.33007876,4.0147271,-0.31514181,1.80601931,-9.95091431,1.97580458,-13.7991049
40.01,20.73753357,-8.55324974,-8.27247783,-49.30811283,-2.96209194,-16.34870374,3.49844429,-0.43022228,1.89359864,-9.71272909,2.0491992,-13.76838541
40.015,20.84370349,-8.44425425,-8.48281337,-47.86780852,-2.95701172,-16.40575458,2.98766746,-0.52530918,1.97952606,-9.48408318,2.13660292,-13.72785435
40.02,20.93779369,-8.34768773,-8.66855706,-46.37590708,-2.96119181,-16.4957954,2.49220354,-0.60390102,2.04852055,-9.26845155,2.22581395,-13.67829213
40.025,21.01462193,-8.26380599,-8.82072414,-44.83332234,-2.97641409,-16.61833176,2.00454709,-0.66262046,2.11381715,-9.06183564,2.3299511,-13.61771078
40.03,21.08037873,-8.194941,-8.95124181,-43.23987346,-2.99117475,-16.76656199,1.53565675,-0.70450936,2.15943381,-8.86992175,2.436567,-13.54827699
40.035,21.13894953,-8.1409308,-9.05101684,-41.59877034,-3.00112303,-16.93564018,1.08657673,-0.72582148,2.1957621,-8.69120125,2.54742014,-13.47051816
40.04,21.18587245,-8.10296024,-9.12120861,-39.91009456,-3.00976459,-17.12109919,0.65309773,-0.72684436,2.22518228,-8.52376655,2.67098248,-13.38424219
40.045,21.21715024,-8.08066991,-9.16675132,-38.17237764,-3.00759765,-17.3273686,0.23540547,-0.7105323,2.24399865,-8.3727038,2.79638782,-13.28630368
40.05,21.24042748,-8.07648873,-9.18055771,-36.39035162,-2.99855485,-17.53969791,-0.16272836,-0.67245716,2.25755478,-8.23400826,2.93381267,-13.18147887
40.055,21.25374518,-8.08967835,-9.16472649,-34.56316255,-2.98339087,-17.75382314,-0.54115294,-0.61481415,2.26605154,-8.10950638,3.08222526,-13.06940758
40.06,21.26077487,-8.1267616,-9.12374232,-32.6950043,-2.9522951,-17.97012651,-0.89605351,-0.53371655,2.27129935,-7.99945028,3.23227075,-12.95326543
40.065,21.25459636,-8.18438622,-9.05927526,-30.78404417,-2.91851539,-18.18213873,-1.23294657,-0.43306118,2.27739644,-7.9020619,3.39410117,-12.83207183
40.07,21.23643833,-8.26345194,-8.96987851,-28.8348647,-2.88366699,-18.38702072,-1.55092699,-0.31287752,2.28556518,-7.81934051,3.56668333,-12.70473032
40.075,21.25898926,-8.36878134,-8.80713009,-26.86761989,-2.78824423,-18.52766515,-1.81175909,-0.15488256,2.26691963,-7.75473397,3.72570363,-12.63939208
40.08,21.16827555,-8.50045138,-8.73233299,-24.83824671,-2.81457631,-18.75866879,-2.12656926,-0.0077006,2.32204186,-7.69506242,3.93711705,-12.44892654
40.085,21.15660445,-8.65589037,-8.53149186,-22.81573944,-2.7416081,-18.87007145,-2.36138282,0.18830772,2.31806917,-7.65695418,4.12127584,-12.37489567
40.09,21.09372875,-8.86197823,-8.36674974,-20.76903831,-2.72841201,-19.0145131,-2.60820594,0.40968516,2.36938742,-7.62960002,4.33121575,-12.24338343
40.095,20.9770035,-9.06464211,-8.23578978,-18.69509304,-2.75973953,-19.21203005,-2.86971146,0.60674238,2.43958806,-7.60831904,4.57070158,-12.04194388
40.1,20.924607,-9.31740732,-7.99705175,-16.65583684,-2.75166773,-19.25032491,-3.07063234,0.87002982,2.4723646,-7.60902625,4.79788316,-11.97005712
40.105,20.84010431,-9.61935843,-7.79165348,-14.63290182,-2.76954285,-19.32601872,-3.2767078,1.15633527,2.56032956,-7.61695453,5.03726759,-11.84892102
40.11,20.71473453,-9.93703542,-7.62535696,-12.63062416,-2.81248008,-19.47102937,-3.49418947,1.43279001,2.67997845,-7.63406894,5.30071204,-11.65923594
40.115,20.63263033,-10.28032691,-7.375412,-10.69991493,-2.87011483,-19.45000234,-3.67753408,1.74531594,2.76306569,-7.67374679,5.57502927,-11.57761031
40.12,20.52270818,-10.67243803,-7.18793264,-8.83452754,-2.90037545,-19.52873941,-3.87043698,2.07205945,2.91811424,-7.7151671,5.84998608,-11.40908794
40.125,20.42922676,-11.07111933,-6.96847665,-7.05680935,-2.95162506,-19.52705563,-4.04975454,2.40207418,3.06321526,-7.77637638,6.14575158,-11.28148775
40.13,20.35047606,-11.47460365,-6.72952643,-5.38069724,-3.01024896,-19.45832103,-4.22126502,2.73275461,3.20014628,-7.85546105,6.45265552,-11.19799185
40.135,20.27329091,-11.8970927,-6.50735095,-3.8114053,-3.0386282,-19.40888753,-4.39439597,3.06610373,3.37327743,-7.9392097,6.7588078,-11.09180141
40.14,20.20130655,-12.32397711,-6.32890751,-2.3572644,-3.02824866,-19.39329773,-4.55568735,3.37931195,3.58676262,-8.03993876,7.0619635,-10.94036104
40.145,20.14461601,-12.71014581,-6.096024,-1.02690484,-3.06580272,-19.28357537,-4.72049632,3.6661177,3.75752411,-8.16277483,7.39469909,-10.87053138
40.15,20.09404483,-13.1053833,-5.92684007,0.17529738,-3.02086558,-19.23427543,-4.87503013,3.9328341,3.99675241,-8.28921022,7.69908818,-10.72617355
40.155,20.05412186,-13.44271247,-5.69722868,1.24461809,-3.02887238,-19.11426539,-5.03886785,4.16281569,4.17794457,-8.4433796,8.0334597,-10.67092434
40.16,20.02070167,-13.76277327,-5.49586793,2.18030884,-2.98523253,-19.02552204,-5.20018208,4.36253704,4.39649024,-8.60253991,8.34166498,-10.58335826
40.165,19.99647387,-14.04498903,-5.35280061,2.98381363,-2.90662175,-18.93511569,-5.34514243,4.50732728,4.65839734,-8.77855027,8.63544522,-10.44895032
40.17,19.9796521,-14.25988109,-5.12261712,3.64683226,-2.86976675,-18.82086396,-5.50984436,4.61875881,4.837214,-8.98204715,8.9467916,-10.41646593
40.175,19.96585991,-14.43468467,-4.98934211,4.18506898,-2.78308137,-18.69507754,-5.65691844,4.6633268,5.09080093,-9.18857578,9.22082734,-10.28876274
40.18,19.96380506,-14.55762996,-4.74217427,4.57949445,-2.719912,-18.60709042,-5.82830198,4.69695878,5.26792263,-9.41823758,9.4881903,-10.27077196
40.185,19.96707154,-14.63419737,-4.52859412,4.85127939,-2.65035063,-18.51607714,-5.9885138,4.67944831,5.46636921,-9.66416832,9.72562211,-10.21879496
40.19,19.97560548,-14.6497484,-4.37224554,4.99556836,-2.58112736,-18.38208643,-6.13555056,4.59370129,5.70186777,-9.93407074,9.93355746,-10.10918845
40.195,19.99850002,-14.60486855,-4.10108991,5.02012196,-2.53154012,-18.28900114,-6.30382515,4.49355331,5.83539158,-10.21376364,10.10308217,-10.10272748
40.2,20.0287059,-14.51223953,-3.91987538,4.91914957,-2.48828263,-18.15689956,-6.44770183,4.32818863,6.0344616,-10.52729658,10.26457556,-10.01164403
40.205,20.07656703,-14.38641394,-3.6103078,4.70520391,-2.48476246,-18.05860354,-6.61429101,4.17730405,6.13196943,-10.84780847,10.3343761,-10.00955969
40.21,20.12777496,-14.18074816,-3.40274137,4.39991092,-2.48312035,-17.91565418,-6.74611635,3.93511491,6.28146069,-11.21174892,10.42442805,-9.92840658
40.215,20.19431388,-13.96915706,-3.09937256,3.97997289,-2.51711741,-17.79502631,-6.89975488,3.72106604,6.36063845,-11.58563987,10.43294795,-9.90227955
40.22,20.27075372,-13.69948857,-2.80819815,3.48285796,-2.58164595,-17.65660673,-7.02844982,3.46032682,6.42906444,-12.00249139,10.39983776,-9.85932917
40.225,20.35731442,-13.40077203,-2.5140508,2.90488694,-2.68315094,-17.50310313,-7.14711327,3.18489091,6.48001822,-12.4503844,10.31798023,-9.79705284
40.23,20.45534501,-13.06910175,-2.2077745,2.25505973,-2.81841362,-17.33890108,-7.25219601,2.89377509,6.50214074,-12.93422532,10.18676093,-9.72030294
40.235,20.55602009,-12.72183819,-1.88107967,1.55047751,-2.98696094,-17.17066737,-7.34386298,2.59925331,6.49415041,-13.45680859,9.99478276,-9.63912225
40.24,20.6707167,-12.34620339,-1.54761106,0.7874225,-3.19293477,-16.99859555,-7.41826962,2.29619789,6.46122302,-14.01873565,9.74799677,-9.53918378
40.245,20.80618951,-11.94485825,-1.17835503,-0.01493265,-3.43544277,-16.8468789,-7.45198525,1.98634754,6.38150982,-14.64244209,9.4824659,-9.39674083
40.25,20.93334596,-11.54299173,-0.79520711,-0.84530635,-3.70818469,-16.69842768,-7.47670534,1.68607562,6.27360868,-15.3014404,9.11694586,-9.25761141
40.255,21.03530163,-11.15097306,-0.4288021,-1.69441386,-3.99523015,-16.52587238,-7.4992127,1.39630012,6.16260808,-15.99978437,8.64231384,-9.11322601
40.26,21.14865768,-10.73084033,-0.04352249,-2.55688141,-4.30189857,-16.37460645,-7.47808914,1.09452173,6.00990753,-16.76378213,8.12475365,-8.9516911
40.265,21.32467964,-10.30228151,0.49465289,-3.43378584,-4.67486778,-16.38651356,-7.378343,0.82787222,5.74267733,-17.60767512,7.63313396,-8.70946869
40.27,21.38426279,-9.89970484,0.83215224,-4.29325767,-4.97192418,-16.2241287,-7.32013583,0.5331882,5.58972938,-18.48194655,6.93494109,-8.50697075
40.275,21.50604267,-9.43701191,1.32680739,-5.14241681,-5.31770016,-16.19930609,-7.17012719,0.23106826,5.27636564,-19.45168044,6.27614624,-8.2967275
40.28,21.58959715,-9.01102749,1.79143944,-5.98122461,-5.64693775,-16.19252289,-7.00690401,-0.05273272,4.98923929,-20.46526618,5.48517086,-8.02110946
40.285,21.65222696,-8.57955696,2.25924101,-6.80401887,-5.95089175,-16.21005786,-6.81081843,-0.34266736,4.6836534,-21.54335304,4.62345728,-7.72948823
40.29,21.68981125,-8.1481228,2.70673208,-7.60754942,-6.22207809,-16.25219952,-6.57975059,-0.64181733,4.34691245,-22.68924202,3.68279358,-7.42133316
40.295,21.69960035,-7.71681122,3.14683909,-8.3842836,-6.45396535,-16.32086011,-6.31139695,-0.95187091,3.99154815,-23.90425339,2.66905311,-7.09753429
40.3,21.68446162,-7.28017106,3.58386455,-9.13383814,-6.64381746,-16.4253718,-6.00359098,-1.27790095,3.61800852,-25.18438813,1.57593204,-6.75613233
40.305,21.6485869,-6.84369999,4.05959755,-9.84630708,-6.79441708,-16.61880061,-5.64617524,-1.60911146,3.2442367,-26.53016257,0.41756341,-6.39153682
40.31,21.57463839,-6.39708854,4.43402909,-10.55142682,-6.8829306,-16.75592158,-5.26903558,-1.98151431,2.84190456,-27.93151552,-0.81659298,-6.04617167
40.315,21.4933123,-5.95263009,4.87391432,-11.22356905,-6.93499913,-17.05153981,-4.83341055,-2.35338914,2.44193367,-29.39254729,-2.10699737,-5.68676567
40.32,21.35226394,-5.49761488,5.20013197,-11.86875379,-6.90149516,-17.20901413,-4.38604491,-2.77685184,2.05210645,-30.90511407,-3.46432414,-5.34663762
40.325,21.19712346,-5.03878531,5.53597937,-12.48945728,-6.81973949,-17.45343324,-3.893392,-3.2165015,1.65663852,-32.46395603,-4.86658855,-5.02450321
40.33,21.01616664,-4.57738415,5.84998933,-13.08384773,-6.68523539,-17.73729895,-3.36437003,-3.67885171,1.2789705,-34.06318359,-6.30361582,-4.72515192
40.335,20.81241249,-4.10992678,6.15241822,-13.64619941,-6.50402341,-18.07534993,-2.79402791,-4.1648892,0.92884589,-35.69947154,-7.75955212,-4.47184522
40.34,20.57798393,-3.64830957,6.37982673,-14.19797495,-6.26303963,-18.375447,-2.20816686,-4.67457057,0.57943049,-37.35597369,-9.22949686,-4.22837607
40.345,20.32323515,-3.17753348,6.5917232,-14.71525136,-5.98276341,-18.71095916,-1.58477864,-5.20776423,0.26719063,-39.0328107,-10.68947672,-4.05460628
40.35,20.04363143,-2.71537003,6.76349294,-15.20939977,-5.65534597,-19.05101015,-0.93744902,-5.751982,-0.01515763,-40.71836373,-12.12602135,-3.91994138
40.355,19.74122686,-2.25753082,6.8983323,-15.67462619,-5.29064241,-19.38863956,-0.26719927,-6.30714891,-0.26450391,-42.40170863,-13.52071135,-3.83586731
40.36,19.4176423,-1.8095473,6.9971901,-16.11164899,-4.89160364,-19.72721228,0.42502856,-6.86469268,-0.47496982,-44.07758418,-14.85574051,-3.80733778
40.365,19.07599342,-1.37411883,7.05623935,-16.51966216,-4.47083211,-20.06269333,1.13884882,-7.4194642,-0.64493908,-45.73746562,-16.11448523,-3.84415886
40.37,18.72518791,-0.96253274,7.04951952,-16.90407983,-4.0325643,-20.42654562,1.88427202,-7.95951261,-0.75433601,-47.3767865,-17.27435602,-3.98800433
40.375,18.33918606,-0.56656396,7.06523016,-17.2474521,-3.57011522,-20.7017435,2.61553737,-8.48086063,-0.86553466,-48.96949508,-18.34558274,-4.06975019
40.38,17.95170075,-0.20825025,6.99668204,-17.56120265,-3.09661098,-21.00752024,3.39093599,-8.97091795,-0.89128356,-50.53356368,-19.28542055,-4.30120696
40.385,17.53336653,0.13826447,6.96065387,-17.83884455,-2.61942458,-21.2408152,4.14126908,-9.43936047,-0.94387454,-52.03489785,-20.11771356,-4.46443365
40.39,17.1212105,0.43594819,6.82539191,-18.08897998,-2.14432772,-21.47742534,4.93491966,-9.85950845,-0.91133018,-53.49522098,-20.80176169,-4.7661915
40.395,16.68185425,0.70862989,6.73136598,-18.3039414,-1.66828587,-21.67676661,5.7040469,-10.24176907,-0.90407436,-54.88046873,-21.36423556,-5.0128202
40.4,16.23739369,0.93699124,6.59204723,-18.47992664,-1.2044675,-21.85166528,6.49116048,-10.57083728,-0.85259708,-56.20344483,-21.78128834,-5.32066579
40.405,15.78471803,1.1270348,6.44206934,-18.61824294,-0.75765139,-21.99077421,7.28110416,-10.84682977,-0.78557373,-57.45307866,-22.06362766,-5.64801366
40.41,15.32664911,1.27199132,6.27523355,-18.72187115,-0.32655353,-22.09827707,8.07262196,-11.06601727,-0.7093071,-58.62378247,-22.21084264,-5.9875278
40.415,14.85376765,1.38076417,6.11862943,-18.77426873,0.08676511,-22.18050131,8.85550032,-11.23183317,-0.63340682,-59.70817964,-22.21901382,-6.33311932
40.42,14.38700336,1.43975802,5.93518262,-18.81093126,0.46816671,-22.22401614,9.63557342,-11.33767645,-0.56598369,-60.70774947,-22.11131036,-6.67616176
40.425,13.92791401,1.45254695,5.72307218,-18.81261826,0.84784496,-22.20318936,10.42562758,-11.38429301,-0.48589775,-61.61658745,-21.92415284,-7.00057767
40.43,13.43461679,1.43825746,5.5900441,-18.76967023,1.15478871,-22.23066819,11.15524948,-11.38597904,-0.47727764,-62.42145158,-21.55513675,-7.32800768
40.435,12.95792382,1.38855575,5.41006945,-18.70213612,1.45942102,-22.18746734,11.90052982,-11.34345059,-0.45313987,-63.13757394,-21.12668219,-7.64221726
40.44,12.47666702,1.29875325,5.24911887,-18.60211138,1.73269619,-22.13227152,12.62289021,-11.25066922,-0.46120455,-63.7505612,-20.60828131,-7.93266049
40.445,12.00596044,1.16752096,5.0460991,-18.46569521,2.04380971,-21.98080397,13.34554282,-11.11208341,-0.47728912,-64.25904055,-20.02909596,-8.17315684
40.45,11.51405704,1.03093419,4.93844514,-18.3136653,2.21272772,-21.93477167,14.01023584,-10.95073855,-0.5539483,-64.67069811,-19.36604046,-8.44504292
40.455,11.04167923,0.83344257,4.76778988,-18.13419045,2.4871869,-21.72241919,14.67508876,-10.73233559,-0.64365622,-64.9706292,-18.64436289,-8.60047273
40.46,10.55206027,0.63408643,4.6505408,-17.92149747,2.64743284,-21.59409465,15.2915586,-10.5071228,-0.79180059,-65.1632498,-17.88017088,-8.7902575
40.465,10.06765097,0.40984416,4.54443169,-17.69239595,2.7986538,-21.43311468,15.88539287,-10.25401507,-0.96464229,-65.25582904,-17.08748831,-8.92819855
40.47,9.58394646,0.16319382,4.45614596,-17.45062184,2.95216433,-21.22250779,16.44910278,-9.97388594,-1.16148826,-65.24755611,-16.27692719,-9.00912406
40.475,9.09947517,-0.09330347,4.3768573,-17.18649631,3.06006219,-21.03777725,16.97704897,-9.69152908,-1.40832598,-65.13220366,-15.46013761,-9.07978405
40.48,8.61740061,-0.35741933,4.3477179,-16.90511233,3.1384538,-20.85272219,17.47956622,-9.39431103,-1.67252441,-64.92187388,-14.64020252,-9.12663986
40.485,8.13418179,-0.64234707,4.30881646,-16.62104467,3.23411051,-20.62046354,17.93560055,-9.08934081,-1.98404505,-64.60457423,-13.8367428,-9.09068811
40.49,7.65262938,-0.9262641,4.28489666,-16.32314085,3.30379263,-20.39217392,18.36500102,-8.78647849,-2.31155239,-64.19891968,-13.06398137,-9.04503122
40.495,7.15683765,-1.2186252,4.27665182,-16.02129919,3.39775101,-20.09458467,18.74057533,-8.48254384,-2.66651128,-63.6943784,-12.33394816,-8.92101156
40.5,6.67783552,-1.50917137,4.30389197,-15.70830357,3.44706366,-19.86118241,19.10501041,-8.17867054,-3.03348732,-63.1058597,-11.62826875,-8.81107738
40.505,6.19775882,-1.79681031,4.34112727,-15.39696694,3.49614276,-19.6088976,19.42631363,-7.88768172,-3.42825067,-62.42619444,-10.96282287,-8.65900645
40.51,5.71962076,-2.07776941,4.38722746,-15.08388074,3.53517482,-19.35099661,19.71847257,-7.60837737,-3.83209507,-61.66851376,-10.34425836,-8.48740542
40.515,5.22260742,-2.34471301,4.44119989,-14.7680653,3.58909223,-19.04225305,19.95624267,-7.35229605,-4.25134221,-60.82843389,-9.78948322,-8.28542616
40.52,4.77221844,-2.61333058,4.49973892,-14.45801568,3.60935576,-18.82966596,20.21122152,-7.09120014,-4.66328572,-59.91617181,-9.25616884,-8.08515803
40.525,4.30009099,-2.86881583,4.60101535,-14.14635338,3.65086687,-18.5601354,20.408426,-6.84983717,-5.08815986,-58.92915809,-8.77790854,-7.84084199
40.53,3.82356584,-3.10660554,4.71376304,-13.82871969,3.69244623,-18.2797197,20.58167536,-6.62170186,-5.48866044,-57.87836039,-8.35506392,-7.59809963
40.535,3.35815686,-3.33195533,4.81726037,-13.52080113,3.73278794,-18.00785648,20.73116909,-6.41303877,-5.89330815,-56.76034141,-7.96763245,-7.34952483
40.54,2.90517491,-3.54178248,4.91913413,-13.21972403,3.77648765,-17.75340982,20.86439254,-6.222406,-6.2921961,-55.58154506,-7.61830179,-7.0959437
40.545,2.45388574,-3.7351065,5.03418745,-12.91998231,3.82366407,-17.49255571,20.97424734,-6.04737772,-6.67468086,-54.34414065,-7.30237621,-6.84001784
40.55,1.98115841,-3.89738898,5.14927686,-12.61610963,3.88114089,-17.19330032,21.0452797,-5.89948439,-7.02721317,-53.0538234,-7.03028051,-6.60882617
40.555,1.5767595,-4.06399906,5.26092448,-12.32795981,3.92678763,-16.98675272,21.15473152,-5.74585993,-7.36954268,-51.70931996,-6.76014077,-6.34812836
40.56,1.15127592,-4.19650992,5.38781207,-12.03691021,3.9838637,-16.74529123,21.22395703,-5.62450839,-7.68781465,-50.31650409,-6.51845888,-6.10885815
40.565,0.73197584,-4.31312103,5.50984141,-11.74965024,4.05117636,-16.50881493,21.2796458,-5.51392169,-7.97704934,-48.87474136,-6.29620958,-5.88146021
40.57,0.33276825,-4.41165879,5.61843097,-11.46971191,4.1203874,-16.2930672,21.33330451,-5.42109502,-8.25033644,-47.3869198,-6.0821948,-5.66459501
40.575,-0.05987007,-4.48856449,5.73177093,-11.18903156,4.19743726,-16.08281359,21.37767501,-5.3430568,-8.48911582,-45.85631632,-5.87763575,-5.46480947
40.58,-0.43665215,-4.54550263,5.83583545,-10.91407503,4.27576195,-15.88764677,21.41883231,-5.28075099,-8.69968739,-44.28377151,-5.67585314,-5.28237249
40.585,-0.80315111,-4.58404811,5.93989476,-10.64228429,4.36404139,-15.70473288,21.45238275,-5.23248468,-8.88421669,-42.66950125,-5.47507474,-5.11618758
40.59,-1.15666777,-4.60441835,6.03892795,-10.37510607,4.45765213,-15.53608298,21.4810415,-5.19793491,-9.04219843,-41.01519335,-5.27176343,-4.96897427
40.595,-1.49412329,-4.60338784,6.1315951,-10.11135342,4.55663816,-15.38719747,21.5086921,-5.17955589,-9.17020355,-39.32283309,-5.06446728,-4.8431519
40.6,-1.81852036,-4.583378,6.21865618,-9.85264383,4.66522886,-15.25712595,21.53120754,-5.17718719,-9.27656829,-37.59328471,-4.85176769,-4.7370711
40.605,-2.13045506,-4.54645552,6.30460907,-9.59936513,4.77849812,-15.14047227,21.54726418,-5.18824116,-9.35801649,-35.82741107,-4.62959422,-4.65119086
40.61,-2.42877336,-4.48858342,6.38481066,-9.35169638,4.9001117,-15.04435202,21.55990131,-5.21585432,-9.41357626,-34.02780496,-4.40209839,-4.58860004
40.615,-2.71639977,-4.41328558,6.46644203,-9.11109229,5.03134082,-14.9643269,21.56436039,-5.25721231,-9.44434524,-32.19497469,-4.17011274,-4.54529398
40.62,-2.96937055,-4.30338257,6.51040132,-8.87292937,5.12736369,-14.91064632,21.60121413,-5.31292034,-9.40059426,-30.34197362,-3.90397967,-4.55834004
40.625,-3.23673163,-4.19275045,6.61321366,-8.65142229,5.29391252,-14.86260199,21.57930173,-5.39250905,-9.4088642,-28.44602743,-3.6566806,-4.55682503
40.63,-3.50710016,-4.06220761,6.69530704,-8.43386648,5.47570403,-14.83506094,21.53852523,-5.49094217,-9.40471813,-26.52018345,-3.44654952,-4.55522074
40.635,-3.74111007,-3.89869379,6.76500661,-8.22833592,5.63548126,-14.82652799,21.52997813,-5.60104469,-9.31162338,-24.58731145,-3.18617536,-4.60901904
40.64,-3.98264057,-3.7170599,6.86061578,-8.03904055,5.83371085,-14.82614938,21.481411,-5.74466674,-9.24976811,-22.62961326,-2.96372583,-4.67184997
40.645,-4.21571915,-3.51550384,6.94476471,-7.85929707,6.03629861,-14.84133526,21.42843608,-5.90413495,-9.15645908,-20.66133963,-2.74808453,-4.74618328
40.65,-4.44159433,-3.28873326,7.03749394,-7.69560713,6.256726,-14.86668212,21.36624578,-6.08916156,-9.0411933,-18.69162368,-2.54435035,-4.83867288
40.655,-4.66558639,-3.0405276,7.13391124,-7.54579102,6.491739,-14.89952807,21.29006455,-6.29953203,-8.91407292,-16.72561617,-2.35922808,-4.94776846
40.66,-4.88849715,-2.76884798,7.23725407,-7.41336789,6.74449882,-14.93895184,21.20101047,-6.53693518,-8.77237891,-14.77646856,-2.19161265,-5.07386741
40.665,-5.11156285,-2.47163804,7.34822043,-7.29968759,7.01505166,-14.98240514,21.10109661,-6.80394396,-8.61466058,-12.85811998,-2.04293513,-5.21766164
40.67,-5.34718987,-2.15322488,7.4539387,-7.19454343,7.28627968,-15.02179638,20.98284533,-7.0997023,-8.45285626,-10.98203297,-1.91215611,-5.41800082
40.675,-5.57460376,-1.81073128,7.57791683,-7.12080996,7.58642971,-15.06572031,20.86616487,-7.42072762,-8.25312616,-9.1643512,-1.80276672,-5.61392306
40.68,-5.79043695,-1.45113462,7.72426457,-7.08081442,7.93397431,-15.12332863,20.75597371,-7.76397172,-8.041799,-7.41807148,-1.71553857,-5.75976415
40.685,-6.02586379,-1.06901975,7.84660855,-7.04461019,8.2420437,-15.14199082,20.63479781,-8.13542859,-7.80226509,-5.75233022,-1.62999072,-6.04207306
40.69,-6.25305165,-0.68481674,7.98626224,-7.04470893,8.60100511,-15.17570066,20.51975908,-8.51450428,-7.55596939,-4.17450449,-1.57847161,-6.2746248
40.695,-6.48025527,-0.29987113,8.12866374,-7.07323349,8.9716017,-15.19848732,20.40705924,-8.9011933,-7.29874939,-2.6945688,-1.5405401,-6.51609806
40.7,-6.71071389,0.08085324,8.2719852,-7.12783159,9.3539978,-15.20923358,20.29641254,-9.29026166,-7.03213033,-1.31937051,-1.521341,-6.76889793
40.705,-6.94375584,0.44891014,8.4193616,-7.21075758,9.74919701,-15.20703881,20.18715968,-9.67039749,-6.75686322,-0.05056135,-1.52416966,-7.03080427
40.71,-7.1810056,0.78479339,8.56901573,-7.32342051,10.16186396,-15.17224232,20.07720891,-10.02123393,-6.44101877,1.10883698,-1.57970014,-7.36649068
40.715,-7.41552528,1.11812814,8.70453895,-7.46823799,10.56439196,-15.15216461,19.97624578,-10.37808858,-6.19137094,2.14186342,-1.60218974,-7.5825142
40.72,-7.65681097,1.41382626,8.84556077,-7.64150028,10.97204263,-15.09967538,19.87172103,-10.69963171,-5.91475667,3.05945283,-1.66726435,-7.84884787
40.725,-7.89948469,1.67315337,8.97790958,-7.84676267,11.38021078,-15.02884947,19.76996833,-10.98704748,-5.6424439,3.85492292,-1.75999312,-8.11269441
40.73,-8.14285944,1.88970709,9.1004183,-8.08540222,11.78233891,-14.93593998,19.66973335,-11.23164003,-5.37557711,4.52948957,-1.87903619,-8.37021148
40.735,-8.38516489,2.06867419,9.21655489,-8.35663687,12.17077311,-14.83332276,19.573654,-11.43849602,-5.12562245,5.07982744,-2.01711552,-8.59462369
40.74,-8.63568152,2.17094825,9.28466116,-8.66254101,12.58479367,-14.67504223,19.47017905,-11.56274822,-4.86953988,5.51391268,-2.21899484,-8.86351648
40.745,-8.86609109,2.27525265,9.39963723,-9.00214722,12.9008009,-14.5519577,19.39217418,-11.69456212,-4.65169111,5.8118961,-2.38192784,-8.99802007
40.75,-9.10676435,2.30487768,9.46875861,-9.37535395,13.2324207,-14.38093797,19.3009138,-11.74484392,-4.44940803,6.0033697,-2.61056085,-9.16667623
40.755,-9.33658803,2.28389189,9.51861454,-9.78327136,13.52875366,-14.20132293,19.22219477,-11.73783379,-4.26032142,6.07788884,-2.86240265,-9.28304986
40.76,-9.55568856,2.21482139,9.55011321,-10.22681494,13.77971808,-14.01025478,19.1570545,-11.67370184,-4.091174,6.03773861,-3.13868969,-9.35593225
40.765,-9.76219851,2.09635457,9.55780589,-10.70642335,13.98063905,-13.80771874,19.105252,-11.55409839,-3.93925276,5.88566686,-3.43716392,-9.38540475
40.77,-9.94605096,1.93933555,9.54964683,-11.22535501,14.11923532,-13.61618385,19.07334415,-11.38789407,-3.7930221,5.63224094,-3.75470443,-9.35911919
40.775,-10.1173519,1.74724589,9.52511542,-11.77489899,14.19786981,-13.41120141,19.06405029,-11.17475552,-3.6656622,5.26727735,-4.0958565,-9.29657876
40.78,-10.27746234,1.50461595,9.44886924,-12.39227178,14.25157858,-13.13548043,19.03851279,-10.90863839,-3.58156962,4.82529864,-4.44471846,-9.22212908
40.785,-10.40953365,1.23793737,9.36847264,-13.03336059,14.22306113,-12.88608022,19.05259731,-10.60484111,-3.48726062,4.28693243,-4.82100906,-9.08309001
40.79,-10.51427291,0.93885523,9.26056628,-13.72237112,14.12755294,-12.62620177,19.08340177,-10.26133018,-3.40626517,3.67010171,-5.20754154,-8.90789183
40.795,-10.59653804,0.61150739,9.1200264,-14.45680025,13.97411811,-12.33534326,19.12881836,-9.87856561,-3.34514083,2.98239732,-5.60118066,-8.69783735
40.8,-10.64698206,0.26230524,8.95088014,-15.24221584,13.75061583,-12.02659499,19.19049018,-9.46724992,-3.29207711,2.2323504,-5.99012271,-8.45546613
40.805,-10.66478185,-0.10644984,8.74981709,-16.07777663,13.45738141,-11.69321001,19.26877188,-9.02877317,-3.24838145,1.42604903,-6.36926036,-8.18320183
40.81,-10.64596078,-0.48816897,8.51979607,-16.96483857,13.08587013,-11.33855894,19.3638033,-8.56971252,-3.20978917,0.57467406,-6.73076825,-7.8868669
40.815,-10.59527196,-0.88365715,8.24082385,-17.9036109,12.67537476,-10.91206392,19.47346554,-8.09340862,-3.1836306,-0.32673966,-7.05297235,-7.56338995
40.82,-10.49009121,-1.27663816,7.98344521,-18.90295103,12.1054249,-10.5580505,19.59069414,-7.61374326,-3.13195744,-1.22881778,-7.36321927,-7.24974964
40.825,-10.34589259,-1.67939462,7.67115078,-19.95650085,11.4931324,-10.13660791,19.72328564,-7.1217095,-3.09275864,-2.16667772,-7.61956757,-6.91812315
40.83,-10.15833194,-2.07682764,7.33182596,-21.06889106,10.80794201,-9.67994422,19.86148418,-6.63137955,-3.05082769,-3.11634517,-7.8244354,-6.58777413
40.835,-9.92657752,-2.47783837,6.9818351,-22.23350628,10.0383151,-9.19424206,20.00361923,-6.13713875,-2.99020469,-4.07089232,-7.97528754,-6.26048397
40.84,-9.64324125,-2.87671378,6.59718294,-23.46436285,9.19695471,-8.66935466,20.14329698,-5.64782419,-2.91940203,-5.0164187,-8.06181597,-5.94296727
40.845,-9.31038314,-3.27347597,6.19312988,-24.75525349,8.27355821,-8.11837997,20.27951568,-5.16374737,-2.83778978,-5.94804315,-8.08425061,-5.64223755
40.85,-8.93256524,-3.66725001,5.77746377,-26.10110198,7.27402079,-7.5407414,20.40530488,-4.68933507,-2.74161105,-6.86375662,-8.0411523,-5.3665948
40.855,-8.5031288,-4.06329952,5.33759117,-27.50234894,6.21288191,-6.93191828,20.52789539,-4.22081669,-2.63371386,-7.76129497,-7.93013117,-5.10962898
40.86,-8.01950176,-4.45763899,4.8768699,-28.95750112,5.09344502,-6.28703376,20.64709374,-3.76513054,-2.51615128,-8.63753785,-7.7507344,-4.87920734
40.865,-7.50608542,-4.8633986,4.44548361,-30.4599097,3.89660715,-5.65333165,20.72431315,-3.30970778,-2.36577589,-9.46813862,-7.51190045,-4.68408194
40.87,-6.92803007,-5.27009394,3.96546854,-32.00960635,2.67810658,-4.98076025,20.8159391,-2.86859119,-2.2251373,-10.28354229,-7.20812775,-4.51120827
40.875,-6.32868192,-5.68582304,3.53552976,-33.59628576,1.39270712,-4.31945906,20.85108489,-2.43292224,-2.04898738,-11.03855162,-6.84699897,-4.38128283
40.88,-5.6777563,-6.10787217,3.08550071,-35.21898253,0.10140876,-3.6519026,20.88459515,-2.00770162,-1.87887919,-11.76781091,-6.43576012,-4.27877524
40.885,-4.9796261,-6.54068796,2.62985147,-36.87037465,-1.19647925,-2.98757167,20.90956304,-1.59431658,-1.70980221,-12.46694185,-5.97819533,-4.21073241
40.89,-4.26153783,-6.98160919,2.22320762,-38.5414548,-2.50548263,-2.35074076,20.88391103,-1.18664963,-1.51617271,-13.10381066,-5.47835452,-4.17841753
40.895,-3.48755273,-7.42772195,1.80899598,-40.22888576,-3.77963896,-1.72366574,20.8682115,-0.79836971,-1.33276665,-13.72044272,-4.94931155,-4.18196282
40.9,-2.71927686,-7.88985041,1.44089997,-41.91600893,-5.03444912,-1.16069703,20.78238214,-0.40804706,-1.1436282,-14.27015309,-4.39137849,-4.21386201
40.905,-1.91412923,-8.35474343,1.09435081,-43.60179858,-6.23196049,-0.63128189,20.68522958,-0.03209987,-0.95354142,-14.78157449,-3.81466296,-4.27639402
40.91,-1.09234665,-8.8171354,0.78224106,-45.2765486,-7.36491347,-0.15326575,20.55553553,0.32609697,-0.7652862,-15.24866948,-3.22597799,-4.36989392
40.915,-0.24831595,-9.28126475,0.50144431,-46.93135141,-8.41205354,0.26553977,20.40468695,0.67098014,-0.58035842,-15.6756404,-2.63583567,-4.48923492
40.92,0.59444147,-9.73308949,0.25882025,-48.5564804,-9.37201264,0.61754129,20.20905669,0.99653299,-0.39909761,-16.05051744,-2.04345655,-4.63049726
40.925,1.45501537,-10.17618788,0.04645047,-50.1460968,-10.2224514,0.90639717,19.99650076,1.30135793,-0.22974922,-16.39222308,-1.46364903,-4.79689376
40.93,2.32191949,-10.60268582,-0.12887648,-51.69110843,-10.96049866,1.125796,19.75489324,1.58462759,-0.06537876,-16.68947417,-0.89730204,-4.9819125
40.935,3.18757908,-11.00322092,-0.26939757,-53.18411446,-11.57993304,1.27570981,19.48136603,1.84116148,0.09118462,-16.94387864,-0.34843888,-5.18276392
40.94,4.05622656,-11.3820895,-0.37625384,-54.61972782,-12.0713152,1.35143698,19.18356814,2.07374151,0.24115443,-17.16104593,0.16969993,-5.39314166
40.945,4.92315961,-11.7284088,-0.45550174,-55.98968057,-12.43839699,1.36256748,18.863034,2.276159,0.37563202,-17.34360841,0.66228436,-5.61806503
40.95,5.78566072,-12.03935227,-0.50715841,-57.28640741,-12.67907579,1.30708738,18.51845367,2.44830131,0.50143468,-17.48786109,1.12375723,-5.84982356
40.955,6.63872372,-12.31120643,-0.5361803,-58.50431489,-12.79573491,1.18780659,18.15022788,2.58899354,0.61813515,-17.59657849,1.55377708,-6.08531699
40.96,7.48540358,-12.54836702,-0.54742814,-59.63804511,-12.79153458,1.00620652,17.76393608,2.70162158,0.72213201,-17.67232297,1.94560296,-6.32198261
40.965,8.31970677,-12.74065428,-0.54441778,-60.68201543,-12.67166179,0.76968388,17.35951335,2.78067179,0.81621561,-17.71802306,2.30489829,-6.55906738
40.97,9.1330382,-12.88982363,-0.53669009,-61.62674582,-12.44047369,0.47819406,16.93118727,2.82808501,0.90915418,-17.72558879,2.63388783,-6.78771684
40.975,9.93928393,-13.0015507,-0.5212857,-62.47786741,-12.11225158,0.14159656,16.50105213,2.84732303,0.97911411,-17.72090767,2.91920161,-7.01598335
40.98,10.73133317,-13.06940285,-0.49979237,-63.22231099,-11.69297707,-0.23500869,16.0576589,2.83526489,1.04025673,-17.6787027,3.17170755,-7.24047707
40.985,11.43277519,-13.08925126,-0.52985368,-63.84277508,-11.17069248,-0.6323429,15.55430699,2.78738518,1.12678691,-17.61154219,3.42473859,-7.40967792
40.99,12.22877456,-13.08633003,-0.49910938,-64.37621985,-10.61814456,-1.1008885,15.12417294,2.72830117,1.16374567,-17.51232755,3.59438404,-7.64881424
40.995,12.93111373,-13.04394673,-0.525736,-64.78974795,-9.97477456,-1.56179685,14.64545691,2.64092577,1.22443581,-17.41219348,3.76783559,-7.82250249
41,13.59538236,-12.97926433,-0.57433523,-65.07511127,-9.28376662,-2.03635616,14.14109234,2.53432749,1.26551225,-17.25978632,3.92348136,-7.97607007
41.005,14.25666782,-12.8828397,-0.62462037,-65.25533066,-8.56300523,-2.53491212,13.65637992,2.40889601,1.308888,-17.10600606,4.04561257,-8.13910187
41.01,14.89945633,-12.75770084,-0.68379167,-65.31578979,-7.83128974,-3.03754112,13.17274632,2.26591461,1.34864505,-16.92223467,4.14461846,-8.29857215
41.015,15.51860422,-12.61096934,-0.76084228,-65.26514548,-7.09766856,-3.54197377,12.693233,2.10704198,1.38515281,-16.72831646,4.22277905,-8.45596253
41.02,16.11679242,-12.3904699,-0.85065121,-65.09187829,-6.4054004,-4.06893885,12.22755405,1.89377989,1.45981048,-16.52638317,4.27502099,-8.65692154
41.025,16.66125485,-12.1929981,-0.99037739,-64.79776524,-5.71546873,-4.58270794,11.74214518,1.6942174,1.51582239,-16.29386853,4.32507175,-8.82006979
41.03,17.16326256,-11.97958836,-1.1494043,-64.39217717,-5.05360346,-5.09014656,11.24760818,1.48381148,1.57736535,-16.04798849,4.36793145,-8.97481032
41.035,17.62784132,-11.75762276,-1.33098224,-63.87639767,-4.42721386,-5.57993042,10.7503727,1.26631417,1.65655905,-15.79232663,4.40386448,-9.11948386
41.04,18.05239906,-11.52320435,-1.52612416,-63.25275585,-3.85653786,-6.07173285,10.24532825,1.04238422,1.74699283,-15.51589543,4.43503602,-9.26319076
41.045,18.44407427,-11.29227795,-1.74566188,-62.5258656,-3.33806169,-6.5450226,9.74161117,0.81763777,1.84019775,-15.22688998,4.46227576,-9.40378168
41.05,18.79634511,-11.0532732,-1.97900624,-61.7007128,-2.87423449,-7.02276165,9.23439723,0.58719719,1.94480624,-14.92850658,4.48560145,-9.54579031
41.055,19.10961882,-10.82476783,-2.224441,-60.78023895,-2.48538448,-7.49614182,8.71836116,0.36517121,2.06173853,-14.61813242,4.50856776,-9.68778162
41.06,19.39905842,-10.60533234,-2.48156635,-59.77225547,-2.14195969,-7.95623224,8.2117191,0.14725126,2.17021013,-14.30104643,4.52863221,-9.8292309
41.065,19.65283341,-10.38894973,-2.74369677,-58.67878746,-1.86733316,-8.42142477,7.70049979,-0.06616644,2.29368869,-13.97401007,4.54933301,-9.97278012
41.07,19.86706884,-10.16962263,-3.00030064,-57.50362691,-1.6778883,-8.89345588,7.17757965,-0.27782252,2.45086338,-13.63365045,4.57422898,-10.1194968
41.075,20.0543282,-9.96887381,-3.26380541,-56.25403981,-1.53433862,-9.36661046,6.65877501,-0.47726034,2.59449463,-13.29240453,4.59927028,-10.26833627
41.08,20.22170012,-9.78482314,-3.53329948,-54.93425954,-1.43165684,-9.83685818,6.1507034,-0.66618608,2.7249798,-12.95076261,4.6235143,-10.41809055
41.085,20.35886226,-9.6056274,-3.78481814,-53.54873781,-1.3894396,-10.32112742,5.63629559,-0.84536178,2.88172821,-12.60268423,4.65221269,-10.56843401
41.09,20.47935861,-9.44266979,-4.02497686,-52.10356569,-1.37776812,-10.80317024,5.13021082,-1.00937678,3.02877974,-12.25473966,4.68322513,-10.71752916
41.095,20.57511888,-9.29096134,-4.25669143,-50.59899444,-1.41508857,-11.29355315,4.62567162,-1.16358083,3.18601507,-11.90732047,4.71935079,-10.86827306
41.1,20.65868168,-9.15614848,-4.46445275,-49.0432855,-1.47031111,-11.77941694,4.13047596,-1.29831859,3.33690713,-11.56223419,4.76020891,-11.01456161
41.105,20.72851092,-9.03382267,-4.65967816,-47.43605231,-1.54060706,-12.26850648,3.64747398,-1.42219382,3.48138592,-11.22425612,4.80242419,-11.15888086
41.11,20.78484422,-8.92669022,-4.83651389,-45.78083514,-1.62932656,-12.75493291,3.17519868,-1.53059746,3.62483034,-10.89286649,4.85056786,-11.29928812
41.115,20.83148728,-8.83440895,-4.99149691,-44.08076497,-1.72044644,-13.23484501,2.71673959,-1.62326274,3.76103386,-10.57045322,4.90394167,-11.434297
41.12,20.87162468,-8.75664097,-5.12177183,-42.33795172,-1.80677684,-13.70368551,2.27578016,-1.69995002,3.88810694,-10.25972424,4.9616789,-11.56151703
41.125,20.90242164,-8.69434142,-5.22984615,-40.55344233,-1.89145412,-14.16016408,1.85081285,-1.76063552,4.00804361,-9.96170711,5.02746179,-11.68182421
41.13,20.92809249,-8.64715536,-5.31334499,-38.7292369,-1.96167478,-14.59759888,1.44665886,-1.8052613,4.1185324,-9.67900982,5.09858538,-11.79212302
41.135,20.94818285,-8.61701929,-5.3715109,-36.86763401,-2.01757352,-15.01242102,1.06314062,-1.83195441,4.21714824,-9.41320912,5.17816869,-11.8927863
41.14,20.96297525,-8.60228734,-5.40393799,-34.96935373,-2.05697636,-15.4018326,0.70196989,-1.84247038,4.30781495,-9.16526271,5.2649158,-11.98162966
41.145,20.97192759,-8.60706911,-5.4105966,-33.03686267,-2.08093385,-15.75974336,0.36254811,-1.83329164,4.38174359,-8.93717354,5.36366816,-12.06033376
41.15,20.97718558,-8.62877658,-5.38886799,-31.07133219,-2.08250599,-16.08317089,0.0483791,-1.80642594,4.45188465,-8.72835921,5.46842964,-12.12321696
41.155,21.01718081,-8.68362066,-5.29421983,-29.0959043,-1.98103639,-16.30089052,-0.22051042,-1.73485143,4.45839296,-8.54362437,5.58399549,-12.17559437
41.16,20.96928235,-8.73638276,-5.26415729,-27.05309798,-2.04646047,-16.61636286,-0.50912944,-1.69066689,4.56482951,-8.37876567,5.71342625,-12.21096524
41.165,20.99002853,-8.83211127,-5.11489388,-25.02580811,-1.94481974,-16.75644202,-0.7381788,-1.58072908,4.5584506,-8.23709444,5.84929053,-12.2468458
41.17,20.9365708,-8.94177578,-5.02224022,-22.94921902,-1.97228318,-16.98829132,-0.97816531,-1.48342824,4.64248167,-8.11555245,6.00185646,-12.24305997
41.175,20.93408873,-9.0827396,-4.82304298,-20.88855759,-1.89436161,-17.04861299,-1.17167666,-1.33476539,4.63129226,-8.01946895,6.16195901,-12.26687776
41.18,20.89919709,-9.25901568,-4.63123183,-18.81764456,-1.8726344,-17.13031233,-1.35837397,-1.16764088,4.65784423,-7.94471033,6.3371767,-12.25947935
41.185,20.83004348,-9.46236715,-4.45131767,-16.74145028,-1.89501393,-17.26336599,-1.54101942,-0.99017974,4.71563992,-7.89129716,6.52786101,-12.20558939
41.19,20.77723182,-9.69368047,-4.20612616,-14.69634303,-1.90450669,-17.28805569,-1.70265368,-0.77864795,4.73041675,-7.85961112,6.73052544,-12.17422854
41.195,20.72602514,-9.94557139,-3.93074347,-12.69030393,-1.92404779,-17.24010172,-1.84985596,-0.55168109,4.728357,-7.84807216,6.94369085,-12.16407809
41.2,20.66187237,-10.24940236,-3.65379515,-10.73634605,-1.96964185,-17.20124759,-1.99396179,-0.28723272,4.75099776,-7.85718745,7.17008912,-12.12263424
41.205,20.59385045,-10.58453192,-3.36486293,-8.85071569,-2.03660129,-17.15407579,-2.1329608,-0.00169525,4.77607591,-7.88770208,7.41083214,-12.06650648
41.21,20.52656105,-10.95398111,-3.07301631,-7.0481928,-2.10625597,-17.1610919,-2.26537762,0.30264841,4.82348357,-7.93136566,7.66246805,-11.9493774
41.215,20.46385561,-11.30386833,-2.75984759,-5.338285,-2.22179297,-17.04155737,-2.39977146,0.59089236,4.82576582,-8.00181793,7.93330874,-11.91051967
41.22,20.409486,-11.70626641,-2.45540235,-3.74113599,-2.30565824,-17.01964421,-2.52825207,0.91074151,4.87733182,-8.07981524,8.20041521,-11.77810606
41.225,20.3595264,-12.08417012,-2.14780086,-2.25432847,-2.42906146,-16.94235327,-2.65942032,1.20547243,4.90503962,-8.18083343,8.48508355,-11.68028733
41.23,20.31028088,-12.43473692,-1.8492616,-0.88937495,-2.57230333,-16.8142716,-2.80086928,1.47331953,4.91683913,-8.30396272,8.77159845,-11.62876622
41.235,20.27986701,-12.79292849,-1.54936018,0.34851252,-2.71241503,-16.84217705,-2.92819282,1.73361551,4.94974499,-8.43659093,9.08040461,-11.42787887
41.24,20.23714985,-13.10578976,-1.28405811,1.4495759,-2.8589573,-16.70819569,-3.0853223,1.95576955,4.97996314,-8.5901754,9.35306922,-11.39195928
41.245,20.19931537,-13.40145174,-1.0309417,2.4172199,-2.99440953,-16.63957966,-3.24657859,2.15615053,5.02760689,-8.75643702,9.62132052,-11.305005
41.25,20.16322041,-13.66235994,-0.80459949,3.25224402,-3.14559464,-16.68058856,-3.41155723,2.3126919,5.0972577,-8.93009361,9.89963498,-11.12036219
41.255,20.13395815,-13.85427445,-0.58557173,3.94546759,-3.32636359,-16.67567176,-3.58562969,2.41395981,5.13633394,-9.13224822,10.17321281,-10.99683616
41.26,20.10484201,-13.99239698,-0.38873998,4.50078484,-3.51407961,-16.70288004,-3.7691188,2.46368686,5.18032577,-9.34990151,10.43220013,-10.86135831
41.265,20.07566409,-14.0667448,-0.21525675,4.91834311,-3.71753178,-16.75883181,-3.96198644,2.45611734,5.21960135,-9.58913127,10.6771687,-10.7185479
41.27,20.07023919,-14.08486709,-0.05468761,5.19466977,-3.89200725,-16.76709388,-4.15497368,2.40946891,5.22485632,-9.83930893,10.87683997,-10.65769733
41.275,20.04370464,-14.02761119,0.0726402,5.33626776,-4.12779297,-16.88943881,-4.36350987,2.28031416,5.2868904,-10.11782006,11.07214753,-10.48128515
41.28,20.04207695,-13.91454354,0.19320995,5.34237619,-4.33935062,-16.97324109,-4.57075758,2.11851688,5.30803989,-10.41595647,11.2175697,-10.36452134
41.285,20.05523227,-13.74398407,0.29159964,5.21734982,-4.55323841,-17.05772768,-4.77332325,1.90956092,5.33269171,-10.73869641,11.32449854,-10.26403982
41.29,20.09647082,-13.53190086,0.38848255,4.95459729,-4.75239502,-17.11928514,-4.97478225,1.67599107,5.32945176,-11.07672914,11.38613817,-10.20134665
41.295,20.13801254,-13.25016639,0.45204608,4.58673104,-4.96900274,-17.20304244,-5.16504389,1.38088342,5.33393152,-11.46206883,11.40050022,-10.12070389
41.3,20.18988094,-12.92710321,0.49156557,4.10294597,-5.20270002,-17.29407624,-5.35247534,1.05441542,5.33272865,-11.87762105,11.37407898,-10.02832068
41.305,20.25725433,-12.56293441,0.51834524,3.51220732,-5.43713838,-17.37548982,-5.52943094,0.69986207,5.31991165,-12.33154138,11.29675385,-9.94151635
41.31,20.29066068,-12.16170923,0.49350232,2.84440218,-5.76090281,-17.50267698,-5.71668974,0.30806355,5.30856391,-12.84290725,11.24000491,-9.78646799
41.315,20.41632406,-11.74255758,0.52059831,2.05019381,-5.92985032,-17.53506052,-5.85553044,-0.06947545,5.25185727,-13.36480183,11.00063655,-9.74395824
41.32,20.53988521,-11.28272476,0.50133834,1.18978034,-6.14931612,-17.55830274,-5.97194602,-0.48316024,5.1984997,-13.94941672,10.74185077,-9.69724683
41.325,20.64345468,-10.8059999,0.44753314,0.27443608,-6.42281166,-17.59796256,-6.08274223,-0.91098449,5.12287375,-14.59864522,10.49550189,-9.62918669
41.33,20.77745216,-10.33189021,0.4159963,-0.70791677,-6.62567326,-17.60732827,-6.16027022,-1.3216948,5.03662605,-15.28689384,10.1174631,-9.5750173
41.335,20.92627986,-9.85686876,0.37261532,-1.73839565,-6.80160368,-17.59265189,-6.2012988,-1.72548105,4.92742412,-16.03396712,9.6632238,-9.54238574
41.34,21.07917923,-9.38203944,0.33228301,-2.79985949,-6.95959832,-17.56307201,-6.20911677,-2.1224836,4.80582314,-16.84021972,9.14170412,-9.52164824
41.345,21.23294575,-8.91959941,0.29387481,-3.88176244,-7.08545927,-17.52260781,-6.1792255,-2.50194442,4.66437518,-17.71076549,8.54046572,-9.51155989
41.35,21.38579772,-8.46794126,0.26655443,-4.97343191,-7.1806449,-17.47155771,-6.10938838,-2.86539967,4.50582507,-18.6447848,7.86397131,-9.52096345
41.355,21.53580884,-8.02917115,0.25634763,-6.06268395,-7.23737719,-17.41333053,-5.994213,-3.21024628,4.3292691,-19.64534178,7.10080385,-9.5538308
41.36,21.67256422,-7.61111341,0.25381054,-7.13824844,-7.25049261,-17.35679475,-5.83627397,-3.53427138,4.12655384,-20.7125598,6.25005048,-9.59852854
41.365,21.80444454,-7.2090511,0.2916891,-8.19450271,-7.2191822,-17.29520126,-5.62653263,-3.83540307,3.92101842,-21.84473279,5.30944478,-9.69004989
41.37,21.91342196,-6.82113609,0.33201972,-9.22653937,-7.14443052,-17.24780107,-5.38026261,-4.12505223,3.68899841,-23.03455135,4.28157443,-9.77776835
41.375,22.00316167,-6.45490027,0.40241197,-10.21298045,-7.02167268,-17.20642387,-5.07725047,-4.39270976,3.43512024,-24.29915251,3.16430388,-9.92110401
41.38,22.06345472,-6.10077719,0.49387383,-11.15330316,-6.85264321,-17.18315976,-4.72888866,-4.65231614,3.17063365,-25.62431844,1.96166526,-10.08218097
41.385,22.08890289,-5.75774668,0.58788947,-12.05312584,-6.64492917,-17.18650679,-4.34677652,-4.90953878,2.8857769,-27.00273089,0.69634271,-10.23760874
41.39,22.0956081,-5.43274947,0.74449476,-12.88369271,-6.38069717,-17.20324573,-3.89429486,-5.14347056,2.62379211,-28.44709137,-0.67180442,-10.51202413
41.395,22.05634154,-5.08735397,0.88252872,-13.66546288,-6.10047321,-17.23938386,-3.42139492,-5.41437225,2.30990178,-29.93220233,-2.07457627,-10.7399361
41.4,21.99893629,-4.79276314,1.03898322,-14.4032493,-5.74827692,-17.33214744,-2.89225699,-5.63840497,2.03192469,-31.4633065,-3.56692188,-11.08138603
41.405,21.89361002,-4.46179213,1.21112586,-15.06785999,-5.39032079,-17.42772466,-2.33287332,-5.91012922,1.72582562,-33.03439132,-5.06924442,-11.40632996
41.41,21.75535959,-4.12841523,1.39246908,-15.67409371,-5.00848237,-17.54931828,-1.73602869,-6.19330313,1.42073776,-34.63675717,-6.59601628,-11.77436632
41.415,21.57425486,-3.77480874,1.59496477,-16.20723311,-4.61882624,-17.67702418,-1.10752769,-6.50627394,1.11816388,-36.26710031,-8.11282719,-12.13482357
41.42,21.37957591,-3.46095762,1.77255492,-16.71148714,-4.18648093,-17.86716849,-0.44284189,-6.78962193,0.83023007,-37.90383106,-9.66722651,-12.62405544
41.425,21.14442274,-3.12201391,1.96537825,-17.1439503,-3.75580319,-18.05657078,0.24762526,-7.10479276,0.55410606,-39.55494988,-11.17036336,-13.10001985
41.43,20.87747855,-2.7926356,2.15544397,-17.52574962,-3.31209173,-18.27497663,0.96217522,-7.42206071,0.30133073,-41.20510139,-12.6190606,-13.59964964
41.435,20.58521113,-2.46456087,2.33669306,-17.85895679,-2.87264948,-18.50530794,1.69481047,-7.74215051,0.06058811,-42.84364916,-14.01295401,-14.12656832
41.44,20.25458813,-2.09282674,2.5184788,-18.13098853,-2.45935789,-18.69487132,2.43247834,-8.11706631,-0.19457601,-44.46926714,-15.2753957,-14.5497413
41.445,19.9218871,-1.82035039,2.66635653,-18.37869153,-2.00899725,-18.99774447,3.20888497,-8.38729099,-0.35276082,-46.06413124,-16.52206785,-15.2175691
41.45,19.54239776,-1.47982351,2.84204612,-18.55467913,-1.60049702,-19.20454996,3.96939478,-8.7304537,-0.54993429,-47.62733942,-17.59310237,-15.67554241
41.455,19.16952306,-1.23909471,2.95007613,-18.7257389,-1.18229406,-19.50775161,4.75954282,-8.97292114,-0.67094397,-49.14591563,-18.60508885,-16.32809369
41.46,18.75602524,-0.94802603,3.08618849,-18.83279261,-0.79200399,-19.72501077,5.53210665,-9.26669226,-0.81962752,-50.61869845,-19.42920063,-16.80339334
41.465,18.33402121,-0.70534869,3.19225744,-18.90454585,-0.4120692,-19.96703159,6.31814358,-9.50422228,-0.91817539,-52.03642669,-20.14847023,-17.33569727
41.47,17.90697623,-0.50943998,3.25601552,-18.96441149,-0.05495391,-20.20365802,7.10227019,-9.69621298,-1.00545631,-53.39310484,-20.72555013,-17.85422128
41.475,17.46317432,-0.32811799,3.31444902,-18.97887086,0.28536552,-20.40959215,7.8814773,-9.8640474,-1.07778397,-54.68210298,-21.1599423,-18.33196912
41.48,17.0143961,-0.18416431,3.34170274,-18.96907166,0.59939711,-20.59219471,8.65738457,-9.99145566,-1.14029783,-55.89950186,-21.45873027,-18.78328094
41.485,16.55877664,-0.07719724,3.3472877,-18.93444701,0.89687827,-20.74868879,9.42531692,-10.07579402,-1.19523079,-57.03901805,-21.61940214,-19.18666514
41.49,16.09074313,-0.00156566,3.34016585,-18.86350655,1.17905513,-20.87500342,10.17807193,-10.12114215,-1.249517,-58.09326532,-21.63722899,-19.53724679
41.495,15.6319024,0.03834306,3.29068953,-18.78552899,1.43252892,-20.96244352,10.92742692,-10.12931649,-1.30598916,-59.06655115,-21.54731276,-19.85074751
41.5,15.14385934,0.02407994,3.24362214,-18.69004765,1.65479536,-21.06543007,11.62181562,-10.07468478,-1.38852171,-59.93680426,-21.34310265,-20.06210579
41.505,14.70538832,0.02074855,3.13301099,-18.56071693,1.88701778,-21.02826954,12.37894049,-10.03307788,-1.44034914,-60.73850904,-21.01551453,-20.29967649
41.51,14.22374788,-0.04452213,3.03188453,-18.42387903,2.06106905,-21.08003919,13.05472131,-9.92147389,-1.53518858,-61.42395115,-20.65995248,-20.47268956
41.515,13.79471404,-0.1390596,2.86517107,-18.26432776,2.32173474,-20.90984666,13.78149742,-9.78470034,-1.60437003,-62.02999118,-20.07940126,-20.44352188
41.52,13.33364858,-0.25709484,2.72320671,-18.09492483,2.50662626,-20.80527499,14.4385491,-9.61990304,-1.72557161,-62.52632487,-19.4884114,-20.44154457
41.525,12.87822615,-0.40218747,2.54998915,-17.91283971,2.7015028,-20.64179899,15.08148113,-9.42907673,-1.85178756,-62.92577896,-18.82073152,-20.31935706
41.53,12.42136511,-0.56669971,2.37541901,-17.71564848,2.87587006,-20.45126395,15.69814439,-9.21719221,-1.99732847,-63.22487444,-18.10322276,-20.15066501
41.535,11.95978672,-0.76168201,2.22283292,-17.4951578,3.00665136,-20.26598555,16.27970241,-8.97474983,-2.18144031,-63.41246115,-17.35131555,-19.97502226
41.54,11.50136279,-0.96264609,2.00342151,-17.27063978,3.18557834,-19.99826369,16.83841312,-8.73965588,-2.37684787,-63.50376542,-16.5534381,-19.62451177
41.545,11.03890851,-1.18803418,1.84332025,-17.02280755,3.304637,-19.74749577,17.36536832,-8.47201209,-2.59857658,-63.48990961,-15.75001512,-19.31092993
41.55,10.5764769,-1.41978032,1.65552457,-16.76845687,3.43206946,-19.45424676,17.86124503,-8.20965407,-2.84363698,-63.37730239,-14.93153704,-18.90199741
41.555,10.10351847,-1.64510044,1.46899067,-16.4986058,3.5889345,-19.10598282,18.32915802,-7.95243967,-3.08101033,-63.17498448,-14.11983039,-18.3832132
41.56,9.6382375,-1.90227514,1.29941621,-16.22303439,3.68825868,-18.80455712,18.75810531,-7.67458692,-3.37679475,-62.85995166,-13.3335323,-17.90066665
41.565,9.1599872,-2.14414626,1.1477488,-15.93117891,3.80428998,-18.44749835,19.15454051,-7.41135732,-3.66716792,-62.4600216,-12.55447555,-17.33097496
41.57,8.68512545,-2.39528161,0.99521943,-15.63256258,3.89202548,-18.11168265,19.52090393,-7.14639394,-3.98279019,-61.96598816,-11.82431239,-16.76809246
41.575,8.18520019,-2.61372723,0.85921336,-15.32126415,4.0138743,-17.7068153,19.84132692,-6.91627269,-4.29094887,-61.39039747,-11.11110329,-16.12492915
41.58,7.71381262,-2.8785257,0.75337815,-15.00565511,4.06861253,-17.4078965,20.15096775,-6.6420297,-4.63224224,-60.7159951,-10.47363382,-15.53519762
41.585,7.20006982,-3.08552455,0.66432136,-14.67760155,4.16423348,-17.00157572,20.39681194,-6.43075048,-4.96617843,-59.97122548,-9.84110377,-14.87263771
41.59,6.72636546,-3.33325439,0.59848028,-14.34926234,4.19760791,-16.71795979,20.6487243,-6.17545071,-5.30963239,-59.13406798,-9.29997605,-14.26722146
41.595,6.2287518,-3.54848344,0.55794408,-14.01291401,4.24720952,-16.38969474,20.84834636,-5.95992969,-5.66318987,-58.22803989,-8.77630024,-13.6206368
41.6,5.72837232,-3.75208291,0.53562207,-13.67047134,4.28591562,-16.07682303,21.02166481,-5.75323846,-6.00440705,-57.25091003,-8.30499975,-12.98881774
41.605,5.22723396,-3.94226949,0.53613322,-13.3233463,4.31453261,-15.77975827,21.16827851,-5.55910621,-6.33941475,-56.20504945,-7.87767738,-12.36868004
41.61,4.7255918,-4.11625607,0.55999766,-12.97305555,4.33243832,-15.50078053,21.29063332,-5.37865192,-6.66164154,-55.09646379,-7.49341127,-11.76807165
41.615,4.2313384,-4.27849439,0.59694045,-12.62291111,4.33505416,-15.25035722,21.39412842,-5.20872946,-6.97569292,-53.92503406,-7.14851193,-11.18574885
41.62,3.73372819,-4.42256495,0.66263893,-12.27033818,4.33545939,-15.01676623,21.47085562,-5.05370584,-7.27340244,-52.69695697,-6.83192182,-10.61651277
41.625,3.24278541,-4.55050847,0.742021,-11.918199,4.32422525,-14.81027968,21.53161468,-4.9116381,-7.55279851,-51.41462029,-6.54699599,-10.07364328
41.63,2.76060737,-4.65972195,0.83531262,-11.56632946,4.30004658,-14.62857607,21.58051765,-4.78329305,-7.80901471,-50.08247757,-6.28982366,-9.56054769
41.635,2.28481427,-4.75148259,0.94448066,-11.21843552,4.27200448,-14.47406251,21.61265717,-4.66810945,-8.04304069,-48.70075115,-6.05143752,-9.06962448
41.64,1.8144107,-4.82439226,1.0675771,-10.87193713,4.2411649,-14.34565867,21.62957234,-4.56817641,-8.253729,-47.27430727,-5.82774869,-8.60520335
41.645,1.35455006,-4.87809257,1.19904143,-10.52874744,4.20190107,-14.24270988,21.63827473,-4.48276431,-8.43706985,-45.80611242,-5.61856246,-8.17383152
41.65,0.91439899,-4.91715463,1.33346703,-10.19059113,4.16187841,-14.17058606,21.64824642,-4.40574225,-8.58861765,-44.29730238,-5.42300243,-7.77281373
41.655,0.48285823,-4.93274643,1.47514725,-9.85740407,4.11762592,-14.11897277,21.64747739,-4.34795708,-8.71009947,-42.75083486,-5.23283091,-7.40843742
41.66,0.06405304,-4.93144912,1.62001277,-9.53114794,4.07557185,-14.09297345,21.64112537,-4.30319631,-8.80276403,-41.16912918,-5.04715196,-7.07878967
41.665,-0.34170203,-4.91133993,1.76678117,-9.2096281,4.03677662,-14.09030088,21.63070731,-4.2734131,-8.86574982,-39.55284643,-4.86431317,-6.78649067
41.67,-0.73493899,-4.87198498,1.91518357,-8.89594588,4.00058148,-14.10901072,21.61515829,-4.25925265,-8.89746904,-37.90528625,-4.6821567,-6.53359038
41.675,-1.07272696,-4.80911837,2.01494306,-8.59194196,3.93368616,-14.09538676,21.64712551,-4.25552625,-8.8640613,-36.23403917,-4.50777636,-6.36924028
41.68,-1.45489778,-4.7485334,2.17997497,-8.2945924,3.92853804,-14.17044033,21.5994967,-4.26666723,-8.8651692,-34.51983189,-4.31014377,-6.16526025
41.685,-1.80136079,-4.64920997,2.3103099,-8.0061977,3.91959242,-14.23463048,21.58377471,-4.30477166,-8.80165118,-32.79080824,-4.12885888,-6.05337763
41.69,-2.14015313,-4.54052717,2.44448971,-7.73137465,3.93034298,-14.32634708,21.55347035,-4.35364116,-8.7228625,-31.03092212,-3.94523491,-5.97471285
41.695,-2.46529512,-4.40989147,2.57052581,-7.46464842,3.95080809,-14.42298284,21.52237869,-4.42562974,-8.61828061,-29.24954572,-3.76815142,-5.9473314
41.7,-2.71404511,-4.24452222,2.62326496,-7.21057553,4.05732265,-14.46734468,21.57513655,-4.51757749,-8.4460922,-27.46479703,-3.62361693,-5.94159767
41.705,-3.0689723,-4.09231835,2.78495887,-6.96831734,4.05735023,-14.61948574,21.46045469,-4.63088804,-8.34699934,-25.62835866,-3.42276464,-6.04426163
41.71,-3.37688071,-3.91442763,2.90033366,-6.73512247,4.12767973,-14.7631902,21.39770797,-4.75816729,-8.19461141,-23.78424495,-3.2952791,-6.13943297
41.715,-3.65762254,-3.71499088,2.98516932,-6.513378,4.21689928,-14.87373866,21.35208787,-4.90990446,-8.02357493,-21.9348081,-3.14346398,-6.28086909
41.72,-3.93405612,-3.49414715,3.0778612,-6.31072199,4.33621443,-14.98674007,21.29469038,-5.08806665,-7.84110135,-20.07828288,-3.01591814,-6.46321095
41.725,-4.21212056,-3.25833421,3.161275,-6.11665668,4.46700111,-15.10098454,21.22469704,-5.28804045,-7.65848214,-18.2179039,-2.90767682,-6.69020987
41.73,-4.48372797,-3.00413621,3.24381491,-5.93853956,4.62417841,-15.20826468,21.15045873,-5.51087893,-7.46953914,-16.36390477,-2.81438042,-6.93727355
41.735,-4.76054909,-2.72913535,3.31975454,-5.77255832,4.79683038,-15.31333181,21.06355201,-5.76148248,-7.28318941,-14.5245668,-2.74516316,-7.22971322
41.74,-5.06513575,-2.46717428,3.37182471,-5.60026024,4.93649707,-15.43273719,20.94664519,-5.99752288,-7.07417393,-12.69408337,-2.73547347,-7.6589835
41.745,-5.3188224,-2.14405027,3.45916198,-5.47875033,5.20032061,-15.51188783,20.87308492,-6.31220028,-6.91103956,-10.92851791,-2.67221722,-7.88107948
41.75,-5.62701351,-1.83434756,3.51188985,-5.34005175,5.3899507,-15.58456895,20.75174223,-6.604923,-6.68544557,-9.18851896,-2.69313565,-8.38492763
41.755,-5.90762107,-1.49094432,3.57839797,-5.23765251,5.65151994,-15.63778497,20.65768847,-6.94468335,-6.50218591,-7.52277888,-2.6835706,-8.73941452
41.76,-6.19570318,-1.13947093,3.64375723,-5.14979237,5.93475049,-15.68110168,20.56241719,-7.29624255,-6.32852484,-5.92396795,-2.69495917,-9.10856755
41.765,-6.48356194,-0.78876307,3.71084581,-5.08333464,6.23371858,-15.71281862,20.4738139,-7.65094058,-6.16241718,-4.40483059,-2.71676424,-9.46044602
41.77,-6.78275593,-0.44674153,3.78515896,-5.03248636,6.54137399,-15.72044096,20.38067739,-7.99747921,-5.9717498,-2.96266024,-2.772068,-9.86054436
41.775,-7.07890397,-0.10862175,3.85599439,-5.00530457,6.86878744,-15.72056932,20.29972711,-8.34374559,-5.80585477,-1.6163971,-2.82748147,-10.21260142
41.78,-7.38772649,0.19337134,3.92688481,-4.99578198,7.21839906,-15.69175752,20.21332445,-8.65148735,-5.60907865,-0.35646214,-2.94869816,-10.64517199
41.785,-7.68863033,0.50185966,4.00933435,-5.008047,7.55957573,-15.65698594,20.14839785,-8.97214131,-5.43919722,0.78650578,-3.0182669,-10.95503404
41.79,-7.99112819,0.79494383,4.07953122,-5.04622533,7.90210333,-15.62023118,20.09069184,-9.27715322,-5.29200069,1.81976642,-3.09772408,-11.24311935
41.795,-8.30275102,1.04536084,4.15559779,-5.10371259,8.25211059,-15.55483483,20.03111692,-9.53815682,-5.1175577,2.74986177,-3.22022145,-11.56508928
41.8,-8.61140352,1.26278328,4.23061695,-5.18481105,8.59991823,-15.48410946,19.98356089,-9.76530777,-4.95165401,3.5642997,-3.35336994,-11.8472642
41.805,-8.92440123,1.43950044,4.30486542,-5.28859893,8.94694001,-15.39028362,19.93801905,-9.94893567,-4.77439363,4.26691338,-3.5137185,-12.12706412
41.81,-9.23369338,1.57799426,4.37688877,-5.4156876,9.28219447,-15.29261817,19.90347206,-10.09273265,-4.6052298,4.85157709,-3.68496382,-12.36259966
41.815,-9.53831889,1.68026795,4.44828837,-5.56711395,9.59618142,-15.19321997,19.87859819,-10.19951892,-4.44788533,5.31876114,-3.86621976,-12.55353021
41.82,-9.84539712,1.7293657,4.51289006,-5.74178318,9.90048882,-15.07195562,19.85549176,-10.24889695,-4.28115691,5.67268514,-4.07965737,-12.72990216
41.825,-10.14334297,1.73404112,4.57237393,-5.94432162,10.17703686,-14.94739516,19.84510221,-10.25039418,-4.12167473,5.90878021,-4.30875348,-12.85741046
41.83,-10.43479316,1.69143163,4.61725373,-6.17237978,10.42681255,-14.81669676,19.84310184,-10.200219,-3.97266394,6.03263158,-4.55963466,-12.94616416
41.835,-10.72011419,1.59876046,4.649226,-6.41956224,10.64225603,-14.67490836,19.85200007,-10.09534814,-3.82599961,6.04735933,-4.82770266,-12.99412724
41.84,-10.98675532,1.46681233,4.67634631,-6.69675725,10.81024142,-14.54110766,19.87837173,-9.94717759,-3.68998822,5.95523496,-5.11739822,-12.9884756
41.845,-11.19605027,1.34794718,4.70711458,-7.00758287,10.88259137,-14.50614844,19.9738002,-9.79761294,-3.50101711,5.74200648,-5.35663266,-12.89544503
41.85,-11.50444512,1.07653845,4.67627808,-7.33529912,11.04491116,-14.19115139,19.94423998,-9.51360689,-3.41208247,5.46272975,-5.71379005,-12.90330453
41.855,-11.71108994,0.8309408,4.67556727,-7.69237861,11.04722221,-14.05858451,20.02812385,-9.23725478,-3.28328212,5.07894882,-6.06775523,-12.77343457
41.86,-11.92269914,0.53653624,4.64042748,-8.08578264,11.03867956,-13.86411838,20.09667477,-8.91277512,-3.16559157,4.60835425,-6.42761666,-12.64262727
41.865,-12.11366225,0.21606645,4.58954207,-8.5102224,10.97541681,-13.65821294,20.18167143,-8.55701739,-3.04702812,4.05702362,-6.7989566,-12.48380638
41.87,-12.28228163,-0.13524832,4.51469337,-8.97062463,10.86046062,-13.43236165,20.278137,-8.16779301,-2.93195411,3.43273943,-7.1817534,-12.30392164
41.875,-12.42891283,-0.5151023,4.41793149,-9.46822237,10.6957135,-13.18081745,20.38375,-7.74813739,-2.82262587,2.74515567,-7.56796259,-12.10954794
41.88,-12.54823045,-0.91381678,4.2997999,-10.00225866,10.46787252,-12.9126622,20.50348808,-7.30680694,-2.71126151,1.99927471,-7.95336714,-11.90380552
41.885,-12.63951992,-1.33256431,4.15784152,-10.57912655,10.18604201,-12.61859324,20.63079129,-6.84493004,-2.60268359,1.20653647,-8.32868686,-11.69459559
41.89,-12.70116844,-1.76553711,3.99651861,-11.19681859,9.84129727,-12.3009606,20.76758109,-6.36796557,-2.49260297,0.3726812,-8.6881905,-11.48586208
41.895,-12.74515472,-2.21984022,3.77470187,-11.86711019,9.5120967,-11.87606269,20.8975636,-5.87040328,-2.39156437,-0.49978509,-9.02020236,-11.28343307
41.9,-12.73467992,-2.66478819,3.58227143,-12.57910861,9.01178952,-11.54071969,21.04816929,-5.38238558,-2.27615982,-1.38580941,-9.3230802,-11.09361831
41.905,-12.6916163,-3.12344088,3.36928137,-13.34428336,8.47628505,-11.1623898,21.19697953,-4.88205323,-2.15884871,-2.29029037,-9.58553613,-10.91462496
41.91,-12.61434957,-3.57964246,3.12694333,-14.16433351,7.88455478,-10.7444354,21.3403725,-4.38821241,-2.03777532,-3.20433396,-9.7979124,-10.75359383
41.915,-12.49948149,-4.04070506,2.86512663,-15.04259569,7.24167026,-10.29467095,21.4773848,-3.89294234,-1.91461788,-4.1198844,-9.95640528,-10.61048627
41.92,-12.34735055,-4.49968586,2.57702151,-15.97826483,6.55010513,-9.80970053,21.60801315,-3.40427803,-1.79382472,-5.03650998,-10.05592086,-10.48936166
41.925,-12.15497384,-4.95085982,2.25749083,-16.97181183,5.83346514,-9.26142303,21.73742737,-2.92724529,-1.67526751,-5.95658709,-10.09571986,-10.39106396
41.93,-11.92376873,-5.39789935,1.95353212,-18.02689625,5.02519558,-8.73430333,21.84168645,-2.46262734,-1.54089553,-6.84853205,-10.06457084,-10.31255312
41.935,-11.65530576,-5.84324409,1.64244982,-19.14629109,4.1420742,-8.23430671,21.91979704,-2.00892536,-1.41128188,-7.71464526,-9.96202497,-10.25447538
41.94,-11.34376142,-6.27884846,1.32481975,-20.32697112,3.22650065,-7.69906459,21.98378309,-1.57143324,-1.27295539,-8.56201744,-9.79289534,-10.21349267
41.945,-10.9887048,-6.70944628,0.99285155,-21.57232691,2.26915427,-7.15424117,22.02581146,-1.15148828,-1.13872897,-9.38283733,-9.55611118,-10.19338063
41.95,-10.59122031,-7.13327019,0.65682968,-22.87903088,1.27385085,-6.61316628,22.04700995,-0.74908246,-1.00639784,-10.17768734,-9.25563281,-10.19087154
41.955,-10.15171811,-7.55143534,0.32017303,-24.24406879,0.24070091,-6.08320287,22.04448785,-0.36372849,-0.87733009,-10.94146377,-8.89266278,-10.20567853
41.96,-9.72856351,-7.920277,0.02961278,-25.65344582,-0.88610464,-5.58612633,21.94949274,-0.04795101,-0.76283003,-11.66197532,-8.47220932,-10.29436158
41.965,-9.15877353,-8.37406824,-0.33409104,-27.14128666,-1.91581748,-5.11765747,21.95039834,0.35906491,-0.62618501,-12.35903494,-8.00878991,-10.28107945
41.97,-8.59163575,-8.77564407,-0.64502591,-28.66727407,-3.01403746,-4.67086124,21.87296735,0.68770057,-0.50341868,-13.01795044,-7.48926317,-10.34017508
41.975,-8.05868869,-9.13935931,-0.92645799,-30.22235722,-4.15180489,-4.24715751,21.69554679,0.96195549,-0.40258529,-13.63583146,-6.93547917,-10.47971439
41.98,-7.35006738,-9.57685903,-1.24493304,-31.84692874,-5.22681213,-3.96127096,21.63610588,1.30528745,-0.30226848,-14.22515894,-6.35687674,-10.49155794
41.985,-6.67048176,-9.96585996,-1.50293522,-33.49179305,-6.318789,-3.69238451,21.47617981,1.58574465,-0.19394935,-14.76263945,-5.74540905,-10.58176252
41.99,-5.95950008,-10.35551216,-1.75094916,-35.15815453,-7.38791543,-3.50003402,21.29200328,1.85575639,-0.10798486,-15.26315415,-5.12114462,-10.68063495
41.995,-5.2163468,-10.7396466,-1.97761514,-36.84328434,-8.42174792,-3.38475411,21.08332521,2.11072756,-0.03204922,-15.72321861,-4.48921262,-10.78604194
42,-4.43668765,-11.1180331,-2.18199485,-38.53972927,-9.40954615,-3.35817111,20.85961773,2.34907701,0.02453063,-16.14881036,-3.8588599,-10.89138927
42.005,-3.63924563,-11.48376275,-2.36027738,-40.23535602,-10.33908173,-3.39991025,20.60330264,2.57271934,0.07798906,-16.52803916,-3.23175384,-11.00705123
42.01,-2.80941195,-11.83707481,-2.5178386,-41.92178268,-11.2066603,-3.53525851,20.33978169,2.77460038,0.09355471,-16.88147087,-2.61780125,-11.12159025
42.015,-1.96759691,-12.18114439,-2.64942666,-43.59002662,-11.99807428,-3.74382978,20.04157204,2.97162086,0.12330489,-17.17990809,-2.02160233,-11.23574097
42.02,-1.11452454,-12.51180386,-2.75664106,-45.22916184,-12.70449075,-4.02633384,19.71600572,3.15892356,0.15548676,-17.43254904,-1.44976709,-11.34841281
42.025,-0.23709676,-12.8144056,-2.84747204,-46.83440364,-13.32776292,-4.39396441,19.39092179,3.3131825,0.13460088,-17.66989757,-0.91238534,-11.45529206
42.03,0.64117917,-13.10043339,-2.91697901,-48.39291824,-13.85263798,-4.82075622,19.03180488,3.46455171,0.1382867,-17.84851514,-0.4013592,-11.55534225
42.035,1.53090772,-13.35635748,-2.96871334,-49.89716602,-14.28416407,-5.31267207,18.66421594,3.58891089,0.11363581,-18.0012641,0.0719973,-11.64794407
42.04,2.42345319,-13.58467099,-3.00638868,-51.3405896,-14.61546065,-5.8567178,18.28027184,3.69521471,0.08267436,-18.11835629,0.50622163,-11.72832513
42.045,3.31080322,-13.78747531,-3.03980203,-52.71487331,-14.84030778,-6.44024249,17.87582857,3.78794936,0.05596274,-18.19688018,0.9002948,-11.79789833
42.05,4.19818967,-13.95709926,-3.06362036,-54.0130681,-14.96683685,-7.06553158,17.46146613,3.85905431,0.01686873,-18.24382696,1.25723697,-11.85593047
42.055,5.07890002,-14.09202347,-3.08464915,-55.22919932,-14.9904303,-7.71299444,17.03497564,3.90857304,-0.02506276,-18.26084526,1.57304636,-11.89977361
42.06,5.95731642,-14.19312523,-3.10065028,-56.35840002,-14.92172834,-8.38665195,16.60353975,3.93718174,-0.07490493,-18.24858123,1.84930149,-11.92596773
42.065,6.83093951,-14.25704797,-3.11757646,-57.39262316,-14.76730763,-9.06703479,16.16700292,3.94001252,-0.13169319,-18.20730619,2.08535742,-11.93201574
42.07,7.67955098,-14.29470594,-3.15314021,-58.32986729,-14.50723557,-9.73800244,15.71812486,3.93087622,-0.17798004,-18.14516358,2.28358867,-11.92749288
42.075,8.52839491,-14.29097489,-3.18361794,-59.16323601,-14.18262185,-10.40736125,15.27266862,3.89275873,-0.23589136,-18.05318808,2.44804945,-11.89963859
42.08,9.26683133,-14.25781287,-3.27406668,-59.87665235,-13.68332241,-10.95130553,14.75130918,3.83734774,-0.25289551,-17.93572349,2.55815755,-11.91180352
42.085,10.13673889,-14.21678539,-3.32480553,-60.51038715,-13.27218402,-11.6600704,14.35351937,3.78346251,-0.30369819,-17.81537445,2.66280867,-11.81763924
42.09,10.93452908,-14.11571919,-3.39834887,-61.01386906,-12.74704569,-12.23747107,13.90868584,3.68098602,-0.36072836,-17.66139527,2.74031447,-11.73813983
42.095,11.63810447,-14.01308478,-3.50753703,-61.40591234,-12.13621755,-12.73065604,13.40185283,3.58450537,-0.39246818,-17.49754437,2.74840429,-11.70479638
42.1,12.4391922,-13.86092782,-3.62116213,-61.69288321,-11.53836992,-13.25069921,13.01537635,3.45020513,-0.42194244,-17.33392027,2.79762303,-11.55902531
42.105,13.1088053,-13.72332453,-3.74719984,-61.85952475,-10.89192447,-13.68837403,12.51698684,3.33555164,-0.45458924,-17.13470899,2.75423804,-11.5048575
42.11,13.83615647,-13.51909477,-3.90993589,-61.91650266,-10.21945298,-14.04593581,12.12573672,3.16358048,-0.45204611,-16.95886007,2.76688785,-11.34449379
42.115,14.46935054,-13.35466973,-4.06232205,-61.86319206,-9.56873897,-14.4151813,11.64521414,3.03443007,-0.47474483,-16.73889493,2.68263629,-11.27045652
42.12,15.11205367,-13.11173066,-4.27236714,-61.68408753,-8.87946975,-14.63432078,11.24070227,2.83612317,-0.42702797,-16.53956127,2.6440829,-11.1266255
42.125,15.71138486,-12.89283489,-4.48122677,-61.40314286,-8.22576953,-14.84132681,10.81106349,2.66083246,-0.40483369,-16.32127261,2.5736728,-11.00152159
42.13,16.27701437,-12.65952716,-4.70151649,-61.01375692,-7.5980748,-14.99501352,10.38253984,2.47678811,-0.3674462,-16.09818354,2.48751834,-10.8853908
42.135,16.8092966,-12.41993361,-4.93489048,-60.51957714,-7.00176949,-15.10016873,9.95655673,2.28890123,-0.31899421,-15.87064689,2.39375644,-10.77520723
42.14,17.30715561,-12.17191929,-5.18268147,-59.92318027,-6.44039533,-15.15638812,9.53339641,2.09552904,-0.25116571,-15.64085643,2.29365383,-10.67159497
42.145,17.76895865,-11.92093525,-5.428534,-59.23071845,-5.92585678,-15.17490135,9.10661858,1.90586616,-0.15764739,-15.40738164,2.19719045,-10.5788992
42.15,18.20242601,-11.67248667,-5.68925241,-58.44224437,-5.46368629,-15.18371437,8.68618694,1.71466913,-0.08336514,-15.16830439,2.06962796,-10.50278349
42.155,18.59812262,-11.42062986,-5.94778536,-57.56253412,-5.05132188,-15.15941836,8.26284093,1.52759448,0.03024833,-14.92905144,1.95269525,-10.439816
42.16,18.95339999,-11.16270084,-6.20772403,-56.59657762,-4.68900774,-15.11513878,7.83460685,1.33939115,0.17719448,-14.68887041,1.84240321,-10.39629776
42.165,19.28809222,-10.9185391,-6.46677452,-55.54822965,-4.38112856,-15.08152114,7.4157351,1.1609842,0.28730746,-14.44788257,1.70495147,-10.36938271
42.17,19.57895182,-10.6665492,-6.71701961,-54.42188333,-4.12423846,-15.03966614,6.98554752,0.98466687,0.45679399,-14.20467448,1.5898753,-10.36867976
42.175,19.84995894,-10.42200067,-6.95992527,-53.21958672,-3.91498891,-15.00783382,6.56480201,0.81539821,0.60644949,-13.96099412,1.45704007,-10.38480998
42.18,20.09065453,-10.18242614,-7.18653543,-51.94869696,-3.74964126,-14.9906535,6.14123742,0.65643569,0.7750965,-13.71722084,1.33239446,-10.42476205
42.185,20.31135832,-9.94675136,-7.39626274,-50.61201295,-3.61946743,-14.98866273,5.72407647,0.50474869,0.93871689,-13.47278485,1.20247536,-10.48307019
42.19,20.498329,-9.71590825,-7.58660742,-49.21195344,-3.5256598,-15.00996407,5.30178004,0.36363612,1.12765208,-13.23164834,1.08553993,-10.57179049
42.195,20.6714349,-9.4917444,-7.75064592,-47.75309706,-3.45259922,-15.05050585,4.88883878,0.23275733,1.30348061,-12.99280324,0.96233558,-10.67487552
42.2,20.82612524,-9.27468168,-7.88741265,-46.23865437,-3.39789747,-15.1139615,4.48181483,0.1137112,1.4820034,-12.75669669,0.84604712,-10.79736022
42.205,20.96054794,-9.06558453,-7.99907231,-44.67069002,-3.35936837,-15.20130664,4.07920836,0.00567223,1.66710762,-12.52293197,0.74120092,-10.94322293
42.21,21.07198735,-8.86531045,-8.07991299,-43.05086266,-3.32811446,-15.31684897,3.67887103,-0.0899136,1.85185823,-12.29795293,0.64167851,-11.11328338
42.215,21.18123779,-8.67299562,-8.12091485,-41.38287128,-3.28795011,-15.44401208,3.29748279,-0.17312323,2.02377638,-12.07660351,0.54368357,-11.28245918
42.22,21.27093925,-8.49067003,-8.13114597,-39.66744751,-3.2464793,-15.59749803,2.92214616,-0.24559051,2.19832137,-11.86273704,0.45709966,-11.47148849
42.225,21.34533785,-8.32455217,-8.10081605,-37.90795276,-3.19542274,-15.77069319,2.55446775,-0.29916881,2.36581474,-11.65727407,0.383961,-11.67445327
42.23,21.40627947,-8.17212802,-8.0346743,-36.10467832,-3.13493242,-15.95870486,2.1980652,-0.33928555,2.53282474,-11.45909857,0.32216958,-11.8865504
42.235,21.45766974,-8.03842521,-7.92257443,-34.26364873,-3.05403898,-16.16053629,1.85429773,-0.36097721,2.68670019,-11.27174431,0.27337031,-12.10244425
42.24,21.49032442,-7.92829867,-7.76838114,-32.38308552,-2.96987176,-16.37391973,1.51584866,-0.36071891,2.84105266,-11.09365961,0.243319,-12.33066224
42.245,21.51590562,-7.83628981,-7.57498697,-30.46551712,-2.85689123,-16.59360185,1.19604271,-0.34692942,2.98449911,-10.92602176,0.22165477,-12.5478374
42.25,21.52696333,-7.77283153,-7.33866214,-28.51529889,-2.72787872,-16.82237559,0.88481023,-0.31011864,3.12102295,-10.76868402,0.21904844,-12.76275945
42.255,21.51904406,-7.74260016,-7.05558731,-26.53462933,-2.6006038,-17.05234239,0.5801216,-0.2466566,3.25811191,-10.62518267,0.2341384,-12.97972917
42.26,21.50331505,-7.74962732,-6.73472766,-24.53097481,-2.45211226,-17.27675797,0.28900862,-0.15610556,3.38164284,-10.49146021,0.27174402,-13.17928463
42.265,21.46737249,-7.79769234,-6.37397709,-22.50802563,-2.30929594,-17.50018599,8.714e-05,-0.0357321,3.50925964,-10.3719906,0.32591106,-13.37406919
42.27,21.46908162,-7.87931826,-5.94841918,-20.48862341,-2.10063326,-17.62000355,-0.23631764,0.10917421,3.58376443,-10.28016304,0.4436953,-13.49652997
42.275,21.36615962,-8.03493184,-5.55683543,-18.44073191,-2.01225492,-17.89363223,-0.54896937,0.29928378,3.74892804,-10.17246861,0.50885062,-13.70041056
42.28,21.29238392,-8.21730501,-5.10846312,-16.41021261,-1.88053428,-18.0646234,-0.82077483,0.50468677,3.86788319,-10.09021964,0.62604048,-13.85327951
42.285,21.2300664,-8.43891672,-4.62961674,-14.40725331,-1.73364255,-18.15556562,-1.06802496,0.73152037,3.96550896,-10.03177347,0.79490751,-13.96680349
42.29,21.11043849,-8.75338508,-4.1807234,-12.43167454,-1.64582524,-18.32828535,-1.36537899,1.02228167,4.11992308,-9.96367728,0.92218066,-14.08831008
42.295,21.02355264,-9.07431068,-3.6944615,-10.51356529,-1.54550766,-18.35739859,-1.62295243,1.30763631,4.22503621,-9.93433776,1.13744017,-14.18240086
42.3,20.91680156,-9.47310717,-3.23516021,-8.66522478,-1.46045746,-18.40038322,-1.90384563,1.64203629,4.36533362,-9.90141608,1.33985241,-14.24866231
42.305,20.80493768,-9.90391229,-2.78826908,-6.89482165,-1.3903037,-18.40403949,-2.19464744,1.99037844,4.50470331,-9.88048126,1.55315819,-14.30126659
42.31,20.67737731,-10.37375173,-2.36527568,-5.21698872,-1.30814471,-18.39985765,-2.5130939,2.35819813,4.65938053,-9.85933169,1.7446522,-14.32685159
42.315,20.56622845,-10.85199932,-1.95824971,-3.64253078,-1.25156388,-18.30517412,-2.82182443,2.72062575,4.80114718,-9.86573176,1.98716739,-14.33281768
42.32,20.46272247,-11.33979506,-1.5837736,-2.17997412,-1.19588572,-18.15922228,-3.13480886,3.07810891,4.9450764,-9.88624309,2.2434238,-14.30353976
42.325,20.36385437,-11.82529902,-1.24067663,-0.83466883,-1.14402728,-17.96586785,-3.45440583,3.4222299,5.08875581,-9.92332876,2.50951892,-14.24084698
42.33,20.26549898,-12.29393759,-0.93197319,0.38739896,-1.09170486,-17.71907646,-3.78480389,3.7409143,5.22780621,-9.97760826,2.7840875,-14.13904788
42.335,20.17976528,-12.73775667,-0.65684913,1.48023898,-1.05907735,-17.44265572,-4.11559146,4.02932055,5.36623217,-10.04897803,3.06559242,-14.01115413
42.34,20.07484078,-13.12911865,-0.42782578,2.44454656,-1.00689141,-17.06393656,-4.47254681,4.26205096,5.47342109,-10.14311539,3.37410658,-13.80659103
42.345,20.01615391,-13.50370401,-0.20143181,3.27592374,-1.01980549,-16.77709056,-4.79324152,4.47870923,5.61608577,-10.25664373,3.63594302,-13.64401817
42.35,19.95049392,-13.82168244,-0.00623067,3.97246964,-1.03366381,-16.43303017,-5.12901546,4.64247292,5.73417654,-10.3950497,3.90450181,-13.42593205
42.355,19.88774799,-14.07752923,0.15973788,4.53358283,-1.06229539,-16.06071933,-5.46629318,4.74906748,5.83435458,-10.56104236,4.16803449,-13.17027005
42.36,19.83044213,-14.26522169,0.30147434,4.96156139,-1.11286514,-15.66808429,-5.80275432,4.79585676,5.9146692,-10.75329175,4.42260782,-12.88294182
42.365,19.77544771,-14.36386576,0.41687117,5.25637137,-1.17215111,-15.25576805,-6.14007241,4.76640611,5.94888672,-10.9756203,4.66844811,-12.56032465
42.37,19.75138325,-14.43452739,0.53186345,5.41466609,-1.28684234,-14.89164157,-6.44802643,4.71848127,6.01225819,-11.234348,4.84807589,-12.26036498
42.375,19.73555105,-14.40671247,0.63032134,5.44305816,-1.41808942,-14.51251609,-6.74924393,4.58989231,6.0232493,-11.52746354,5.00938049,-11.94217611
42.38,19.74153575,-14.32287614,0.72403512,5.33924327,-1.57587655,-14.15816192,-7.0302775,4.42052261,6.02336075,-11.85681627,5.11495439,-11.63138993
42.385,19.75996494,-14.17639754,0.8153554,5.11760901,-1.75095227,-13.81643165,-7.28978954,4.20490245,6.00088533,-12.23480041,5.17413589,-11.3192204
42.39,19.79906085,-13.97157545,0.8982028,4.76747882,-1.94953766,-13.48856952,-7.5299628,3.9468351,5.95874832,-12.65297011,5.18275076,-11.00757242
42.395,19.85397012,-13.71097272,0.97391989,4.29978926,-2.16900059,-13.17081905,-7.74796111,3.65166826,5.88823989,-13.1221976,5.14260975,-10.6911803
42.4,19.92605528,-13.39901605,1.04391432,3.722346,-2.40736851,-12.86779915,-7.94190849,3.32167865,5.79032744,-13.63966033,5.04724162,-10.37435318
42.405,20.01493036,-13.03824778,1.1155994,3.04118298,-2.66429371,-12.58311006,-8.10430697,2.96063209,5.66585862,-14.21850018,4.88599221,-10.06219833
42.41,20.1239296,-12.63882044,1.18689991,2.26287316,-2.93636556,-12.32382053,-8.23620958,2.57682636,5.51576266,-14.84915519,4.65042683,-9.76257553
42.415,20.24393588,-12.20152438,1.26038586,1.39753255,-3.21240459,-12.09028916,-8.33805983,2.17094966,5.33053273,-15.54235661,4.35416382,-9.44832428
42.42,20.3810442,-11.7368613,1.34301928,0.45458628,-3.49311202,-11.89353034,-8.39959473,1.75072718,5.12877408,-16.29805237,3.96616819,-9.15973066
42.425,20.52947944,-11.25320515,1.43297634,-0.55739558,-3.76955271,-11.73578154,-8.42473482,1.3247422,4.90248364,-17.11792326,3.49670733,-8.88187747
42.43,20.68460521,-10.75286801,1.53886554,-1.62637761,-4.03626735,-11.6240397,-8.41190897,0.89144865,4.65345601,-18.00341237,2.95454095,-8.60706946
42.435,20.8441554,-10.24193116,1.66210309,-2.74042757,-4.28940497,-11.5629672,-8.35732037,0.45679816,4.38336222,-18.95793088,2.32587795,-8.34302809
42.44,21.00349818,-9.7253393,1.80176086,-3.88876518,-4.52242256,-11.55336944,-8.26083356,0.02219487,4.09453216,-19.9783649,1.60436875,-8.09627793
42.445,21.17410811,-9.21198148,2.00707198,-5.06219199,-4.7519876,-11.68595263,-8.11086771,-0.3955961,3.77811662,-21.06923806,0.8091259,-7.81345526
42.45,21.30745355,-8.69486732,2.16240879,-6.23817258,-4.92133336,-11.73602314,-7.93288073,-0.82952637,3.47159694,-22.22595929,-0.10121612,-7.63526877
42.455,21.4360919,-8.18081021,2.3686082,-7.41401865,-5.06551201,-11.89512878,-7.704012,-1.25461926,3.14251472,-23.45032074,-1.09992708,-7.45126088
42.46,21.54572064,-7.67281022,2.60134604,-8.57694746,-5.17563753,-12.1200299,-7.42927374,-1.67638185,2.81073156,-24.73877769,-2.18930761,-7.28375614
42.465,21.64015081,-7.16871657,2.85186512,-9.73370716,-5.25083619,-12.41112538,-7.11545961,-2.09617147,2.48090823,-26.07628335,-3.36840203,-7.14150861
42.47,21.70007245,-6.67146169,3.11167906,-10.84501635,-5.27910738,-12.75658899,-6.75103462,-2.52063471,2.1418186,-27.48405012,-4.64082956,-7.02802728
42.475,21.7391853,-6.19644866,3.40946581,-11.91747277,-5.27862525,-13.23910251,-6.33203384,-2.92838234,1.83097293,-28.9469355,-5.99225376,-6.97043495
42.48,21.71274775,-5.7022118,3.64161322,-12.94419229,-5.19097492,-13.56863527,-5.90479898,-3.38550256,1.5028807,-30.4501092,-7.39702784,-6.87467593
42.485,21.66391353,-5.2139837,3.90879653,-13.91506156,-5.07829442,-14.02519466,-5.42123295,-3.84200761,1.20036686,-31.99735622,-8.88630238,-6.85997997
42.49,21.58391442,-4.75114579,4.18400857,-14.82877574,-4.93314487,-14.60406,-4.88887527,-4.28465013,0.94311541,-33.58327312,-10.41426358,-6.92752587
42.495,21.45189197,-4.27330046,4.42783164,-15.67783179,-4.7257843,-15.09754326,-4.33379307,-4.76662022,0.69224043,-35.19607556,-11.96522563,-6.968043
42.5,21.27932568,-3.79599919,4.62562622,-16.47411139,-4.46247466,-15.53843975,-3.75891282,-5.27466857,0.43175952,-36.82245082,-13.53081485,-6.97251058
42.505,21.08095921,-3.34470204,4.83492768,-17.19453233,-4.18983603,-16.1590292,-3.12227385,-5.76081602,0.26593075,-38.47224529,-15.10349639,-7.17267064
42.51,20.83422785,-2.87567712,5.00820163,-17.84852354,-3.85666788,-16.61794141,-2.47978454,-6.29022441,0.07772067,-40.11879044,-16.64215331,-7.24019809
42.515,20.5624395,-2.44462807,5.14634173,-18.43917581,-3.50608488,-17.20838767,-1.78999136,-6.79069385,-0.02069869,-41.76853955,-18.12939784,-7.47667405
42.52,20.25538391,-2.01750542,5.25819912,-18.96725086,-3.12262138,-17.72835287,-1.08535714,-7.3032939,-0.11106936,-43.40186256,-19.55227207,-7.66769898
42.525,19.91212943,-1.5899909,5.35269393,-19.42257596,-2.71576397,-18.15559443,-0.37133804,-7.82457006,-0.19508205,-45.00892584,-20.897846,-7.79951719
42.53,19.55073303,-1.21268887,5.37739074,-19.81760138,-2.2935624,-18.68177451,0.38819325,-8.30451882,-0.18252689,-46.59951771,-22.12708544,-8.08887089
42.535,19.16023219,-0.84364042,5.39181237,-20.14428385,-1.86695456,-19.12392692,1.15589783,-8.77743418,-0.16261914,-48.14965795,-23.25320548,-8.32999559
42.54,18.74625609,-0.50666526,5.3742006,-20.41103839,-1.42637577,-19.52759551,1.93606068,-9.21834463,-0.11110581,-49.65649458,-24.24260411,-8.56365663
42.545,18.30281125,-0.18442646,5.357208,-20.61259983,-0.98207617,-19.85933169,2.71379432,-9.64047336,-0.05901287,-51.10469464,-25.1107534,-8.7511182
42.55,17.85389059,0.08228071,5.26595446,-20.77099187,-0.54438629,-20.1939891,3.52030252,-10.01019613,0.04638485,-52.51045531,-25.81391224,-9.00325739
42.555,17.39421121,0.31315807,5.1409839,-20.87567663,-0.1242666,-20.47998067,4.33829414,-10.33445636,0.17627025,-53.85373585,-26.36843067,-9.25363834
42.56,16.91880832,0.51092478,5.00311584,-20.92279186,0.2874811,-20.70883236,5.15815777,-10.61504682,0.31339912,-55.12844045,-26.77687643,-9.48137841
42.565,16.42217284,0.66810865,4.86427471,-20.90913849,0.6939194,-20.89241277,5.96971931,-10.84146148,0.44977511,-56.32521162,-27.02980549,-9.68499032
42.57,15.9304793,0.78341594,4.67093688,-20.86304215,1.06568316,-21.01638688,6.79163,-11.018269,0.5971324,-57.45294666,-27.12612983,-9.88977774
42.575,15.44016736,0.85073161,4.45321167,-20.78554779,1.41464362,-21.08334502,7.61155162,-11.13715458,0.73470053,-58.50065043,-27.07365452,-10.06688611
42.58,14.94138081,0.87223488,4.2347832,-20.66603203,1.73618401,-21.09942394,8.41642235,-11.19744692,0.84896637,-59.4584016,-26.87875054,-10.21543247
42.585,14.44339899,0.85541039,4.00316887,-20.51703987,2.02794407,-21.06309113,9.20985606,-11.20661411,0.94507136,-60.32964501,-26.55214223,-10.33875261
42.59,13.96264281,0.79929667,3.72221188,-20.33495919,2.32264451,-20.93441289,10.01864092,-11.17190256,1.04470473,-61.11176386,-26.13666728,-10.37660602
42.595,13.45493659,0.70707297,3.51779491,-20.13288394,2.53132084,-20.83238551,10.75730074,-11.08075545,1.05959353,-61.79292625,-25.56121448,-10.48461978
42.6,12.96559932,0.57712585,3.23170118,-19.88741386,2.76740939,-20.6304043,11.5122259,-10.95770723,1.0770347,-62.37352391,-24.89805264,-10.47435313
42.605,12.49035348,0.41719595,2.9688635,-19.6482882,2.97924805,-20.37520147,12.2501117,-10.78782917,1.07107483,-62.87119135,-24.15068598,-10.42714992
42.61,12.00129137,0.22517911,2.72493546,-19.37480089,3.12780479,-20.1281333,12.93615628,-10.58648859,0.98836981,-63.25140682,-23.31450948,-10.40237013
42.615,11.52700868,0.00781064,2.48532401,-19.09579235,3.27053042,-19.81443931,13.61156758,-10.35063467,0.89401815,-63.54196898,-22.41232857,-10.3065326
42.62,11.05168237,-0.23555733,2.2591459,-18.80104622,3.37108251,-19.4999244,14.24549644,-10.09160276,0.73816613,-63.72292742,-21.46272801,-10.20965776
42.625,10.58411224,-0.49608195,2.05104578,-18.49728102,3.45229391,-19.1444604,14.85670298,-9.81235497,0.55640398,-63.80735668,-20.48241195,-10.07146324
42.63,10.12043663,-0.77812916,1.86087993,-18.18702981,3.50590713,-18.78753684,15.42919149,-9.51467191,0.32362155,-63.78625804,-19.47833115,-9.91781475
42.635,9.66091839,-1.07065856,1.69739682,-17.87036443,3.54314875,-18.40063157,15.97070635,-9.20614024,0.06032029,-63.66753877,-18.4690273,-9.73314418
42.64,9.20634519,-1.37734205,1.55952065,-17.55099425,3.55645033,-18.02085062,16.47675897,-8.88696819,-0.24207723,-63.44860466,-17.47078198,-9.53989795
42.645,8.75705972,-1.69054056,1.45942553,-17.22918633,3.53782258,-17.68312499,16.94689232,-8.56541898,-0.58777579,-63.13164654,-16.48816819,-9.38075446
42.65,8.31271653,-2.01071496,1.3769777,-16.90860027,3.51424878,-17.30062978,17.38300592,-8.24277549,-0.95788075,-62.72073423,-15.53946306,-9.16416451
42.655,7.87068157,-2.33128026,1.32504659,-16.59271318,3.48974236,-16.9233351,17.78191648,-7.92448256,-1.35527887,-62.21710227,-14.6437276,-8.93751579
42.66,7.42969377,-2.65135513,1.3020106,-16.27571434,3.44811619,-16.55572079,18.14668394,-7.60917521,-1.76927928,-61.62610895,-13.80447866,-8.72242799
42.665,6.98016275,-2.9629299,1.30435831,-15.95985669,3.40376446,-16.16442672,18.46704985,-7.30961602,-2.20315753,-60.95102775,-13.04078856,-8.50061292
42.67,6.55335602,-3.2782355,1.3439862,-15.64997001,3.33397799,-15.88105782,18.77502973,-7.0046667,-2.64795523,-60.19282573,-12.31532787,-8.33624426
42.675,6.11845642,-3.58092819,1.42406012,-15.34286931,3.26451235,-15.57776563,19.03686382,-6.71784126,-3.10969865,-59.35457063,-11.66916457,-8.16312587
42.68,5.67932447,-3.87248158,1.53185114,-15.03649439,3.18609657,-15.29306242,19.26504048,-6.44230138,-3.56951093,-58.44183644,-11.09667926,-8.01759757
42.685,5.25088359,-4.15453221,1.65056069,-14.74178345,3.10437579,-15.06037496,19.47048419,-6.18220405,-4.0388281,-57.45852404,-10.58225623,-7.90076025
42.69,4.81835526,-4.41962259,1.80474861,-14.44645379,3.0202576,-14.84799427,19.64408845,-5.93706945,-4.5000996,-56.40778623,-10.14050711,-7.80938172
42.695,4.39101669,-4.66732756,1.97208811,-14.15771225,2.93032731,-14.67271502,19.79681661,-5.70750645,-4.94943957,-55.29473697,-9.7571609,-7.74973273
42.7,3.96021822,-4.8970887,2.16878154,-13.87109914,2.84182637,-14.52478084,19.92121645,-5.49349346,-5.38623658,-54.12177844,-9.43686719,-7.71833994
42.705,3.53132753,-5.10758012,2.37754683,-13.58965199,2.7542446,-14.41311412,20.02399926,-5.2963222,-5.80729508,-52.89294273,-9.16875303,-7.71747472
42.71,3.10797663,-5.29665823,2.59431618,-13.31255568,2.66555414,-14.33595399,20.11285172,-5.1155557,-6.2038897,-51.61294882,-8.94291171,-7.74678723
42.715,2.68483685,-5.46021539,2.81867253,-13.03990451,2.58098145,-14.29121488,20.1834182,-4.95635732,-6.57799023,-50.28579825,-8.76153424,-7.80562637
42.72,2.2667498,-5.60312637,3.04846674,-12.77279639,2.49989519,-14.27940843,20.24105377,-4.81175965,-6.92430395,-48.91237741,-8.6103525,-7.89104726
42.725,1.85200716,-5.72263044,3.27996562,-12.50967023,2.42667861,-14.30005995,20.28648388,-4.6843012,-7.24177545,-47.49679394,-8.48749222,-8.00232467
42.73,1.4420437,-5.81538055,3.50685753,-12.25260096,2.35890211,-14.34813685,20.32301938,-4.57669248,-7.52678033,-46.04262748,-8.38500908,-8.13882438
42.735,1.03739482,-5.88310894,3.72871329,-12.0004149,2.29924453,-14.42219744,20.35268312,-4.48652694,-7.77775464,-44.55200566,-8.29626942,-8.2977901
42.74,0.6367547,-5.92596654,3.94180201,-11.75347485,2.24990823,-14.521881,20.37434804,-4.41475344,-7.99758179,-43.02681038,-8.21791288,-8.47811593
42.745,0.24122202,-5.94254994,4.14463992,-11.51240464,2.21381868,-14.64430804,20.39058869,-4.3605787,-8.17959735,-41.4690846,-8.14665371,-8.67552286
42.75,-0.14921975,-5.93460036,4.33402204,-11.27624308,2.18578931,-14.78366075,20.40123829,-4.32504959,-8.33069864,-39.88060533,-8.07034749,-8.89258435
42.755,-0.53225944,-5.90070926,4.50621465,-11.0483339,2.17364651,-14.93643696,20.41041699,-4.30755649,-8.44747382,-38.26397811,-7.98847871,-9.12037646
42.76,-0.91307914,-5.84206787,4.66673627,-10.82510561,2.17590348,-15.10706328,20.41093815,-4.30757559,-8.52879477,-36.6171396,-7.90420815,-9.36417259
42.765,-1.28632768,-5.7577654,4.80551648,-10.61058042,2.19460228,-15.28325423,20.41018512,-4.32668289,-8.57873744,-34.9449382,-7.8050685,-9.61357382
42.77,-1.65470107,-5.64999472,4.9261948,-10.40356749,2.2302297,-15.46512946,20.40418234,-4.36386595,-8.60107031,-33.2459359,-7.6945044,-9.86876233
42.775,-2.02084218,-5.52040438,5.02511631,-10.20343105,2.2788322,-15.65122703,20.38907519,-4.41952676,-8.60342098,-31.51922574,-7.57670029,-10.12401431
42.78,-2.32785605,-5.3583304,5.11136054,-10.0291658,2.39894975,-15.79083414,20.42256631,-4.50211629,-8.57175863,-29.78484508,-7.36833103,-10.34549865
42.785,-2.69355469,-5.17798662,5.19318844,-9.84867834,2.49842202,-15.98245352,20.38346123,-4.59956997,-8.52467942,-28.01011921,-7.21914542,-10.62789457
42.79,-3.04706103,-4.9832993,5.24882574,-9.67608589,2.60943898,-16.16022434,20.34538884,-4.70777347,-8.45787003,-26.21015072,-7.06458924,-10.87341849
42.795,-3.3843923,-4.76226907,5.29199091,-9.51683311,2.75421148,-16.32179316,20.31000921,-4.84144311,-8.37579373,-24.39252521,-6.88615079,-11.09951789
42.8,-3.77657434,-4.52731188,5.29135042,-9.34556553,2.85351009,-16.49240855,20.21409166,-4.98117313,-8.26345077,-22.54171862,-6.75379986,-11.34658701
42.805,-4.11383911,-4.26100524,5.30930223,-9.20757849,3.04417802,-16.63245749,20.15312248,-5.15815861,-8.15661885,-20.69143213,-6.55503565,-11.55161986
42.81,-4.4039771,-3.97952492,5.35117315,-9.09801846,3.2930247,-16.7555415,20.11653083,-5.35822918,-8.06607596,-18.83477885,-6.34133545,-11.70662931
42.815,-4.81068737,-3.67477828,5.31826743,-8.95722276,3.46299331,-16.86400815,19.9723832,-5.56525765,-7.908849,-16.95611314,-6.1757019,-11.91155438
42.82,-5.13044895,-3.32951294,5.3141932,-8.85881623,3.73042729,-16.94995413,19.89297232,-5.82856205,-7.78993429,-15.10220248,-5.97581635,-12.04762635
42.825,-5.42235528,-2.97348539,5.34569373,-8.78739524,4.04583402,-17.03902158,19.8209053,-6.10930993,-7.68295144,-13.25863008,-5.799427,-12.13460796
42.83,-5.80013626,-2.58214558,5.30199252,-8.68996394,4.30823649,-17.06434429,19.68190571,-6.41507268,-7.51665757,-11.44143892,-5.6008553,-12.24392565
42.835,-6.13387237,-2.17890061,5.298908,-8.62991047,4.6380697,-17.09171647,19.56718309,-6.74544656,-7.37744521,-9.66263274,-5.43073345,-12.29815933
42.84,-6.42562425,-1.76355371,5.33519437,-8.60125824,5.01442554,-17.13429123,19.48053133,-7.09939838,-7.26190446,-7.9328834,-5.29941288,-12.30546119
42.845,-6.776202,-1.31422659,5.30770203,-8.55911174,5.35366866,-17.08518055,19.35883814,-7.48262842,-7.09051688,-6.27522386,-5.10415666,-12.32063499
42.85,-7.06593939,-0.88315559,5.35684288,-8.56622314,5.76976254,-17.09696679,19.27415142,-7.86388818,-6.96388266,-4.67725803,-5.01021941,-12.27769344
42.855,-7.41834252,-0.41721234,5.33419844,-8.5523228,6.15328807,-16.97449642,19.16213492,-8.27730373,-6.77279266,-3.17689634,-4.82284163,-12.24790914
42.86,-7.72373442,0.02685268,5.35748083,-8.58188699,6.57991096,-16.89183943,19.08305471,-8.68365194,-6.61427678,-1.75975294,-4.71333837,-12.18755338
42.865,-8.02234795,0.46290775,5.38968275,-8.63095518,7.01475308,-16.78798433,19.01733731,-9.09029226,-6.44621085,-0.44274399,-4.61678301,-12.11929679
42.87,-8.31553722,0.88292221,5.42776993,-8.7010039,7.46185644,-16.65576279,18.96368285,-9.48917702,-6.26705844,0.76822538,-4.53797387,-12.04588214
42.875,-8.5975385,1.27970616,5.47337024,-8.79446817,7.91046898,-16.51229952,18.92606573,-9.87456584,-6.08667227,1.86762044,-4.48459029,-11.97376604
42.88,-8.87011449,1.6484195,5.52661302,-8.91190658,8.35756016,-16.35520521,18.90310462,-10.24090419,-5.90252659,2.85037806,-4.45597797,-11.90540561
42.885,-9.13514936,1.98242588,5.58341423,-9.05288109,8.80833831,-16.16854371,18.89330949,-10.58105519,-5.70848615,3.71291585,-4.45154539,-11.845142
42.89,-9.38851912,2.27767681,5.64722578,-9.21952909,9.24158085,-15.98431656,18.89812735,-10.89088747,-5.51745516,4.4540494,-4.47811741,-11.79253621
42.895,-9.63189758,2.53025022,5.71512704,-9.41231716,9.66131087,-15.78462483,18.91651111,-11.16616769,-5.32189592,5.06959467,-4.53269999,-11.75101326
42.9,-9.86512484,2.73658921,5.78490046,-9.63159625,10.06299808,-15.57249656,18.94713382,-11.4013142,-5.12400382,5.56106967,-4.61843541,-11.72186104
42.905,-10.08581435,2.89080124,5.85521785,-9.88075445,10.44286039,-15.3492122,18.9914186,-11.58901136,-4.92391656,5.92700198,-4.73830347,-11.70548427
42.91,-10.29116824,3.00332647,5.91312317,-10.16171143,10.76956445,-15.20413916,19.04914521,-11.73718847,-4.74384333,6.17155362,-4.89568812,-11.67221902
42.915,-10.48817335,3.04909124,5.98664992,-10.47146821,11.10045091,-14.8844198,19.11759403,-11.83204595,-4.53180625,6.27964489,-5.08020815,-11.71637945
42.92,-10.66944676,3.04975047,6.04204988,-10.80946368,11.36553076,-14.66559453,19.20056418,-11.87451242,-4.33646354,6.27694444,-5.31002354,-11.72889619
42.925,-10.83188916,2.99687582,6.09380321,-11.18278417,11.57740511,-14.45242518,19.29232495,-11.86676826,-4.13455006,6.16741817,-5.57237458,-11.74887068
42.93,-10.97863993,2.88708716,6.12044923,-11.59081127,11.73636277,-14.21692382,19.40601204,-11.79790308,-3.94321561,5.92446356,-5.86190147,-11.80313282
42.935,-11.10881467,2.73925064,6.15198649,-12.02965434,11.81742277,-14.00967477,19.53160491,-11.68891721,-3.7451705,5.57827874,-6.17819121,-11.84271293
42.94,-11.21875336,2.5480481,6.17217446,-12.50543594,11.8322211,-13.80866839,19.6724205,-11.53175221,-3.54434135,5.12667754,-6.52204248,-11.88566263
42.945,-11.30969665,2.32014319,6.1769229,-13.02173047,11.7850031,-13.60545325,19.82643089,-11.33341172,-3.34188813,4.57346938,-6.88603028,-11.93983511
42.95,-11.37358186,2.0544933,6.1615715,-13.58742087,11.67977944,-13.38690024,19.99134549,-11.09123101,-3.13942083,3.93543705,-7.28372334,-12.0188398
42.955,-11.4157404,1.75893144,6.13180589,-14.19195667,11.49338959,-13.17523687,20.17019649,-10.81144456,-2.93009229,3.21115072,-7.69293821,-12.09211832
42.96,-11.43031067,1.43390407,6.07874623,-14.84439709,11.24042771,-12.95430028,20.36170773,-10.49399701,-2.71926344,2.41119511,-8.11951613,-12.18460407
42.965,-11.4188416,1.08742318,6.00940033,-15.54331837,10.90309863,-12.73329688,20.56134257,-10.14681182,-2.50433631,1.54803595,-8.54367851,-12.27412989
42.97,-11.37492498,0.71916016,5.91443168,-16.29575225,10.49171763,-12.50206915,20.76981676,-9.76878219,-2.28729753,0.62801592,-8.9697809,-12.38028315
42.975,-11.30077735,0.33875602,5.79604955,-17.09848877,10.00610317,-12.25917936,20.9857773,-9.36870813,-2.06649454,-0.33935605,-9.38617241,-12.50246577
42.98,-11.19465119,-0.05613014,5.66230377,-17.95454594,9.42743328,-12.01306742,21.20127899,-8.9469922,-1.84489234,-1.34235327,-9.77305616,-12.61486769
42.985,-11.05577245,-0.4524443,5.50582614,-18.86760798,8.76525,-11.75458271,21.41392921,-8.5145177,-1.62458236,-2.3703581,-10.12485635,-12.73077833
42.99,-10.88082872,-0.86012154,5.32843752,-19.83782527,8.02016117,-11.48549535,21.62193312,-8.06558548,-1.40345081,-3.41278102,-10.43778616,-12.85234143
42.995,-10.66820902,-1.2664856,5.12333375,-20.86408815,7.2037038,-11.19959103,21.82804022,-7.60944197,-1.18224251,-4.46863829,-10.71240628,-12.99626445
43,-10.42189013,-1.66546782,4.9047041,-21.95403976,6.29052796,-10.90009749,22.00934558,-7.15836754,-0.96734531,-5.51081756,-10.91291541,-13.12252152
43.005,-10.13197343,-2.07315809,4.66024243,-23.10093451,5.31152119,-10.5944716,22.18648582,-6.695221,-0.75443032,-6.55224738,-11.06715248,-13.26807645
43.01,-9.80806851,-2.47640246,4.40670833,-24.2984181,4.2538186,-10.27373636,22.34569666,-6.23291244,-0.54448543,-7.57936322,-11.15286912,-13.41584659
43.015,-9.44155446,-2.87734741,4.14202728,-25.56227275,3.12266798,-9.94235645,22.47621325,-5.77511572,-0.3330774,-8.5703649,-11.16561073,-13.56332341
43.02,-9.03178556,-3.27862255,3.85618851,-26.88354317,1.92549159,-9.60732983,22.58667959,-5.32053714,-0.13183377,-9.53220679,-11.11040002,-13.71847336
43.025,-8.58177529,-3.67864634,3.56084048,-28.25803287,0.6685407,-9.26876108,22.67167642,-4.87109485,0.06146595,-10.45855398,-10.98416149,-13.87778333
43.03,-8.08640091,-4.08310899,3.2537214,-29.68436639,-0.64071228,-8.93627621,22.7351398,-4.42453371,0.24879048,-11.34722187,-10.79231149,-14.04419056
43.035,-7.55829219,-4.49157713,2.9531621,-31.15788309,-1.99091435,-8.60102032,22.75828203,-3.98330345,0.43036854,-12.18525789,-10.52633759,-14.20788676
43.04,-6.97497212,-4.90246742,2.63294397,-32.67515046,-3.37745482,-8.2919558,22.77454403,-3.55036442,0.59768461,-12.98761679,-10.20949046,-14.38747661
43.045,-6.36834877,-5.32039093,2.33038687,-34.23035081,-4.77382999,-7.98369395,22.73964264,-3.12064573,0.75699941,-13.72882841,-9.82316497,-14.56120074
43.05,-5.71478186,-5.74866482,2.02191077,-35.81944619,-6.17789824,-7.71183246,22.687328,-2.69577199,0.90300499,-14.42480442,-9.39116927,-14.74203716
43.055,-5.02296796,-6.18061644,1.72534852,-37.4322539,-7.57217531,-7.46898871,22.61060705,-2.27828644,1.03897356,-15.0713112,-8.91285617,-14.92754438
43.06,-4.30854747,-6.62449832,1.45372406,-39.06550007,-8.93100522,-7.24532651,22.48668441,-1.86304449,1.17825177,-15.65500074,-8.39111229,-15.1106899
43.065,-3.54397414,-7.07367883,1.17134099,-40.70937364,-10.26023654,-7.09073068,22.36409528,-1.45692937,1.27571007,-16.20042206,-7.84322505,-15.30047263
43.07,-2.75978271,-7.52241214,0.92068499,-42.35562261,-11.52249453,-6.96312176,22.20218834,-1.06229879,1.37617489,-16.68789649,-7.26699506,-15.48900993
43.075,-1.95041832,-7.97512342,0.69234738,-43.99895402,-12.70926357,-6.88758511,22.01099744,-0.67344079,1.46905653,-17.11906462,-6.67631842,-15.67229934
43.08,-1.11751753,-8.4303473,0.4762879,-45.6251237,-13.81450867,-6.86591349,21.79930691,-0.29608331,1.53629174,-17.50601912,-6.07378204,-15.85555636
43.085,-0.27223092,-8.87031848,0.29304548,-47.22979419,-14.81413426,-6.88462326,21.5530668,0.06547873,1.60601838,-17.8324659,-5.46652077,-16.03400253
43.09,0.60768526,-9.30642456,0.12925815,-48.8063563,-15.71163156,-6.97826417,21.30380106,0.4065387,1.64036264,-18.12536657,-4.86857523,-16.20295552
43.095,1.47226246,-9.73657341,-0.01766595,-50.3405751,-16.48314294,-7.10434538,21.00209276,0.74630447,1.68532631,-18.35398357,-4.27981686,-16.36199063
43.1,2.35089909,-10.14519483,-0.14061943,-51.8297931,-17.13410763,-7.28456376,20.68114316,1.06040643,1.71349966,-18.53522852,-3.70622432,-16.51454154
43.105,3.2380278,-10.53140542,-0.23917001,-53.26561509,-17.65830695,-7.51647561,20.33973286,1.35344609,1.73112392,-18.67011143,-3.15459548,-16.65390251
43.11,4.12613119,-10.89371247,-0.32021315,-54.64097737,-18.05051239,-7.79411796,19.97535414,1.62364201,1.73747355,-18.76106511,-2.63455858,-16.77708857
43.115,5.01238488,-11.22622369,-0.38474637,-55.94849181,-18.31329582,-8.11108696,19.58827484,1.86827326,1.73540744,-18.80629856,-2.14234707,-16.88676678
43.12,5.89067035,-11.53095515,-0.43993435,-57.1806062,-18.44675228,-8.46623825,19.17719504,2.09057729,1.72699328,-18.80729194,-1.68383895,-16.98046057
43.125,6.76355052,-11.80119978,-0.4812462,-58.33370461,-18.4559594,-8.85173725,18.74704825,2.28431262,1.70951328,-18.76860085,-1.26247553,-17.05628807
43.13,7.63820203,-12.02577753,-0.49983085,-59.40091628,-18.34705184,-9.25871174,18.30466672,2.44015898,1.67090328,-18.68734986,-0.86924597,-17.11509297
43.135,8.46295438,-12.23551109,-0.56104931,-60.37200337,-18.11140865,-9.69511878,17.81929474,2.59157169,1.67067433,-18.56278767,-0.52851158,-17.1560734
43.14,9.28841213,-12.40043393,-0.60400793,-61.25247494,-17.77327028,-10.14387653,17.33092395,2.70434703,1.64063064,-18.41214619,-0.22056804,-17.18205582
43.145,10.11444133,-12.52368212,-0.62676785,-62.03486919,-17.3432012,-10.59140814,16.83676127,2.78223515,1.57635137,-18.22251601,0.05637118,-17.17883696
43.15,10.90681343,-12.6112034,-0.67434752,-62.71603538,-16.81475976,-11.04061104,16.32418213,2.83567416,1.5315978,-18.01005923,0.29514823,-17.15875435
43.155,11.66530723,-12.66884527,-0.74627044,-63.28460834,-16.20812476,-11.48722314,15.78972604,2.86636133,1.49628191,-17.75833162,0.49698188,-17.12538628
43.16,12.39444912,-12.68552758,-0.83236164,-63.74514365,-15.53774645,-11.9218899,15.24168838,2.86558222,1.46474712,-17.48255914,0.6625788,-17.08297882
43.165,13.07718806,-12.65448915,-0.94021954,-64.08611137,-14.8419485,-12.37073498,14.66849946,2.82531454,1.43322675,-17.17955995,0.77478889,-17.07189824
43.17,13.75503097,-12.61317373,-1.05707318,-64.32787978,-14.08964244,-12.79317818,14.10454764,2.77993736,1.39887163,-16.85507615,0.87174222,-17.01535085
43.175,14.42860852,-12.5518604,-1.17447316,-64.46574118,-13.22337281,-13.0574796,13.55227344,2.71392711,1.33124729,-16.50858308,1.01985983,-16.82400365
43.18,15.05475272,-12.45584198,-1.31419376,-64.48270881,-12.4733426,-13.46894671,12.97760075,2.62771281,1.2844728,-16.13547412,1.04999751,-16.77380891
43.185,15.62872953,-12.3148174,-1.50045648,-64.39067936,-11.59900194,-13.69354809,12.39300938,2.49739391,1.27966489,-15.76082953,1.13651379,-16.60338388
43.19,16.17130818,-12.1721119,-1.70694929,-64.18523533,-10.78390195,-13.9411537,11.80207193,2.36256017,1.2410806,-15.3616125,1.18523009,-16.45675612
43.195,16.67018422,-11.99680249,-1.91896893,-63.875044,-9.98291933,-14.13138732,11.19621223,2.20460996,1.21797827,-14.95207397,1.23851535,-16.29065497
43.2,17.14731029,-11.81761398,-2.17215988,-63.4579563,-9.22711505,-14.32803877,10.60490066,2.03738699,1.196477,-14.53147161,1.25369945,-16.14763753
43.205,17.57703287,-11.61087064,-2.42715249,-62.94307391,-8.50126108,-14.46669744,9.99493738,1.85178627,1.20479852,-14.09865715,1.28469347,-15.97809981
43.21,17.97512873,-11.39966045,-2.71055995,-62.32808018,-7.82833806,-14.59040663,9.38998755,1.65740423,1.20818151,-13.66033135,1.30355646,-15.81443476
43.215,18.33681766,-11.17844553,-3.01129731,-61.61582283,-7.20695878,-14.69455593,8.78581913,1.45300457,1.21925806,-13.2177802,1.31986518,-15.64975112
43.22,18.64592223,-10.9607836,-3.32662285,-60.8193085,-6.64950477,-14.78024549,8.15916094,1.25024678,1.23832371,-12.76936944,1.3642688,-15.47065609
43.225,18.95732214,-10.72456707,-3.64680071,-59.93497038,-6.15035215,-14.85570697,7.56651512,1.03269648,1.2773792,-12.31680836,1.36923495,-15.31415509
43.23,19.21624662,-10.49398233,-3.98446104,-58.9696233,-5.71108603,-14.93064443,6.95863266,0.81761658,1.32377362,-11.86497948,1.39886588,-15.14845917
43.235,19.45067098,-10.2662047,-4.32189907,-57.92826504,-5.33654201,-15.00814027,6.35621097,0.60620511,1.37646238,-11.41350155,1.43074498,-14.98970014
43.24,19.66551745,-10.04877499,-4.67360727,-56.8145216,-5.01344126,-15.095813,5.76954536,0.39849345,1.41322849,-10.96953883,1.45492399,-14.84272818
43.245,19.83696891,-9.8212184,-5.00414761,-55.63263819,-4.76026397,-15.1927319,5.16389359,0.19317791,1.51043962,-10.5196214,1.51380623,-14.68600048
43.25,19.99722634,-9.60843969,-5.346877,-54.38705762,-4.55066543,-15.30690207,4.58184964,-0.00542753,1.5782112,-10.08173694,1.56039498,-14.54457782
43.255,20.14080024,-9.40622862,-5.66228659,-53.08557329,-4.39003688,-15.44256042,4.00422802,-0.18579254,1.66855994,-9.64638455,1.62081692,-14.40862036
43.26,20.27096678,-9.21485433,-5.97524697,-51.72837811,-4.26807443,-15.5975445,3.44350628,-0.35672427,1.75231337,-9.22249848,1.68480203,-14.28274043
43.265,20.37887986,-9.03456423,-6.27500696,-50.31716513,-4.18412152,-15.77985398,2.88826639,-0.51465403,1.84718274,-8.80929792,1.76208807,-14.16088244
43.27,20.48861242,-8.8719433,-6.55956506,-48.85817812,-4.11918608,-15.97917422,2.36079088,-0.65426266,1.9308717,-8.41000264,1.83224746,-14.05030481
43.275,20.58078726,-8.7177904,-6.81608304,-47.3547319,-4.08590393,-16.20975427,1.83887588,-0.77887417,2.03363562,-8.02202404,1.9266247,-13.9426982
43.28,20.67197355,-8.58229746,-7.04886988,-45.80744532,-4.06576028,-16.45799292,1.33976732,-0.88190581,2.13100949,-7.6496129,2.02506822,-13.84306044
43.285,20.76562488,-8.46633604,-7.25981647,-44.2188415,-4.04797545,-16.7236677,0.86873773,-0.96396991,2.22261785,-7.29464474,2.12202974,-13.75038264
43.29,20.85101641,-8.36512898,-7.43688584,-42.5902705,-4.04415369,-17.01037406,0.41298883,-1.02437203,2.32249054,-6.95873548,2.24008426,-13.66194088
43.295,20.93348307,-8.28000849,-7.58957362,-40.92090428,-4.03947281,-17.31551164,-0.01819918,-1.06625532,2.41852732,-6.64403326,2.3629738,-13.57512321
43.3,21.02360963,-8.22071055,-7.70398789,-39.21754743,-4.02445176,-17.62261626,-0.42045308,-1.07601781,2.5071479,-6.35071397,2.49411331,-13.49538117
43.305,21.10777603,-8.17555566,-7.7873128,-37.47483811,-4.01008103,-17.941843,-0.80035298,-1.06740494,2.59641231,-6.08126344,2.64035675,-13.41601133
43.31,21.19633949,-8.15598755,-7.84206126,-35.69762726,-3.98096793,-18.2584848,-1.14881234,-1.03045568,2.67956747,-5.83716532,2.79069377,-13.3389766
43.315,21.28007443,-8.15384882,-7.86427034,-33.88299931,-3.94903257,-18.57655271,-1.47312768,-0.97208524,2.76119294,-5.61926047,2.95607526,-13.26102656
43.32,21.36378069,-8.17691058,-7.85518353,-32.03478922,-3.90210859,-18.88587701,-1.76909253,-0.88538337,2.83671007,-5.42874109,3.12996416,-13.18360773
43.325,21.47934085,-8.22062367,-7.7644063,-30.16882827,-3.76290985,-19.11551006,-2.02172421,-0.75880413,2.87289937,-5.2608354,3.29583588,-13.15261755
43.33,21.51411926,-8.26818224,-7.73498394,-28.2309317,-3.80470662,-19.46217947,-2.28609539,-0.65507843,2.97009421,-5.1289845,3.52147255,-13.02343941
43.335,21.60684647,-8.37513844,-7.60680174,-26.30413591,-3.6587853,-19.66277497,-2.4955881,-0.46920442,3.01603055,-5.01900156,3.70938414,-12.98832446
43.34,21.65203411,-8.5035198,-7.52273588,-24.32872433,-3.65076227,-19.93252772,-2.69701034,-0.2851089,3.10920947,-4.94209704,3.94010785,-12.86985706
43.345,21.71252678,-8.64210592,-7.34463591,-22.34752683,-3.54188482,-20.08964501,-2.87253893,-0.06783235,3.15336033,-4.89155533,4.16883559,-12.82962775
43.35,21.74000804,-8.80944803,-7.19430872,-20.33347481,-3.54136662,-20.31476118,-3.03254826,0.15765221,3.23576649,-4.86922606,4.42653642,-12.67845127
43.355,21.77500031,-9.0178492,-6.98779501,-18.33654126,-3.45769246,-20.3889143,-3.1796134,0.43695834,3.28014165,-4.87290532,4.68664017,-12.65111458
43.36,21.7925742,-9.26099301,-6.78367771,-16.33831456,-3.41183494,-20.45882627,-3.31226569,0.73828275,3.35295417,-4.90021043,4.95138599,-12.58022654
43.365,21.79727431,-9.52507884,-6.56832608,-14.35664748,-3.38487398,-20.49953083,-3.43495731,1.05507243,3.42453914,-4.95162828,5.23572409,-12.49947085
43.37,21.79064294,-9.81741302,-6.33738401,-12.40541162,-3.37050301,-20.49607698,-3.5508078,1.39596845,3.49473035,-5.02853827,5.5340351,-12.4200034
43.375,21.77660973,-10.13265362,-6.10183925,-10.50387225,-3.35956167,-20.46091374,-3.66183109,1.7534178,3.57159801,-5.12527229,5.84606435,-12.32794962
43.38,21.76170984,-10.48589758,-5.86293492,-8.67150882,-3.32719487,-20.4107897,-3.76740892,2.13673929,3.65318851,-5.23742641,6.17204754,-12.18773598
43.385,21.74007246,-10.8425513,-5.60807862,-6.91359537,-3.31712542,-20.27563621,-3.87428936,2.52373307,3.73086739,-5.37617078,6.51612386,-12.09201734
43.39,21.71786326,-11.20807458,-5.35108089,-5.2472791,-3.29622998,-20.0983236,-3.98242931,2.91342488,3.81437738,-5.53086723,6.86423089,-12.0013446
43.395,21.69269869,-11.57447012,-5.09352307,-3.67778872,-3.26838733,-19.88232605,-4.09349079,3.29856989,3.9011628,-5.70413572,7.21862789,-11.9170281
43.4,21.66661078,-11.93384292,-4.83686363,-2.21710296,-3.23021366,-19.63159544,-4.21014517,3.67168873,3.9932184,-5.89297688,7.57974019,-11.83319084
43.405,21.64342842,-12.26904284,-4.57813906,-0.87204853,-3.16684252,-19.31694174,-4.32848667,4.01641614,4.0792698,-6.09847916,7.95529067,-11.72944301
43.41,21.60712206,-12.59091732,-4.33006608,0.36180067,-3.14308594,-19.05609318,-4.46445541,4.3449894,4.17821061,-6.31326474,8.3159566,-11.68777824
43.415,21.57210969,-12.88216618,-4.07525917,1.47082905,-3.0950497,-18.76441868,-4.60591885,4.64019377,4.2807221,-6.54188759,8.67610729,-11.62787881
43.42,21.53531175,-13.13304093,-3.82335963,2.45550186,-3.04785551,-18.46636424,-4.75551211,4.89428286,4.38132819,-6.78264698,9.03625259,-11.57481684
43.425,21.49406191,-13.34396449,-3.57092649,3.31458149,-2.99805205,-18.16438099,-4.91505527,5.10690903,4.48250934,-7.03491723,9.39270913,-11.52169968
43.43,21.44903009,-13.50578982,-3.31940238,4.04805885,-2.95237841,-17.87067148,-5.08493839,5.27179367,4.58330928,-7.29759698,9.73901036,-11.47333841
43.435,21.39796699,-13.61872406,-3.07163944,4.65482942,-2.90824194,-17.58185135,-5.26569288,5.38716392,4.68099754,-7.57179938,10.07480626,-11.42107129
43.44,21.34699187,-13.68133577,-2.82017565,5.13656146,-2.88304423,-17.31831191,-5.45272118,5.45503099,4.77353004,-7.85772382,10.39495356,-11.38193196
43.445,21.31347865,-13.6856903,-2.55076838,5.50130815,-2.9003395,-17.10573778,-5.63180264,5.47614278,4.82896268,-8.15039176,10.68012415,-11.40012552
43.45,21.2315446,-13.65513484,-2.32723515,5.73916467,-2.86789343,-16.84315943,-5.85352756,5.44113835,4.94278215,-8.45802087,10.98186412,-11.28915285
43.455,21.16835369,-13.54198282,-2.08617959,5.86693248,-2.89000326,-16.61383348,-6.06965993,5.34303877,4.99018547,-8.77077027,11.22457083,-11.22358978
43.46,21.13265771,-13.40118055,-1.82343142,5.87630214,-2.94274398,-16.43971102,-6.26562959,5.22182233,5.05907902,-9.10186956,11.44463011,-11.19959349
43.465,21.09479087,-13.20820763,-1.56966884,5.77857562,-3.02007705,-16.26974714,-6.46787232,5.05136264,5.10325027,-9.4460987,11.62332662,-11.15043844
43.47,21.07189416,-12.97930907,-1.30015794,5.58509063,-3.12085134,-16.11354832,-6.65857541,4.85091186,5.13985425,-9.80504731,11.75692518,-11.11029535
43.475,21.06237735,-12.70941598,-1.04958535,5.2741944,-3.25267921,-15.96416227,-6.84977481,4.61399982,5.15114547,-10.18030608,11.8524325,-11.0523916
43.48,21.02641763,-12.38442456,-0.82839241,4.90340052,-3.41255279,-15.81613533,-7.03737139,4.3151151,5.14794281,-10.60008279,11.92053872,-10.91993321
43.485,21.04567914,-12.05302719,-0.57009467,4.42228201,-3.59329923,-15.67176656,-7.20465505,4.02805608,5.11988301,-11.01703645,11.92205915,-10.86123863
43.49,21.00674029,-11.66532921,-0.38037756,3.89330469,-3.82212052,-15.54317237,-7.38824259,3.66692213,5.06864261,-11.4939712,11.94613477,-10.61045435
43.495,21.06028617,-11.27541901,-0.13842341,3.27410086,-4.04955001,-15.39337608,-7.50827064,3.32746514,5.01146848,-11.97223704,11.80630513,-10.54401624
43.5,21.10236011,-10.85217516,0.06123805,2.60616125,-4.31473544,-15.2531208,-7.61469906,2.94705954,4.93214718,-12.4998978,11.6493785,-10.39781469
43.505,21.13022058,-10.39864436,0.23673259,1.89782146,-4.60941601,-15.13427459,-7.70709049,2.53047857,4.83506544,-13.08455634,11.51153652,-10.13951478
43.51,21.18404037,-9.94669968,0.41612236,1.13757647,-4.907672,-15.00425793,-7.7709742,2.12290328,4.69716123,-13.69977636,11.26194994,-9.90074383
43.515,21.24948565,-9.48763523,0.58219329,0.34470249,-5.21173674,-14.87601566,-7.80233773,1.70611728,4.54111241,-14.36043054,10.95168768,-9.6461099
43.52,21.32400763,-9.02413423,0.73564863,-0.47581726,-5.51473405,-14.75045233,-7.79953629,1.28363289,4.36638587,-15.07354371,10.57260682,-9.37297233
43.525,21.40456933,-8.55844845,0.87887164,-1.31494136,-5.81204946,-14.63706415,-7.76110699,0.8560002,4.16594138,-15.84172163,10.13537768,-9.0623352
43.53,21.4893896,-8.09888405,1.01081904,-2.16792699,-6.09124886,-14.53103052,-7.68650683,0.43095704,3.9486957,-16.6655808,9.62014976,-8.73651745
43.535,21.57670966,-7.63981144,1.13325219,-3.02758292,-6.34788412,-14.43823746,-7.57065996,0.00224629,3.71149908,-17.5518467,9.03522939,-8.38713728
43.54,21.67344189,-7.19268774,1.26779746,-3.8921172,-6.57296927,-14.3997352,-7.40584469,-0.42053818,3.45554328,-18.50174904,8.40135566,-7.94323844
43.545,21.74661612,-6.75171003,1.35936164,-4.75226577,-6.7612982,-14.31175331,-7.22148344,-0.84193048,3.19354549,-19.50836714,7.64380161,-7.62809831
43.55,21.82535255,-6.31604052,1.46278735,-5.60497103,-6.90495561,-14.26816472,-6.98177448,-1.26463815,2.91457616,-20.58655961,6.83613263,-7.24348278
43.555,21.90325479,-5.89134614,1.57269746,-6.45638834,-7.00063137,-14.25996273,-6.69990891,-1.6814459,2.63536696,-21.72338842,5.95693352,-6.83123638
43.56,21.96247409,-5.47937325,1.66248792,-7.29701087,-7.04542405,-14.26818726,-6.38572813,-2.09420942,2.33525421,-22.9226782,4.98777401,-6.43557107
43.565,22.02041717,-5.07502692,1.77674096,-8.11648165,-7.03344273,-14.31789838,-6.01226475,-2.50531376,2.04453923,-24.19399326,3.96732123,-6.02298863
43.57,22.04687416,-4.68474521,1.8607035,-8.9328565,-6.97126112,-14.37434729,-5.62863006,-2.91220917,1.7362707,-25.5121271,2.85419039,-5.64165349
43.575,22.00707374,-4.34150921,1.94302215,-9.71686285,-6.79408586,-14.4816992,-5.23901839,-3.28988751,1.49093306,-26.88815485,1.65559043,-5.24958032
43.58,22.06601027,-3.9202804,2.06575803,-10.50469857,-6.67621557,-14.57975855,-4.72312798,-3.72989116,1.14657463,-28.32906287,0.46742216,-4.90803498
43.585,22.05412,-3.56031204,2.17744171,-11.26501605,-6.45048411,-14.74112796,-4.21222024,-4.12725218,0.86456765,-29.81291136,-0.80563024,-4.55565148
43.59,22.02265343,-3.20358647,2.2923796,-12.00358159,-6.17770314,-14.92453622,-3.66803359,-4.52759109,0.5957223,-31.34136588,-2.11384513,-4.23971863
43.595,21.97195668,-2.85581766,2.41065539,-12.72074668,-5.86090713,-15.13446011,-3.09195226,-4.92561086,0.34286497,-32.90708687,-3.45029539,-3.95702316
43.6,21.92222704,-2.52069109,2.54488334,-13.41157615,-5.49857409,-15.39277385,-2.45870579,-5.31325549,0.12872519,-34.51207312,-4.79474542,-3.7348986
43.605,21.80511349,-2.19201833,2.65036684,-14.08520757,-5.1121544,-15.62951932,-1.8593945,-5.70711557,-0.10319021,-36.12337957,-6.14830023,-3.49415002
43.61,21.6880226,-1.87026708,2.77266551,-14.72624348,-4.69236899,-15.90334106,-1.20598755,-6.09515399,-0.29248766,-37.7601071,-7.48369005,-3.32752903
43.615,21.54554636,-1.56064154,2.88930619,-15.33920004,-4.24878752,-16.19462748,-0.53727626,-6.47338079,-0.45855647,-39.40257237,-8.78610276,-3.18871515
43.62,21.37669287,-1.2661343,3.00582611,-15.92212941,-3.78444629,-16.50194329,0.14682332,-6.8392944,-0.59563835,-41.04696579,-10.03404414,-3.08432753
43.625,21.22181369,-0.99638986,3.11106696,-16.48042824,-3.30743392,-16.85769489,0.88766421,-7.17986653,-0.67921083,-42.69253379,-11.20960735,-3.08207227
43.63,20.98244612,-0.72133106,3.23023911,-16.9914138,-2.83498577,-17.14913934,1.56858875,-7.52552621,-0.78264845,-44.30267742,-12.3214767,-2.99463977
43.635,20.7683806,-0.48357934,3.31954559,-17.47880593,-2.35001557,-17.50518942,2.31812408,-7.83553271,-0.81577629,-45.90575869,-13.32189995,-3.04327433
43.64,20.49092385,-0.24691495,3.43000959,-17.91911242,-1.87699,-17.80876047,3.02391581,-8.13790909,-0.8632389,-47.46058107,-14.24398778,-3.02685239
43.645,20.20481432,-0.03723866,3.52248082,-18.32103427,-1.4051224,-18.12977751,3.75340495,-8.40965201,-0.86855021,-48.98139933,-15.04521977,-3.07261073
43.65,19.90227148,0.14400916,3.60326608,-18.6872894,-0.94581263,-18.44867837,4.49105731,-8.64875299,-0.84764592,-50.45646696,-15.72359194,-3.14458861
43.655,19.58354046,0.30022087,3.67102205,-19.01147047,-0.50677042,-18.75551374,5.2348877,-8.85788582,-0.80708503,-51.8793201,-16.28001057,-3.240047
43.66,19.24462705,0.42641411,3.72766135,-19.29627748,-0.08257131,-19.05013967,5.97600441,-9.03026451,-0.75002638,-53.24060094,-16.70767334,-3.34434375
43.665,18.84243824,0.48751388,3.79040266,-19.55456702,0.34483811,-19.33979195,6.64772522,-9.1261065,-0.70558422,-54.51552633,-16.97031085,-3.3920129
43.67,18.52480675,0.59885762,3.78590107,-19.74977624,0.68743406,-19.57301767,7.46019833,-9.28068441,-0.60226603,-55.76092087,-17.19267213,-3.59902636
43.675,18.09261555,0.60957688,3.84030212,-19.91057469,1.0558416,-19.81991838,8.13055951,-9.30964301,-0.54396476,-56.88529253,-17.24740063,-3.6780282
43.68,17.74328072,0.64652105,3.81190258,-20.02679828,1.37164014,-20.00540963,8.92686131,-9.37415788,-0.42955554,-57.96870906,-17.20140282,-3.86313054
43.685,17.34768181,0.62493914,3.79675938,-20.10899995,1.67955597,-20.17837278,9.66439917,-9.3675399,-0.34010907,-58.94703386,-17.045935,-3.99395141
43.69,16.88304325,0.57090592,3.80959922,-20.14198774,1.95647131,-20.35574668,10.32041784,-9.31853507,-0.29770767,-59.81215356,-16.83258589,-4.12564786
43.695,16.43619696,0.50020548,3.78625087,-20.13789793,2.21020974,-20.49893936,11.00208,-9.25207984,-0.24815259,-60.59600863,-16.49226892,-4.29275802
43.7,16.08172545,0.40570933,3.68335613,-20.10558508,2.46589485,-20.51536456,11.79891927,-9.16297652,-0.1397064,-61.31296652,-16.05204106,-4.39906053
43.705,15.60633519,0.29302766,3.64837688,-20.02666964,2.65827059,-20.6241647,12.43752303,-9.04778572,-0.13662213,-61.89376826,-15.59744535,-4.58717279
43.71,15.18025016,0.14160757,3.59247177,-19.92485006,2.84588058,-20.62912605,13.12204625,-8.89002151,-0.12551389,-62.38704616,-15.01562649,-4.72722135
43.715,14.76513298,-0.03276417,3.47833403,-19.78405381,3.06575155,-20.58197278,13.81376259,-8.7155646,-0.12255021,-62.77217405,-14.42905706,-4.82817539
43.72,14.30922218,-0.20916713,3.40044376,-19.61196217,3.20716204,-20.56822761,14.44163072,-8.5352124,-0.17245729,-63.04890372,-13.81203183,-5.00080388
43.725,13.85644145,-0.40088442,3.32571223,-19.41851653,3.32337989,-20.53447367,15.05951946,-8.33408247,-0.23194907,-63.22759746,-13.16917275,-5.17266908
43.73,13.42654363,-0.63678869,3.20406233,-19.20202769,3.49357989,-20.40806825,15.67108497,-8.10503529,-0.34313251,-63.28541462,-12.51095576,-5.27485784
43.735,12.95800292,-0.82187493,3.08825093,-18.94621224,3.5313218,-20.37517703,16.24691344,-7.91678921,-0.44287351,-63.25956223,-11.88245618,-5.49171493
43.74,12.52481622,-1.09911794,3.03389429,-18.68900879,3.67646021,-20.20095896,16.80111102,-7.64446844,-0.63006981,-63.10177644,-11.20364397,-5.59131613
43.745,12.07981287,-1.35348838,2.93269299,-18.40934271,3.78258286,-20.02336977,17.3281155,-7.40285721,-0.83155197,-62.84868718,-10.57386246,-5.74384469
43.75,11.62318222,-1.55525883,2.78793684,-18.09507021,3.77082453,-19.93099848,17.8522973,-7.20996138,-0.99835477,-62.52275547,-9.99400396,-5.94255286
43.755,11.18162038,-1.88666594,2.77404211,-17.80178604,3.93483726,-19.67308469,18.29561688,-6.9036104,-1.31996306,-62.04260688,-9.42670202,-6.04395985
43.76,10.72792666,-2.14108432,2.68352255,-17.48001388,3.9854618,-19.47222625,18.7299255,-6.67865748,-1.60932895,-61.49163879,-8.8969244,-6.22904505
43.765,10.26936094,-2.42479978,2.63791165,-17.14412646,4.05614046,-19.24188313,19.12929615,-6.42280247,-1.92532466,-60.84411579,-8.44247763,-6.39437364
43.77,9.8201009,-2.68264745,2.56199073,-16.80912342,4.07119478,-19.05848708,19.50684892,-6.20823551,-2.27387888,-60.11383722,-7.99524796,-6.57679991
43.775,9.35778843,-2.968696,2.55821929,-16.4615794,4.11941908,-18.83291742,19.83248583,-5.96024376,-2.64826309,-59.28071529,-7.633587,-6.75522019
43.78,8.90208841,-3.22511836,2.52069026,-16.1130842,4.12903259,-18.63507918,20.14015849,-5.75406751,-3.03736304,-58.37527874,-7.2974422,-6.94431117
43.785,8.44152813,-3.48651545,2.52092468,-15.75449165,4.13618621,-18.43346447,20.41016542,-5.54086791,-3.44090885,-57.38316878,-7.01544473,-7.13540396
43.79,7.97068257,-3.74166077,2.55474497,-15.39249172,4.15344664,-18.22696187,20.64457371,-5.33293152,-3.84742197,-56.31911449,-6.8041944,-7.33217425
43.795,7.50669047,-3.98531417,2.5818274,-15.03369095,4.14915648,-18.04386867,20.85131655,-5.14387318,-4.27336793,-55.181289,-6.61299575,-7.52972136
43.8,7.0551859,-4.21402568,2.60517074,-14.68141389,4.12364392,-17.8882351,21.03963808,-4.97560232,-4.71138939,-53.97949016,-6.44188638,-7.72050612
43.805,6.59078451,-4.43564814,2.67496608,-14.31916498,4.10660359,-17.7326088,21.19002625,-4.80866034,-5.14524447,-52.70892651,-6.32495332,-7.91810627
43.81,6.12978485,-4.64026684,2.74455351,-13.95919706,4.0794201,-17.59335849,21.31913967,-4.65806359,-5.57218082,-51.38023417,-6.23026566,-8.1117685
43.815,5.66911971,-4.83022078,2.83004496,-13.60002585,4.05071117,-17.47123357,21.42440213,-4.51947802,-5.99263438,-49.99573613,-6.16040143,-8.30165377
43.82,5.21160489,-5.00334587,2.92316984,-13.241344,4.01555019,-17.36533859,21.51054659,-4.39509032,-6.40240538,-48.5583356,-6.10551713,-8.48629938
43.825,4.75521819,-5.15791505,3.02250915,-12.88396896,3.97739347,-17.27567275,21.57713142,-4.2854809,-6.79784085,-47.0720291,-6.06364997,-8.66515578
43.83,4.30529123,-5.29484467,3.12936545,-12.52847443,3.93624971,-17.203898,21.63017009,-4.18914568,-7.17721994,-45.53966843,-6.0266469,-8.8342289
43.835,3.85810402,-5.41190162,3.2388397,-12.1748565,3.89438457,-17.14830595,21.66734477,-4.10844619,-7.53934026,-43.96377847,-5.99314967,-8.99511964
43.84,3.41663472,-5.50815131,3.35045236,-11.82229565,3.85215882,-17.10720414,21.69470484,-4.04199575,-7.87674177,-42.34823633,-5.95682892,-9.14424195
43.845,2.98048574,-5.58282604,3.45932206,-11.47102565,3.81029405,-17.07988052,21.71222151,-3.99167463,-8.19137094,-40.69466516,-5.91462212,-9.28183433
43.85,2.54858751,-5.63518936,3.56628037,-11.1205886,3.77260616,-17.06567554,21.72178459,-3.95744094,-8.48034319,-39.00725489,-5.86443141,-9.40665819
43.855,2.12111203,-5.66670496,3.66768458,-10.77136786,3.73802173,-17.06317861,21.72121966,-3.93836114,-8.74547504,-37.28537218,-5.80343619,-9.51878115
43.86,1.70410341,-5.67295958,3.76685587,-10.42364513,3.70786957,-17.06617267,21.7216489,-3.93528911,-8.97356038,-35.53390087,-5.72669612,-9.61403178
43.865,1.29096937,-5.65745026,3.85959573,-10.07787866,3.68394807,-17.07661011,21.71403318,-3.94845183,-9.17653256,-33.75235073,-5.63674123,-9.69591605
43.87,0.88221684,-5.61809981,3.93689338,-9.73311099,3.66990533,-17.09485401,21.70109328,-3.9798377,-9.35329121,-31.94392109,-5.53229936,-9.76242434
43.875,0.48221309,-5.5532915,4.0049311,-9.39056578,3.66097412,-17.11073928,21.68788931,-4.02942907,-9.49588617,-30.1109004,-5.41094415,-9.81428685
43.88,0.13785252,-5.44783614,4.01002984,-9.0493378,3.63512392,-17.08679853,21.73786176,-4.10271312,-9.56593851,-28.27133694,-5.25243038,-9.85432939
43.885,-0.30420739,-5.35356023,4.11614374,-8.71318448,3.68398197,-17.14344755,21.64574191,-4.18262277,-9.69974852,-26.37663146,-5.13313654,-9.87614481
43.89,-0.64606764,-5.20403217,4.11668107,-8.3797348,3.68223113,-17.11967884,21.67438128,-4.29104647,-9.7206548,-24.49221539,-4.9662137,-9.89250624
43.895,-1.04161079,-5.0338851,4.1630463,-8.04929195,3.72518701,-17.12250356,21.62675002,-4.4286115,-9.75904961,-22.58286729,-4.81352867,-9.8947955
43.9,-1.41755368,-4.84469915,4.18468846,-7.725355,3.78788332,-17.12582203,21.59440263,-4.57651189,-9.75617208,-20.6652389,-4.65290234,-9.8800511
43.905,-1.7850239,-4.62548291,4.19747336,-7.40764956,3.86606885,-17.11769054,21.56408748,-4.75111052,-9.72711895,-18.74571416,-4.49214381,-9.86080531
43.91,-2.15009851,-4.38134489,4.20423986,-7.0975547,3.95916455,-17.1009081,21.52889922,-4.94939821,-9.67322904,-16.83063842,-4.33212329,-9.83484805
43.915,-2.51615584,-4.10899077,4.20688947,-6.79494828,4.06733686,-17.07352517,21.4870495,-5.1745626,-9.59682396,-14.92840447,-4.17459525,-9.80331754
43.92,-2.88275432,-3.8077452,4.20709981,-6.50243159,4.19130721,-17.0341041,21.44085426,-5.42882724,-9.49658111,-13.05164879,-4.0213849,-9.76672602
43.925,-3.26009928,-3.47673706,4.19738702,-6.21674213,4.33415611,-16.98298753,21.38524276,-5.71323583,-9.37462681,-11.21453963,-3.86042435,-9.72887897
43.93,-3.62287763,-3.12531999,4.19952928,-5.94873597,4.4926181,-16.92046415,21.3401393,-6.02059559,-9.22857541,-9.42352099,-3.7199718,-9.68573421
43.935,-3.99121383,-2.74488191,4.19558826,-5.69535279,4.67028305,-16.84452623,21.29314557,-6.35848164,-9.06051564,-7.69705715,-3.57154692,-9.64841227
43.94,-4.38553487,-2.346554,4.1561103,-5.44480147,4.86677222,-16.7386337,21.23856128,-6.7101039,-8.85580689,-6.04918538,-3.38292002,-9.62811671
43.945,-4.73410792,-1.94159437,4.18590718,-5.23686009,5.08496299,-16.64819825,21.20736576,-7.08444261,-8.6628593,-4.46476344,-3.29017324,-9.58560284
43.95,-5.09583372,-1.52342474,4.19773862,-5.0404311,5.3156717,-16.53912416,21.17948845,-7.47285061,-8.44071208,-2.97985526,-3.15416431,-9.57279097
43.955,-5.45807857,-1.10644013,4.20980335,-4.86518425,5.56413486,-16.41930643,21.15722733,-7.86358187,-8.20471361,-1.59056775,-3.02692637,-9.5706569
43.96,-5.81852678,-0.69682869,4.22336192,-4.71583464,5.82839545,-16.28761706,21.14164019,-8.25109555,-7.95567131,-0.30399396,-2.90657504,-9.58561783
43.965,-6.17518688,-0.30118547,4.24366864,-4.5949511,6.1088177,-16.1459066,21.13267977,-8.63018778,-7.6993378,0.87468025,-2.79767587,-9.61611868
43.97,-6.54724077,0.06950384,4.20342876,-4.48764929,6.41799597,-15.89660631,21.13019763,-8.97356809,-7.37125125,1.93515698,-2.67584051,-9.73375826
43.975,-6.87832499,0.41337109,4.27753508,-4.43882287,6.73126126,-15.80476016,21.13585567,-9.32086993,-7.16459766,2.89242893,-2.63551729,-9.74600647
43.98,-7.23852992,0.73778976,4.27424368,-4.39263535,7.03186645,-15.56963552,21.14209903,-9.63665712,-6.87954435,3.71755592,-2.53320096,-9.87704896
43.985,-7.57656917,1.01888717,4.32449661,-4.39659564,7.36031345,-15.397375,21.15333787,-9.92021476,-6.63492154,4.43197292,-2.49708325,-9.95857798
43.99,-7.9099751,1.26045871,4.37357064,-4.43555265,7.68517932,-15.21578051,21.16695626,-10.16731297,-6.39734662,5.024234,-2.47215325,-10.05030786
43.995,-8.21905528,1.45580168,4.45377859,-4.52810419,8.01792837,-15.11899168,21.19415126,-10.37004845,-6.17997538,5.49328347,-2.48295592,-10.0881557
44,-8.56703097,1.58923845,4.44401735,-4.62694388,8.38848728,-14.78263552,21.19163999,-10.50670519,-5.93610823,5.85062903,-2.52211313,-10.26982292
44.005,-8.86486819,1.71062194,4.53017921,-4.77895028,8.66803182,-14.65036611,21.22634285,-10.63797173,-5.75041603,6.08007248,-2.54704334,-10.31670199
44.01,-9.17159827,1.77175008,4.58727212,-4.96765104,8.97860374,-14.44399886,21.24706695,-10.70799096,-5.56258456,6.19454555,-2.62453093,-10.40029298
44.015,-9.46743872,1.77190855,4.6259219,-5.19711615,9.2907686,-14.22830818,21.26974875,-10.71636056,-5.38985635,6.19480697,-2.74302546,-10.47545631
44.02,-9.74509777,1.72497774,4.66147404,-5.46884697,9.57460113,-14.02459837,21.3027651,-10.67149642,-5.23900298,6.08732487,-2.89308292,-10.53143584
44.025,-10.00688787,1.62233183,4.67802084,-5.77826894,9.82535517,-13.81710253,21.34151061,-10.56779257,-5.08723633,5.88168834,-3.07996885,-10.56780606
44.03,-10.25054736,1.48178342,4.69167594,-6.13078135,10.0421197,-13.61290357,21.39198779,-10.42126212,-4.9505958,5.57040298,-3.30334137,-10.59010941
44.035,-10.47197271,1.30406694,4.69822033,-6.52311501,10.21236087,-13.42397073,21.45792816,-10.23173925,-4.81719297,5.16252782,-3.56141377,-10.59277673
44.04,-10.67390157,1.08918105,4.68852423,-6.96380132,10.34650612,-13.22278808,21.53024393,-10.00057329,-4.68684799,4.66840905,-3.85610139,-10.58835704
44.045,-10.85336824,0.84273957,4.66464117,-7.45020598,10.43958638,-13.01940821,21.6132428,-9.73161047,-4.55597926,4.09360081,-4.18823054,-10.57379436
44.05,-11.00853956,0.56168439,4.62659698,-7.98099831,10.48687071,-12.81167368,21.70773265,-9.42218744,-4.42250818,3.4461101,-4.55833301,-10.5509196
44.055,-11.14019283,0.25109115,4.56831874,-8.56179672,10.49264676,-12.5854581,21.80832311,-9.07836496,-4.28660779,2.73528611,-4.95960775,-10.52974042
44.06,-11.24291898,-0.08358642,4.4909563,-9.1933668,10.44431096,-12.35409805,21.91994351,-8.70313488,-4.14112203,1.9688974,-5.38746697,-10.50402282
44.065,-11.31600721,-0.44142422,4.3953125,-9.87407956,10.33773582,-12.11582677,22.04025666,-8.29946759,-3.98601891,1.1577068,-5.8341762,-10.47662624
44.07,-11.35966649,-0.81790257,4.28269962,-10.60719078,10.17694446,-11.85989071,22.16767061,-7.87116347,-3.82225934,0.30552299,-6.29185205,-10.45545196
44.075,-11.37032868,-1.21274705,4.14356541,-11.39773389,9.96201666,-11.58337271,22.2993293,-7.41942261,-3.64733938,-0.57646245,-6.75396048,-10.44410629
44.08,-11.34703009,-1.62200847,3.98631238,-12.24310667,9.68229215,-11.29292082,22.43466322,-6.94794838,-3.46015914,-1.47888394,-7.20665443,-10.4367848
44.085,-11.28873211,-2.03999608,3.81007884,-13.14600469,9.33505588,-10.98795225,22.57198029,-6.46361642,-3.26061382,-2.39845019,-7.63762865,-10.43302541
44.09,-11.19357497,-2.46961935,3.61745971,-14.10907873,8.92144141,-10.66555897,22.706975,-5.96480233,-3.05195327,-3.32347465,-8.03670797,-10.43416694
44.095,-11.06058021,-2.90553713,3.3978834,-15.13418805,8.44964614,-10.31486573,22.83936242,-5.45757137,-2.83547042,-4.25315165,-8.39832935,-10.44855359
44.1,-10.8895821,-3.34866277,3.17180483,-16.22192244,7.89945031,-9.95331569,22.96232465,-4.94405231,-2.61241678,-5.17656456,-8.70151807,-10.45724697
44.105,-10.67976049,-3.79972427,2.92388252,-17.36958459,7.2889876,-9.56523236,23.07814222,-4.42255878,-2.38848582,-6.0920545,-8.94828148,-10.47376279
44.11,-10.43009703,-4.25220115,2.65987197,-18.58054545,6.61653832,-9.15030709,23.18535132,-3.90355743,-2.16529246,-7.00176426,-9.12789965,-10.49599389
44.115,-10.14306716,-4.70963314,2.40191576,-19.84897281,5.86910468,-8.72508431,23.2769376,-3.38403108,-1.93988234,-7.89654461,-9.22921099,-10.5079312
44.12,-9.80147164,-5.17184417,2.11030241,-21.19260715,5.08017752,-8.24751672,23.35595382,-2.86862928,-1.71450186,-8.76121053,-9.25922417,-10.53572298
44.125,-9.4390679,-5.63888472,1.86365504,-22.58094021,4.18286643,-7.82463402,23.40104051,-2.35722034,-1.50242967,-9.60821965,-9.18724002,-10.52574758
44.13,-9.02580761,-6.10890697,1.59188754,-24.03562599,3.25038886,-7.36559717,23.43390772,-1.85440304,-1.30407523,-10.43119492,-9.04072347,-10.52210398
44.135,-8.57212507,-6.5806632,1.32642652,-25.54562245,2.26570679,-6.89824275,23.44606995,-1.36298416,-1.11647562,-11.23062028,-8.81281231,-10.51714527
44.14,-8.07383268,-7.05532188,1.06658849,-27.10983553,1.24099728,-6.4298589,23.43969357,-0.88068967,-0.9449605,-12.00144634,-8.50775553,-10.50701145
44.145,-7.52436614,-7.53944282,0.805206,-28.7255869,0.19297747,-5.96375211,23.42433956,-0.40820672,-0.8013886,-12.75271841,-8.13138921,-10.48592565
44.15,-6.94371113,-8.01642965,0.5756113,-30.38077651,-0.90022798,-5.51385503,23.37569992,0.04508065,-0.66666582,-13.46692604,-7.67954272,-10.46671399
44.155,-6.3141177,-8.50505691,0.35408255,-32.07683685,-2.00042178,-5.08860301,23.31581552,0.48737882,-0.56397549,-14.15859172,-7.16776015,-10.43211924
44.16,-5.64578322,-8.99180503,0.16643561,-33.80424878,-3.11237981,-4.69433959,23.23104683,0.91616525,-0.47074271,-14.81040206,-6.59801955,-10.39207238
44.165,-4.94459763,-9.46787406,0.00358017,-35.55669255,-4.22121827,-4.33311871,23.12189295,1.32120955,-0.40192649,-15.43043711,-5.98220821,-10.35626316
44.17,-4.16379153,-9.93932506,-0.12330433,-37.33531827,-5.29885748,-4.00700888,23.03595367,1.68901393,-0.40016624,-16.03905717,-5.3070562,-10.27350199
44.175,-3.42238506,-10.41567687,-0.23893168,-39.10486453,-6.36767675,-3.75054575,22.8575194,2.0788932,-0.33657395,-16.57380388,-4.64044285,-10.25655782
44.18,-2.60634878,-10.88527947,-0.32487812,-40.8875413,-7.38050956,-3.54573517,22.70612316,2.43092374,-0.36411581,-17.10150387,-3.94068528,-10.19970465
44.185,-1.76632912,-11.33267408,-0.36799925,-42.65936452,-8.3422392,-3.39154101,22.52781959,2.75847929,-0.39050818,-17.58368612,-3.22579242,-10.14706089
44.19,-0.90818468,-11.76754366,-0.38788089,-44.41413373,-9.23838773,-3.2997612,22.32371279,3.0672082,-0.43013826,-18.02749707,-2.51570642,-10.10009998
44.195,-0.02810932,-12.18054247,-0.37739644,-46.14115603,-10.06098087,-3.26892887,22.10092371,3.35201843,-0.48836235,-18.43227881,-1.81099663,-10.05580282
44.2,0.88393316,-12.55701572,-0.31902204,-47.8358134,-10.79398718,-3.29820481,21.86864893,3.59844234,-0.5692064,-18.8001813,-1.11825328,-10.0000196
44.205,1.77284018,-12.93209242,-0.28594943,-49.48098614,-11.44849062,-3.39694686,21.58769913,3.85369186,-0.63032266,-19.1152761,-0.46302104,-9.97929461
44.21,2.71090848,-13.24067649,-0.17346548,-51.07992354,-12.00139257,-3.54138422,21.31406558,4.04164366,-0.73686615,-19.39785536,0.18614721,-9.93759184
44.215,3.60516948,-13.56401132,-0.1186419,-52.61354437,-12.45903794,-3.76940563,20.98741971,4.25728662,-0.80454058,-19.63246927,0.76124131,-9.92533584
44.22,4.52982144,-13.82899431,-0.0090717,-54.08431386,-12.81803045,-4.04471856,20.65784393,4.4193241,-0.90295055,-19.82717634,1.31555809,-9.90675461
44.225,5.44336425,-14.05813427,0.09451649,-55.48172743,-13.07354502,-4.37073306,20.3030696,4.55908639,-0.99200734,-19.98000577,1.82112866,-9.89699079
44.23,6.35253757,-14.2488113,0.20382284,-56.79960904,-13.22969552,-4.7449641,19.92863613,4.67105567,-1.08193959,-20.09191804,2.27923057,-9.89229968
44.235,7.2478754,-14.4037827,0.30813397,-58.02973714,-13.28446685,-5.16701707,19.5276996,4.76292426,-1.15262594,-20.15220182,2.69321399,-9.89677625
44.24,8.13977126,-14.51215384,0.4101628,-59.17464775,-13.2537947,-5.61803184,19.12238057,4.81538921,-1.24870072,-20.1927628,3.04435683,-9.89944105
44.245,8.99241213,-14.58881159,0.48531296,-60.2137332,-13.10948574,-6.10098377,18.67208021,4.85561773,-1.29093793,-20.16732977,3.35750264,-9.9221198
44.25,9.8523206,-14.63079206,0.55776366,-61.16468957,-12.91205163,-6.61926075,18.23373246,4.86535787,-1.36750598,-20.13066208,3.60686494,-9.93204535
44.255,10.68262087,-14.64085243,0.60357079,-62.00715203,-12.62659103,-7.15170174,17.77161763,4.85448057,-1.42043722,-20.05169461,3.81302364,-9.9496985
44.26,11.51565141,-14.60887793,0.65216103,-62.75102408,-12.30548889,-7.70912762,17.31525844,4.8114886,-1.49577229,-19.94605482,3.97313953,-9.96119005
44.265,12.23414775,-14.5532972,0.61526264,-63.36806357,-11.82744185,-8.17427007,16.77817221,4.75553872,-1.49924065,-19.79508925,4.08501878,-10.00871423
44.27,13.04639818,-14.4711696,0.61514727,-63.89307104,-11.42647674,-8.8136483,16.32171234,4.67893278,-1.54113305,-19.62121188,4.1657164,-10.01996597
44.275,13.75969608,-14.36956988,0.55153942,-64.30387778,-10.89314212,-9.32838569,15.80636964,4.58883973,-1.54465683,-19.43140176,4.20266973,-10.0457511
44.28,14.44206239,-14.25612849,0.45990498,-64.59198942,-10.33225145,-9.82560744,15.27176274,4.48510698,-1.56238587,-19.19183312,4.20924819,-10.07290883
44.285,15.14014321,-14.07536963,0.34344216,-64.76845844,-9.83092153,-10.41395137,14.78192969,4.32907521,-1.54447173,-18.94634485,4.19085587,-10.10896089
44.29,15.78088168,-13.91822701,0.20723925,-64.84306289,-9.24686813,-10.90093001,14.25523024,4.19422014,-1.5236374,-18.67654626,4.14002669,-10.12525628
44.295,16.3798099,-13.71853681,0.00712717,-64.78655553,-8.69679658,-11.39519837,13.72827462,4.01377025,-1.49007033,-18.38589681,4.0723215,-10.16602408
44.3,16.97014178,-13.5606856,-0.16539043,-64.64570862,-8.10570011,-11.82684505,13.19550123,3.8751154,-1.4885747,-18.07149047,3.98009369,-10.17043853
44.305,17.48175462,-13.30161716,-0.45016891,-64.36189882,-7.5888388,-12.26577923,12.65843376,3.63887727,-1.38034085,-17.75613639,3.87504966,-10.22572897
44.31,17.96989784,-13.0854059,-0.73262776,-63.98473309,-7.07673376,-12.67292067,12.11302822,3.43745476,-1.30986131,-17.41775195,3.75609375,-10.25484291
44.315,18.42084453,-12.85392572,-1.03290196,-63.50463362,-6.59589435,-13.04712775,11.56262197,3.22174223,-1.22221967,-17.06945569,3.62915872,-10.28690215
44.32,18.83726161,-12.62073515,-1.35499974,-62.92542302,-6.15285513,-13.39597901,11.00953692,3.00080329,-1.13123022,-16.70616251,3.49788776,-10.31595912
44.325,19.22179461,-12.38685284,-1.69952793,-62.24849354,-5.7477861,-13.71728514,10.45931307,2.7738326,-1.03546106,-16.3351351,3.35883219,-10.3418063
44.33,19.57195599,-12.15115329,-2.05907647,-61.4776739,-5.38766819,-14.01987411,9.90854669,2.54281013,-0.93242868,-15.95543835,3.21755387,-10.3646133
44.335,19.88608142,-11.91516785,-2.43337402,-60.61882758,-5.07737859,-14.3094247,9.35415638,2.30834734,-0.822513,-15.56739808,3.07837307,-10.38642438
44.34,20.1718947,-11.68343117,-2.8140447,-59.67573441,-4.81242037,-14.58444386,8.80247896,2.07541441,-0.71281278,-15.1732652,2.93897979,-10.40399646
44.345,20.42464717,-11.45117155,-3.20384399,-58.65051981,-4.59819258,-14.84980654,8.25114042,1.83955896,-0.59599744,-14.77380669,2.80432417,-10.41967068
44.35,20.64665275,-11.22514402,-3.59426371,-57.54890011,-4.42976216,-15.11419448,7.69775669,1.60832852,-0.47791474,-14.36927718,2.67638437,-10.43244839
44.355,20.84613475,-11.00334498,-3.97944218,-56.37615671,-4.3007582,-15.37253745,7.15075464,1.38102295,-0.36228124,-13.96142916,2.55182138,-10.44011489
44.36,21.02014297,-10.7874523,-4.36052128,-55.13492124,-4.21202136,-15.63331239,6.60625777,1.15872598,-0.24696474,-13.55182641,2.43667538,-10.44479766
44.365,21.17339122,-10.57753968,-4.72603873,-53.82867972,-4.15195978,-15.8984467,6.0666773,0.94459117,-0.13503561,-13.14003222,2.32537195,-10.44338552
44.37,21.31926772,-10.38208761,-5.08395953,-52.46442661,-4.10839727,-16.15690104,5.54601792,0.74115233,-0.05057802,-12.7328686,2.20960353,-10.43520498
44.375,21.43012477,-10.17842435,-5.41574855,-51.04008449,-4.11304807,-16.43581733,5.0133158,0.5395457,0.07968304,-12.31813137,2.12955478,-10.42777722
44.38,21.54757798,-9.99835129,-5.73144399,-49.56524512,-4.10488562,-16.70494281,4.51076718,0.35667719,0.15228142,-11.91339238,2.02963861,-10.40936045
44.385,21.63655796,-9.81523075,-6.02524173,-48.03578004,-4.13240633,-16.99422704,4.00408907,0.17685344,0.25845163,-11.50666825,1.96302835,-10.39149147
44.39,21.72474879,-9.64577431,-6.28600244,-46.46024367,-4.15249656,-17.28265154,3.51659124,0.01437131,0.34235876,-11.10610242,1.89690747,-10.36585268
44.395,21.80725991,-9.48592455,-6.51564884,-44.83882479,-4.16793866,-17.57581157,3.04476026,-0.13504548,0.41875183,-10.71194959,1.83857076,-10.33458766
44.4,21.87712695,-9.33319974,-6.71694137,-43.17048712,-4.18613262,-17.87947909,2.58423962,-0.27392133,0.49507792,-10.32563116,1.79605398,-10.29965311
44.405,21.945596,-9.19265567,-6.88077158,-41.46146336,-4.19123938,-18.18264796,2.14262363,-0.39636508,0.56076873,-9.94767642,1.76569546,-10.26018107
44.41,22.01071043,-9.06421978,-7.00598507,-39.71128819,-4.17923141,-18.48673469,1.71983012,-0.50232162,0.61605984,-9.58089785,1.74556152,-10.21659318
44.415,22.06937563,-8.94901674,-7.09731512,-37.9203366,-4.15724059,-18.79115196,1.31460146,-0.59266663,0.66785912,-9.22642596,1.74172352,-10.16973702
44.42,22.12536835,-8.84798316,-7.1510666,-36.09056621,-4.1152981,-19.0916055,0.93050295,-0.66588832,0.71222421,-8.88502955,1.74551975,-10.11785901
44.425,22.1768069,-8.76291095,-7.16471382,-34.22373526,-4.05540028,-19.3875663,0.56601726,-0.72086519,0.75028184,-8.55817994,1.76371744,-10.0637132
44.43,22.22029224,-8.69386805,-7.14088442,-32.32005319,-3.98378211,-19.67990658,0.21972435,-0.75863051,0.78489373,-8.24792828,1.7976968,-10.00693215
44.435,22.26124744,-8.6461992,-7.07879242,-30.3829489,-3.89063348,-19.95825321,-0.10391955,-0.77465832,0.81445179,-7.9532343,1.83762676,-9.94724585
44.44,22.28926165,-8.61963603,-6.97571749,-28.41263282,-3.79471272,-20.23251029,-0.41365214,-0.76922211,0.84325168,-7.67688356,1.900763,-9.88733942
44.445,22.35761187,-8.63892458,-6.77717157,-26.43943504,-3.5981321,-20.39972836,-0.67982893,-0.7030185,0.83353863,-7.4199746,1.96657131,-9.86555052
44.45,22.3194063,-8.64733183,-6.66020967,-24.39168192,-3.58755239,-20.7330018,-0.97918509,-0.68522633,0.90359605,-7.18076125,2.06780779,-9.76953922
44.455,22.35599387,-8.71137068,-6.39994025,-22.36925319,-3.40714125,-20.86540104,-1.22054704,-0.58449928,0.90406,-6.96192164,2.16551497,-9.75068061
44.46,22.30726489,-8.80680541,-6.19362448,-20.30147713,-3.38570172,-21.16222522,-1.49220987,-0.48368405,0.96333938,-6.76005398,2.29214263,-9.65440719
44.465,22.30612293,-8.92326051,-5.88322689,-18.25422187,-3.25461025,-21.26376836,-1.71564099,-0.34684992,0.97781967,-6.58595978,2.42405749,-9.63587119
44.47,22.26641037,-9.09965545,-5.57910268,-16.20631353,-3.1919588,-21.41323699,-1.95001378,-0.16880898,1.02443336,-6.42871291,2.57313034,-9.58379108
44.475,22.21403765,-9.3067973,-5.2619581,-14.17692055,-3.16324174,-21.53839802,-2.17989554,0.02879848,1.08105124,-6.28806413,2.74268182,-9.53543516
44.48,22.12500852,-9.53115843,-4.91728268,-12.16593515,-3.24178455,-21.78853436,-2.42582977,0.23537497,1.14744275,-6.16532192,2.92655485,-9.4462141
44.485,22.06935819,-9.81865662,-4.57649404,-10.23104673,-3.21981926,-21.77213715,-2.64214957,0.49470043,1.19893111,-6.06924464,3.12894674,-9.42959501
44.49,21.9966767,-10.15107754,-4.23153048,-8.36131115,-3.23255802,-21.78067653,-2.86815635,0.78596076,1.28203123,-5.99290663,3.33592189,-9.3909732
44.495,21.91806595,-10.49857568,-3.88761476,-6.56824554,-3.27315051,-21.78566544,-3.09854823,1.0832237,1.37037403,-5.9351271,3.55174809,-9.34931842
44.5,21.83390788,-10.88004787,-3.53646346,-4.87009401,-3.33493444,-21.82438223,-3.34214155,1.4055037,1.46913873,-5.89090771,3.76727147,-9.28865738
44.505,21.76062857,-11.23840637,-3.19812606,-3.26771061,-3.44123698,-21.71330476,-3.57233367,1.70270409,1.55211033,-5.88680385,4.01972093,-9.27277008
44.51,21.68655515,-11.62391006,-2.87194385,-1.7833595,-3.53014844,-21.63493085,-3.81641074,2.01687169,1.66365451,-5.89341331,4.25913961,-9.22826378
44.515,21.61123861,-12.00816083,-2.55016366,-0.4155149,-3.62351416,-21.5658093,-4.07228878,2.32771611,1.77794742,-5.91821041,4.49184475,-9.17128913
44.52,21.55066545,-12.34098731,-2.25232432,0.83393682,-3.7789208,-21.39226145,-4.31495345,2.58971354,1.87733803,-5.98270551,4.75229,-9.15508928
44.525,21.48940746,-12.6686644,-1.96693801,1.95331969,-3.9170172,-21.23811338,-4.56912063,2.84387789,1.99538118,-6.06517515,4.99638496,-9.11715008
44.53,21.4328639,-12.95862998,-1.69456916,2.9425081,-4.06825623,-21.0778763,-4.82803747,3.06218217,2.11328033,-6.16958653,5.23232789,-9.07635831
44.535,21.38230304,-13.20190525,-1.43536628,3.80050787,-4.23857312,-20.9065613,-5.08661279,3.23896755,2.22817542,-6.30313147,5.4596298,-9.03820708
44.54,21.31316791,-13.41998036,-1.18276331,4.52606911,-4.40104818,-20.78223233,-5.36938046,3.39064761,2.35174339,-6.45888082,5.66647831,-8.9499705
44.545,21.26027178,-13.5631018,-0.94905358,5.12011507,-4.61460729,-20.62036701,-5.64007551,3.47978293,2.45875358,-6.65090588,5.8723773,-8.88762418
44.55,21.24000466,-13.63924829,-0.72878353,5.57630186,-4.84346319,-20.4319816,-5.88279765,3.51445826,2.54607883,-6.8788552,6.04893204,-8.86670234
44.555,21.16852389,-13.67096343,-0.51976337,5.91007367,-5.0945294,-20.31281196,-6.17641535,3.50399248,2.65535579,-7.1260244,6.21896175,-8.74931539
44.56,21.17451789,-13.63394546,-0.31451729,6.10503321,-5.3460394,-20.13097356,-6.40219756,3.44741008,2.72761897,-7.41347472,6.33496274,-8.73452164
44.565,21.11760567,-13.51140298,-0.13986115,6.18185785,-5.65370638,-20.03079155,-6.68161051,3.30609721,2.79870256,-7.73145938,6.44834169,-8.61079509
44.57,21.11757041,-13.34840175,0.04234733,6.1252425,-5.94526677,-19.89814792,-6.91231555,3.14253763,2.85332885,-8.08899841,6.50241574,-8.54034536
44.575,21.1317941,-13.12783569,0.21424027,5.94959474,-6.2535119,-19.76926878,-7.12838163,2.93340135,2.89963181,-8.48278578,6.51317956,-8.47258309
44.58,21.14731749,-12.84489494,0.37079977,5.65737933,-6.57452487,-19.66743423,-7.33722746,2.67292846,2.91936497,-8.92260094,6.48360358,-8.3817023
44.585,21.17658742,-12.51024864,0.51851532,5.25258927,-6.9085201,-19.57379471,-7.53225494,2.37355178,2.92249156,-9.40059631,6.41027026,-8.28064528
44.59,21.24810316,-12.14179164,0.66147449,4.73513536,-7.25139574,-19.43857533,-7.69109429,2.05802061,2.90024466,-9.9163033,6.25875724,-8.21707723
44.595,21.2717269,-11.69574689,0.78372237,4.13693879,-7.60227993,-19.41734501,-7.86845791,1.66546529,2.86156835,-10.49310338,6.1249427,-8.04763187
44.6,21.37510471,-11.24976651,0.89934914,3.43057896,-7.92718168,-19.2971403,-7.98003519,1.29113838,2.7975637,-11.0968334,5.81972583,-7.96396329
44.605,21.47618386,-10.74907345,0.99859668,2.64215491,-8.24092619,-19.21952421,-8.07459504,0.86978794,2.71763291,-11.75947161,5.49277894,-7.85556057
44.61,21.55034525,-10.20543805,1.10275701,1.79521982,-8.59011118,-19.20455969,-8.17042813,0.41355374,2.59332619,-12.48832267,5.20153724,-7.67618174
44.615,21.66246539,-9.66538166,1.19165491,0.87317676,-8.88231445,-19.16452354,-8.2195906,-0.03390515,2.45536325,-13.25423747,4.74766824,-7.51881856
44.62,21.78204774,-9.11160666,1.27602048,-0.10476968,-9.14588516,-19.13989815,-8.23894187,-0.49038133,2.29603847,-14.0746547,4.22959026,-7.3535802
44.625,21.9055923,-8.55266088,1.3569392,-1.12579434,-9.3755821,-19.1306801,-8.225784,-0.94874091,2.11472314,-14.95292346,3.64102144,-7.18221659
44.63,22.03138467,-8.02868602,1.41675573,-2.19349249,-9.51311185,-19.13298083,-8.18247913,-1.38114525,1.95566855,-15.87194612,2.90584288,-6.99886057
44.635,22.15362196,-7.43808846,1.50954078,-3.26346574,-9.70024673,-19.15587355,-8.0984285,-1.8610732,1.69376027,-16.87772124,2.22305906,-6.83422531
44.64,22.26509974,-6.8955403,1.59765954,-4.3557353,-9.79839209,-19.218067,-7.98521254,-2.30648613,1.45471291,-17.92640348,1.40122671,-6.63681665
44.645,22.36701311,-6.36232438,1.69183097,-5.4516267,-9.84443296,-19.3013635,-7.83434029,-2.74607897,1.19989659,-19.0334572,0.50041043,-6.44703927
44.65,22.45398826,-5.84423717,1.79945603,-6.53999818,-9.83449319,-19.41680145,-7.64430886,-3.17563211,0.93487252,-20.19879951,-0.4824987,-6.26046165
44.655,22.52069748,-5.35257977,1.89207532,-7.62963133,-9.76142532,-19.54602823,-7.43011239,-3.59174156,0.66627308,-21.40485753,-1.54491043,-6.07616403
44.66,22.5679247,-4.8610207,2.03900195,-8.67230754,-9.65081606,-19.71112684,-7.1592042,-4.0073689,0.38020768,-22.68535941,-2.67719831,-5.92914683
44.665,22.58537613,-4.40160664,2.16842943,-9.69740399,-9.47774801,-19.90171547,-6.860692,-4.40857797,0.089413,-24.00873618,-3.88496869,-5.78318657
44.67,22.57359068,-3.95911915,2.31318168,-10.68392967,-9.25178338,-20.11800557,-6.52349481,-4.80412259,-0.19851392,-25.38304503,-5.15625373,-5.66393582
44.675,22.53160284,-3.53306035,2.46849578,-11.62847751,-8.97555235,-20.3609614,-6.14844806,-5.19628708,-0.48345656,-26.80287309,-6.49112155,-5.57416599
44.68,22.45463888,-3.12741997,2.62827382,-12.52689112,-8.6495246,-20.62821665,-5.73789549,-5.58363155,-0.75883216,-28.26608018,-7.87156043,-5.50881572
44.685,22.34800486,-2.73352785,2.80088258,-13.37271218,-8.28925486,-20.91625773,-5.28816883,-5.9706155,-1.0230387,-29.76548443,-9.29876434,-5.50334861
44.69,22.20298775,-2.3604755,2.9659553,-14.16842764,-7.88475074,-21.22308441,-4.80730446,-6.35623486,-1.27414318,-31.29806143,-10.74298867,-5.51345226
44.695,22.0267186,-2.00106746,3.13798426,-14.90545128,-7.45060481,-21.5464792,-4.28832405,-6.73950628,-1.50038933,-32.85750685,-12.2054802,-5.58947923
44.7,21.81933561,-1.67140508,3.31435019,-15.58330776,-6.9731172,-21.9092603,-3.72653047,-7.10473065,-1.67243608,-34.44341577,-13.66605262,-5.76791429
44.705,21.57210967,-1.3343653,3.45427209,-16.21518004,-6.49642207,-22.22728052,-3.15815385,-7.50187726,-1.88634101,-36.03414759,-15.08554396,-5.836168
44.71,21.30028057,-1.03210568,3.60392469,-16.77467922,-5.9809303,-22.5960821,-2.53383714,-7.8655004,-2.00084576,-37.6418767,-16.48575902,-6.11129245
44.715,21.000103,-0.74244559,3.72084743,-17.29219166,-5.46023357,-22.94914314,-1.89414518,-8.23368395,-2.12312102,-39.24517329,-17.82339311,-6.35183858
44.72,20.66261875,-0.44805155,3.838662,-17.74802314,-4.95164462,-23.26458259,-1.24431463,-8.61659666,-2.24960475,-40.83864412,-19.07264108,-6.50963137
44.725,20.30453392,-0.18415814,3.93065118,-18.14510628,-4.42855797,-23.60127463,-0.55577989,-8.97389823,-2.30757879,-42.4219575,-20.24799139,-6.8004542
44.73,19.93052643,0.03137807,3.9794422,-18.4903796,-3.9000099,-23.94639642,0.1684546,-9.28568682,-2.29655626,-43.98853748,-21.31726335,-7.20199309
44.735,19.52449684,0.26190633,4.03974635,-18.78144675,-3.4011146,-24.23784421,0.88548174,-9.61246719,-2.31847056,-45.51688615,-22.28122,-7.48161752
44.74,19.10119749,0.46156934,4.06477521,-19.01796711,-2.9121023,-24.5216356,1.62938477,-9.90854037,-2.28733748,-47.01189657,-23.12895509,-7.8332028
44.745,18.66405903,0.62280709,4.05287069,-19.21348184,-2.43447212,-24.79111486,2.38616475,-10.16222976,-2.22724592,-48.46410318,-23.83476965,-8.19869459
44.75,18.20736147,0.76637727,4.02839086,-19.35092084,-1.98370663,-25.02385648,3.15504997,-10.39225861,-2.14675757,-49.8682086,-24.41691763,-8.56599444
44.755,17.74602214,0.86955451,3.95983016,-19.45959257,-1.55566898,-25.23014794,3.93265123,-10.57525279,-2.04622243,-51.21374817,-24.85559996,-8.93610698
44.76,17.25907691,0.96002813,3.89987269,-19.49861953,-1.15021254,-25.40441861,4.70895119,-10.73071407,-1.93796092,-52.49457683,-25.15932253,-9.28737668
44.765,16.78072875,1.00898681,3.77583423,-19.52800535,-0.78865671,-25.53092137,5.49556145,-10.84131638,-1.82178513,-53.71495124,-25.33294571,-9.64272302
44.77,16.28280375,1.03474849,3.65568062,-19.49343864,-0.44619952,-25.62406149,6.27677086,-10.91129883,-1.70133204,-54.85629985,-25.3662352,-9.97821895
44.775,15.78601058,1.02536083,3.50555188,-19.43965291,-0.13804918,-25.67589852,7.05531293,-10.93928904,-1.59186755,-55.92411736,-25.27950504,-10.28678366
44.78,15.28848072,0.9925588,3.33555695,-19.35404867,0.13868934,-25.67881666,7.82805845,-10.92928086,-1.48771992,-56.90864492,-25.07729601,-10.57289272
44.785,14.7763314,0.931404,3.17132479,-19.22291652,0.38230502,-25.65848649,8.57865588,-10.87666158,-1.41049574,-57.79973641,-24.74695004,-10.83774839
44.79,14.29248975,0.84419826,2.93044961,-19.09066073,0.63748682,-25.54843703,9.35662367,-10.79523967,-1.30970166,-58.62280154,-24.35305307,-11.0470336
44.795,13.77804349,0.73424942,2.76198096,-18.91127415,0.81241115,-25.4536331,10.06867692,-10.67102543,-1.29188643,-59.33037865,-23.81078657,-11.26939781
44.8,13.28190889,0.59512016,2.50975254,-18.70634828,1.02142346,-25.26784244,10.80101797,-10.51925085,-1.25417848,-59.95071672,-23.20525748,-11.40818597
44.805,12.782368,0.44213124,2.32842175,-18.50583754,1.15114984,-25.09245171,11.48670772,-10.33395383,-1.2783592,-60.48081979,-22.51558359,-11.56733328
44.81,12.29908196,0.25978294,2.06459217,-18.278861,1.33972746,-24.79522233,12.17965233,-10.1225428,-1.29729749,-60.91265347,-21.76139553,-11.60593915
44.815,11.8071049,0.06337167,1.85133685,-18.03632827,1.461112,-24.51528002,12.82521186,-9.88838423,-1.37910006,-61.23878178,-20.95664674,-11.66483857
44.82,11.31991602,-0.14750075,1.64174031,-17.78168877,1.56593387,-24.19845169,13.44585364,-9.63775743,-1.49637324,-61.46604393,-20.11027205,-11.6853479
44.825,10.8330735,-0.37354481,1.47774858,-17.51351075,1.6152911,-23.92395327,14.03284183,-9.3637034,-1.65703201,-61.59028356,-19.23850112,-11.72485433
44.83,10.35866547,-0.61785419,1.27071058,-17.25123534,1.71263594,-23.53600871,14.59305626,-9.08287366,-1.85450475,-61.61420152,-18.33732821,-11.63506968
44.835,9.88619415,-0.86760498,1.10489707,-16.97863964,1.77881008,-23.14638987,15.12444659,-8.78988063,-2.07726886,-61.54238876,-17.44482812,-11.55850061
44.84,9.41656954,-1.12393679,0.95417574,-16.70385849,1.84599411,-22.69243665,15.62654021,-8.48925025,-2.31931919,-61.3762668,-16.56687293,-11.42951226
44.845,8.95498787,-1.39196606,0.85156344,-16.42640813,1.8715219,-22.33361498,16.09420986,-8.17774753,-2.61167969,-61.10848771,-15.69517293,-11.33987772
44.85,8.4951348,-1.66279726,0.75025264,-16.15548915,1.91732645,-21.88054726,16.52151352,-7.87432574,-2.93910654,-60.74464615,-14.85441811,-11.16142489
44.855,8.03856335,-1.93455902,0.66929714,-15.88283261,1.94544349,-21.43101772,16.91912019,-7.5694213,-3.28231618,-60.29137371,-14.06128874,-10.99238
44.86,7.57801967,-2.2007046,0.61027605,-15.61318123,1.97553247,-20.93479311,17.2755163,-7.27557295,-3.64835216,-59.7468883,-13.32254012,-10.79737492
44.865,7.13887009,-2.48128784,0.58933438,-15.35327002,1.98491044,-20.54975806,17.61340298,-6.97065698,-4.04699054,-59.11822965,-12.60244388,-10.62246535
44.87,6.68753655,-2.74181067,0.60876891,-15.09195386,1.99520198,-20.0873752,17.90328909,-6.68658256,-4.45237769,-58.40049288,-11.95347624,-10.41434408
44.875,6.2453345,-3.00652466,0.62950686,-14.84282686,1.99624661,-19.6533121,18.16317382,-6.40632961,-4.88161109,-57.60549347,-11.35525863,-10.21870769
44.88,5.80544007,-3.25794552,0.68064218,-14.59795783,1.99565019,-19.24018003,18.39244304,-6.1421163,-5.31965013,-56.73074013,-10.81312772,-10.0217068
44.885,5.36256099,-3.50089021,0.76511518,-14.35658455,1.99333466,-18.81792244,18.58478707,-5.88725533,-5.76379221,-55.78261228,-10.3291985,-9.82481923
44.89,4.92290657,-3.72706651,0.86561663,-14.1219187,1.98261282,-18.4148172,18.74892793,-5.65063155,-6.20725354,-54.76341629,-9.8997997,-9.6418048
44.895,4.4844608,-3.94064369,0.98802934,-13.89438281,1.97105765,-18.02707896,18.88169041,-5.42902502,-6.65389354,-53.67649288,-9.52020181,-9.46650977
44.9,4.05498469,-4.13995658,1.12374705,-13.67545076,1.9527558,-17.67222041,18.99405557,-5.22208035,-7.09815585,-52.52730534,-9.18027451,-9.30133216
44.905,3.62863595,-4.31549398,1.27489777,-13.46124573,1.92630178,-17.3313899,19.08200004,-5.03779593,-7.53175024,-51.31721188,-8.88360615,-9.15283644
44.91,3.20194966,-4.47474729,1.44466293,-13.25282583,1.90706866,-17.00864188,19.14177078,-4.87039256,-7.96152691,-50.05034746,-8.62593031,-9.0141718
44.915,2.78310978,-4.60933331,1.62074288,-13.05128771,1.87980149,-16.70788671,19.18465975,-4.72514136,-8.37690894,-48.73001348,-8.39657736,-8.89330577
44.92,2.36524502,-4.72246299,1.80942473,-12.85399895,1.86098149,-16.42963549,19.20555894,-4.60075686,-8.78279121,-47.35939607,-8.19632627,-8.78657944
44.925,1.95596775,-4.81138086,2.00156778,-12.66344454,1.8405273,-16.17370805,19.21214992,-4.49805266,-9.17186141,-45.94204787,-8.0150876,-8.69725931
44.93,1.55365115,-4.8764114,2.19884198,-12.47784461,1.82591733,-15.94145887,19.20516955,-4.41694644,-9.54577032,-44.48076669,-7.84909808,-8.62390838
44.935,1.15981896,-4.91598211,2.39825104,-12.29890271,1.80968379,-15.7275952,19.18668478,-4.35863459,-9.90379635,-42.97718274,-7.69155396,-8.56964105
44.94,0.77070012,-4.93309894,2.60154469,-12.127119,1.80914933,-15.53766142,19.15282046,-4.32123729,-10.24913191,-41.43402753,-7.54235591,-8.53058269
44.945,0.39057432,-4.9255066,2.80025591,-11.95765025,1.81242902,-15.3661301,19.11158807,-4.30633203,-10.57742173,-39.85472757,-7.39400117,-8.51102093
44.95,0.02019292,-4.89623889,2.99900218,-11.79594575,1.82911701,-15.21615445,19.06303807,-4.31054779,-10.88981482,-38.24116596,-7.24406742,-8.50772428
44.955,-0.33713504,-4.8393484,3.19547403,-11.63829483,1.85112966,-15.07959267,19.01253027,-4.33874215,-11.18224056,-36.59571181,-7.08481825,-8.52598621
44.96,-0.68846696,-4.76559203,3.38850035,-11.48684272,1.89056853,-14.9627221,18.95186886,-4.38363198,-11.46633673,-34.91843452,-6.92045031,-8.55834233
44.965,-1.02760753,-4.66989122,3.5755403,-11.34220792,1.94260781,-14.85965764,18.88915609,-4.44774565,-11.73389708,-33.21246335,-6.74520967,-8.60967178
44.97,-1.36035449,-4.55955495,3.75860733,-11.20273933,2.01498515,-14.77284942,18.8184776,-4.52577671,-11.99283335,-31.47750254,-6.56265299,-8.67389356
44.975,-1.68265915,-4.42994893,3.93702051,-11.06971951,2.1039637,-14.69593914,18.7451345,-4.62132342,-12.23780387,-29.7168955,-6.36798701,-8.75598732
44.98,-1.99536445,-4.28464315,4.10998708,-10.94325678,2.21131462,-14.62838362,18.668599,-4.73126985,-12.47171937,-27.93207672,-6.16245682,-8.85344218
44.985,-2.30052131,-4.12587651,4.27803455,-10.82352791,2.3392446,-14.56907608,18.58704852,-4.85392853,-12.69647618,-26.12447331,-5.94924073,-8.96304828
44.99,-2.59940241,-3.95258645,4.44348063,-10.71101175,2.48904523,-14.51450424,18.49976765,-4.99084347,-12.91245178,-24.29718682,-5.7280162,-9.08671719
44.995,-2.89392877,-3.76961542,4.6031452,-10.60528011,2.66101353,-14.46508002,18.40563357,-5.13610807,-13.11900783,-22.45189877,-5.5062175,-9.21627826
45,-3.17525199,-3.56655242,4.75439899,-10.50900999,2.85578046,-14.41854665,18.31826985,-5.29923579,-13.30635015,-20.59915893,-5.27695029,-9.36132141
45.005,-3.45815884,-3.35674527,4.90410908,-10.41709517,3.07389676,-14.37233726,18.22045463,-5.468726,-13.48490205,-18.73492257,-5.05652886,-9.50777439
45.01,-3.73301849,-3.13065219,5.0504373,-10.338029,3.31811523,-14.32537965,18.1240264,-5.65475377,-13.64941454,-16.8742471,-4.83640594,-9.66645116
45.015,-4.00816872,-2.89172916,5.19733693,-10.26608676,3.58669406,-14.27420408,18.02284338,-5.85338291,-13.79797922,-15.02085209,-4.62646256,-9.82790913
45.02,-4.28986343,-2.65418765,5.35090828,-10.20322284,3.87388369,-14.20841612,17.90757623,-6.0509976,-13.92533258,-13.17772178,-4.43225371,-9.98515072
45.025,-4.54779931,-2.36825826,5.46999411,-10.15183049,4.1894869,-14.16493613,17.83161955,-6.29229805,-14.01909979,-11.38518698,-4.23414419,-10.1488297
45.03,-4.81544833,-2.08282573,5.60764898,-10.10946163,4.52557745,-14.10105339,17.74285515,-6.53732065,-14.09163702,-9.6262413,-4.05619978,-10.3157599
45.035,-5.08090404,-1.78571797,5.74230692,-10.07912814,4.8828452,-14.03511077,17.66377112,-6.79414849,-14.13291711,-7.92188261,-3.89122406,-10.47806451
45.04,-5.34907805,-1.48056341,5.87708972,-10.06106072,5.25894834,-13.95550468,17.58948274,-7.06149139,-14.1395481,-6.27999369,-3.74263509,-10.64508584
45.045,-5.59474881,-1.16033099,6.02115305,-10.06524407,5.66163103,-13.93044012,17.55225911,-7.34080712,-14.10661214,-4.71846696,-3.61680949,-10.76507196
45.05,-5.85634194,-0.83400954,6.15326275,-10.07342512,6.05918003,-13.8573621,17.51142812,-7.63432147,-14.03620072,-3.23827679,-3.49524448,-10.92064696
45.055,-6.14489483,-0.53428431,6.26269084,-10.08225518,6.464258,-13.69712471,17.4562322,-7.90911688,-13.92906416,-1.83848331,-3.40117841,-11.15467614
45.06,-6.42022867,-0.24271472,6.3857839,-10.12000254,6.91461749,-13.56976438,17.42733143,-8.17369537,-13.76332563,-0.5367314,-3.35889383,-11.35740917
45.065,-6.68367429,0.06672757,6.5013557,-10.16854158,7.32580446,-13.48432844,17.43333457,-8.46055619,-13.57957176,0.64858795,-3.29766957,-11.51207573
45.07,-6.93757144,0.34936774,6.63781836,-10.24761097,7.76027071,-13.46078577,17.45796856,-8.72269321,-13.36789301,1.7253486,-3.27756648,-11.60176924
45.075,-7.22722085,0.5996859,6.71066499,-10.31831298,8.19744131,-13.23952439,17.46825555,-8.95713437,-13.05773122,2.70075674,-3.32146313,-11.92790446
45.08,-7.49215307,0.85551797,6.83807267,-10.41532541,8.56892226,-13.15587419,17.51668856,-9.20554171,-12.77312499,3.54316565,-3.31414988,-12.03857163
45.085,-7.76358115,1.07358834,6.95081522,-10.53184954,8.95269628,-13.04415134,17.57076313,-9.41653531,-12.43900795,4.27078772,-3.36573725,-12.19563308
45.09,-8.03400262,1.25819043,7.05372652,-10.66941084,9.32241182,-12.92738723,17.63804884,-9.59578217,-12.07347946,4.87681177,-3.45183335,-12.34825018
45.095,-8.30102488,1.40720788,7.14760192,-10.83010158,9.6695056,-12.80785974,17.71903871,-9.74034321,-11.68151108,5.35981731,-3.56867684,-12.48819837
45.1,-8.56424969,1.51841774,7.23075508,-11.01332603,9.98844188,-12.68289695,17.81290031,-9.84699402,-11.26620235,5.71973008,-3.71637677,-12.61519228
45.105,-8.82166678,1.59252922,7.30204387,-11.2221229,10.27472676,-12.55469535,17.9199631,-9.91619711,-10.83498628,5.95706053,-3.89399476,-12.72268422
45.11,-9.06989787,1.62624826,7.36224357,-11.4583298,10.52339608,-12.42899453,18.04089241,-9.94283737,-10.39458595,6.07338654,-4.10101515,-12.79981828
45.115,-9.30785338,1.61449437,7.40281606,-11.72114752,10.73141024,-12.29263938,18.17499762,-9.92091025,-9.94079931,6.07422119,-4.34090529,-12.86021771
45.12,-9.51725849,1.55156439,7.47230918,-12.01107013,10.83241223,-12.26922606,18.33579566,-9.85197224,-9.53402928,5.9526062,-4.54485621,-12.76094084
45.125,-9.74090641,1.46774392,7.44150471,-12.34767223,10.99504861,-12.00191031,18.48252712,-9.74331824,-9.02546003,5.73510624,-4.90122534,-12.88741308
45.13,-9.92203824,1.32683762,7.4426233,-12.7154549,11.04458661,-11.85867869,18.66510703,-9.58264891,-8.5808387,5.39816728,-5.21362437,-12.84874757
45.135,-10.08805099,1.15752202,7.42785849,-13.12442014,11.04001543,-11.69756663,18.85577667,-9.38858605,-8.13681306,4.95920475,-5.54799489,-12.78597158
45.14,-10.22998102,0.95342984,7.39557582,-13.57753584,10.97939068,-11.5261566,19.05844955,-9.15481281,-7.70347482,4.42491704,-5.9016011,-12.69853528
45.145,-10.34504775,0.71512037,7.33690272,-14.07839421,10.86503138,-11.33206077,19.27342605,-8.88110951,-7.2780313,3.80099168,-6.27624824,-12.59421103
45.15,-10.43216768,0.44569566,7.25505127,-14.62848601,10.69223012,-11.11585459,19.49946291,-8.57161226,-6.86667716,3.09362772,-6.66382351,-12.47280535
45.155,-10.48625507,0.14536107,7.14417404,-15.23309909,10.46327953,-10.87046284,19.73564832,-8.22605641,-6.47115601,2.31395067,-7.05900873,-12.33963385
45.16,-10.50690161,-0.18068321,7.00540985,-15.89385417,10.17529698,-10.5952539,19.98013744,-7.85091772,-6.09443422,1.46684114,-7.45319042,-12.19566008
45.165,-10.49291675,-0.53221471,6.84230981,-16.61084421,9.82520166,-10.29061738,20.22967118,-7.44807239,-5.74145528,0.56482261,-7.83701255,-12.04225169
45.17,-10.44021127,-0.90429665,6.6493059,-17.39129237,9.41161587,-9.95308162,20.4822516,-7.02366421,-5.41071404,-0.38641858,-8.20225703,-11.88279842
45.175,-10.34836992,-1.29737892,6.42905857,-18.23466965,8.93585744,-9.58050624,20.73469601,-6.57823662,-5.10610114,-1.37555622,-8.53943582,-11.72118655
45.18,-10.2163496,-1.70103915,6.17371948,-19.14062632,8.40689341,-9.16423978,20.98858437,-6.12248049,-4.83020991,-2.39847593,-8.840725,-11.56346648
45.185,-10.0450632,-2.12449592,5.90360381,-20.11270841,7.80023834,-8.72353073,21.22894265,-5.65269287,-4.57915363,-3.43406323,-9.09456091,-11.40523122
45.19,-9.83480394,-2.55920448,5.60985664,-21.15074014,7.12149303,-8.25222006,21.45623497,-5.17809317,-4.35360827,-4.48218653,-9.29440752,-11.25216835
45.195,-9.57839136,-3.00870517,5.28042642,-22.25507533,6.39518467,-7.73834936,21.67889391,-4.69531575,-4.16113188,-5.53845702,-9.43661491,-11.10845141
45.2,-9.28128218,-3.4678856,4.92994319,-23.42289422,5.60030455,-7.19681479,21.88318268,-4.21256079,-3.99495763,-6.58958907,-9.51291542,-10.97551165
45.205,-8.9465201,-3.93995505,4.56465603,-24.64804609,4.74342713,-6.6294847,22.07178019,-3.72876031,-3.85158396,-7.63870662,-9.52205536,-10.85338898
45.21,-8.5556104,-4.41823047,4.16893045,-25.95025952,3.83676398,-6.0175079,22.24066357,-3.25250303,-3.7259606,-8.65593901,-9.45623517,-10.74317914
45.215,-8.1512591,-4.91564443,3.79848976,-27.29645067,2.82941552,-5.45364934,22.36125397,-2.77028991,-3.61217219,-9.64747489,-9.31994103,-10.64720486
45.22,-7.68636304,-5.42356404,3.37238392,-28.70877276,1.79756701,-4.84326331,22.47730731,-2.29653458,-3.54001468,-10.6147921,-9.10950729,-10.56172495
45.225,-7.19341025,-5.94156394,2.95889211,-30.16804809,0.69897951,-4.25282822,22.55414079,-1.82629363,-3.47207974,-11.54322711,-8.82890123,-10.49402549
45.23,-6.67139107,-6.47394949,2.5587138,-31.673934,-0.45785919,-3.68695311,22.58901911,-1.35643945,-3.39794829,-12.42533497,-8.48166868,-10.44170889
45.235,-6.10836422,-7.01440264,2.13139109,-33.22075521,-1.6340204,-3.13134006,22.60679401,-0.89546353,-3.36389833,-13.27197228,-8.07253701,-10.40271314
45.24,-5.51346973,-7.5757121,1.71336629,-34.80141747,-2.84353686,-2.6101813,22.58921066,-0.43259677,-3.3251366,-14.07054261,-7.60484566,-10.3751316
45.245,-4.88800401,-8.14247891,1.29592627,-36.40973008,-4.06767475,-2.12958833,22.54436091,0.02134119,-3.30342951,-14.82373343,-7.08485346,-10.3607153
45.25,-4.22139773,-8.72630617,0.87361927,-38.04023336,-5.28159405,-1.69835415,22.48619445,0.47036848,-3.30774308,-15.53846172,-6.51893354,-10.34532608
45.255,-3.50703023,-9.3027246,0.49865582,-39.69000536,-6.48835629,-1.30904941,22.4111786,0.90104347,-3.29932815,-16.19940045,-5.89414403,-10.32959688
45.26,-2.84707681,-9.88908657,0.11326826,-41.32692494,-7.71170639,-1.02947511,22.23540411,1.34354846,-3.26539026,-16.79140207,-5.27743503,-10.36583838
45.265,-2.13010061,-10.48907821,-0.26733471,-42.96639572,-8.87606886,-0.81646867,22.07195615,1.77735487,-3.27557418,-17.34827135,-4.62560263,-10.3825297
45.27,-1.35771319,-11.06364522,-0.58702058,-44.60244423,-9.9905555,-0.66965595,21.9066344,2.17822155,-3.28278572,-17.85329583,-3.92780811,-10.38611181
45.275,-0.64863994,-11.64037244,-0.93498829,-46.20434703,-11.04840811,-0.60298946,21.65016991,2.58798342,-3.25384111,-18.29702612,-3.27302312,-10.43448673
45.28,0.09666263,-12.20343475,-1.24437865,-47.78294363,-12.03106304,-0.62201549,21.38402177,2.97921521,-3.2322519,-18.68715692,-2.60345805,-10.47437638
45.285,0.85652529,-12.74885939,-1.53253568,-49.32784913,-12.92769225,-0.72561233,21.09713688,3.34986474,-3.21217665,-19.03111599,-1.94198947,-10.51066538
45.29,1.619497,-13.26783731,-1.80207546,-50.82791344,-13.72923254,-0.90599331,20.78460422,3.69686003,-3.19327888,-19.32885228,-1.29565515,-10.55131621
45.295,2.39420344,-13.75312285,-2.04347909,-52.28193536,-14.43171383,-1.16736718,20.44966822,4.01574,-3.16852326,-19.57355354,-0.66885912,-10.59016021
45.3,3.15675109,-14.21034242,-2.2738989,-53.67908386,-15.01928653,-1.48921534,20.07748362,4.31684306,-3.12003655,-19.76202413,-0.07859016,-10.63517914
45.305,3.92001022,-14.62626197,-2.48203598,-55.01444043,-15.49529218,-1.87676661,19.68174263,4.58723909,-3.06455112,-19.90175776,0.48260073,-10.68540566
45.31,4.71183875,-14.98611595,-2.65478594,-56.28713001,-15.88109392,-2.35608384,19.29333006,4.80405516,-3.0453045,-20.01380428,1.00344575,-10.72267129
45.315,5.44900108,-15.33660206,-2.85803839,-57.48110271,-16.10495169,-2.8389209,18.83973647,5.03175047,-2.95621264,-20.05649421,1.47279443,-10.77402136
45.32,6.20021206,-15.63401734,-3.03514636,-58.60017049,-16.23893961,-3.39845574,18.38400612,5.21388849,-2.88948545,-20.06302672,1.8974995,-10.82407787
45.325,6.94952833,-15.88041443,-3.20094672,-59.63920305,-16.26514135,-3.99671053,17.91692467,5.35779181,-2.82146058,-20.03362439,2.27090321,-10.87033613
45.33,7.69317543,-16.07822032,-3.36070035,-60.59394789,-16.18726115,-4.62678806,17.43851016,5.46635102,-2.75266456,-19.96732913,2.59579601,-10.91587793
45.335,8.42868914,-16.22932224,-3.51582313,-61.45975589,-16.00799966,-5.2831591,16.94851964,5.54208979,-2.67953786,-19.8650312,2.87311189,-10.96095089
45.34,9.14975148,-16.33326761,-3.67027923,-62.23468234,-15.72273455,-5.94509944,16.44530625,5.58439029,-2.60000282,-19.73017711,3.10191383,-11.00647888
45.345,9.8269523,-16.37478852,-3.80942634,-62.90524253,-15.28408362,-6.52787659,15.89606877,5.57598421,-2.54407967,-19.54867805,3.28934615,-11.06886009
45.35,10.56665684,-16.39850198,-3.97591882,-63.48515682,-14.94150306,-7.311572,15.41658248,5.56665385,-2.44701038,-19.3399731,3.41794126,-11.09037498
45.355,11.22143346,-16.36432807,-4.11996289,-63.96336665,-14.35852282,-7.8835136,14.86093588,5.50692686,-2.39109172,-19.10454455,3.50865432,-11.13103289
45.36,11.88020644,-16.30170318,-4.28057487,-64.34300923,-13.76279414,-8.50623276,14.32232413,5.43232933,-2.31745651,-18.84256124,3.55793526,-11.15834042
45.365,12.5304809,-16.1981738,-4.44691962,-64.62050674,-13.14174523,-9.12071016,13.78914727,5.32796576,-2.24910152,-18.5556842,3.5698093,-11.18130441
45.37,13.19503274,-16.00321486,-4.65590913,-64.77964065,-12.58084295,-9.81016668,13.30950785,5.15292564,-2.12500449,-18.26438121,3.56056409,-11.22276363
45.375,13.80163885,-15.85285625,-4.81227314,-64.856565,-11.87157589,-10.33048787,12.75996368,5.01915314,-2.09042234,-17.93127313,3.50240641,-11.22276267
45.38,14.39294023,-15.59697512,-5.03085452,-64.81087791,-11.20217628,-10.85021009,12.25020374,4.79743138,-1.98360673,-17.60227857,3.43608755,-11.25296188
45.385,14.96661911,-15.39702042,-5.20037964,-64.6857385,-10.48727778,-11.32001664,11.71338807,4.63176184,-1.95466018,-17.23822293,3.32613948,-11.2402162
45.39,15.50217592,-15.06725363,-5.43787298,-64.43197851,-9.81652293,-11.72290278,11.20576649,4.35522223,-1.829639,-16.88695741,3.21909346,-11.26390208
45.395,16.01133576,-14.77160595,-5.6718556,-64.08688294,-9.15434643,-12.09604896,10.68767168,4.10770914,-1.75489395,-16.51419732,3.08874214,-11.26340922
45.4,16.50047101,-14.45473906,-5.89971491,-63.65032453,-8.51038301,-12.41830437,10.17517359,3.84836451,-1.67738925,-16.13537478,2.94067914,-11.25501128
45.405,16.95683465,-14.12350824,-6.14269813,-63.11526326,-7.90539655,-12.69419503,9.66530736,3.57614403,-1.60339134,-15.75197385,2.789455,-11.24512142
45.41,17.38541573,-13.780138,-6.39002297,-62.4885658,-7.33868898,-12.92994798,9.16057682,3.29621152,-1.52415541,-15.36648434,2.6297737,-11.22906902
45.415,17.78460853,-13.42882025,-6.6463121,-61.77465575,-6.81873473,-13.12826988,8.65969312,3.00949683,-1.43979524,-14.97895936,2.46822382,-11.20898245
45.42,18.14016042,-13.06685377,-6.90641783,-60.97137544,-6.35175163,-13.30106948,8.15362645,2.71853384,-1.33130965,-14.59521002,2.31722918,-11.18417791
45.425,18.49250811,-12.72005437,-7.1711337,-60.09026779,-5.92917545,-13.44036573,7.67295765,2.43408014,-1.26656156,-14.21034579,2.14326853,-11.15439345
45.43,18.79710008,-12.35732047,-7.43765049,-59.12410328,-5.56338901,-13.56128819,7.18681512,2.14227782,-1.15468366,-13.83608585,1.98853524,-11.12069832
45.435,19.07937815,-12.01077323,-7.70287681,-58.08714688,-5.2480711,-13.673041,6.70885188,1.86285033,-1.05630456,-13.46472131,1.83487352,-11.08203944
45.44,19.30191801,-11.67126881,-7.98039064,-56.9743091,-4.99629852,-13.79852865,6.21167565,1.58936025,-0.92693794,-13.10082881,1.71823136,-11.04171525
45.445,19.55720594,-11.33887999,-8.2266953,-55.79971568,-4.77528731,-13.87147542,5.77006805,1.32446428,-0.8404393,-12.74627912,1.56125258,-10.99867837
45.45,19.75561407,-11.01179884,-8.48599356,-54.55490666,-4.60562179,-13.97212008,5.31524468,1.06247697,-0.71079788,-12.40453771,1.43798223,-10.95009942
45.455,19.919233,-10.69933624,-8.72567339,-53.25037447,-4.48226419,-14.08990515,4.85610268,0.81845358,-0.56677656,-12.07450476,1.34118993,-10.89941569
45.46,20.07760339,-10.40606955,-8.96655492,-51.88786763,-4.38639168,-14.19812812,4.42608161,0.58476225,-0.45302215,-11.75955281,1.23581321,-10.84764153
45.465,20.21293143,-10.13238834,-9.18567577,-50.47012937,-4.32114209,-14.32172878,4.00385052,0.37260646,-0.32321364,-11.46064766,1.15074918,-10.79187284
45.47,20.3313091,-9.87442584,-9.39155316,-49.00003977,-4.27776402,-14.45546212,3.59713888,0.17352853,-0.19651528,-11.17844882,1.07542949,-10.73386661
45.475,20.43142106,-9.63460809,-9.57415412,-47.48146727,-4.25321598,-14.60616701,3.20192328,-0.00685719,-0.06419812,-10.91337929,1.02091174,-10.67420197
45.48,20.5146767,-9.41350086,-9.7358987,-45.91542229,-4.2429704,-14.77137202,2.82102678,-0.16986854,0.06936967,-10.66850614,0.98580495,-10.61379847
45.485,20.58600799,-9.21120111,-9.87242585,-44.3047345,-4.23804188,-14.94972235,2.45863204,-0.31488561,0.20035105,-10.44501875,0.96534302,-10.5517095
45.49,20.64230529,-9.03134469,-9.98326025,-42.64990261,-4.23893181,-15.14288529,2.11044469,-0.438956,0.33364277,-10.24065125,0.96899104,-10.4895689
45.495,20.68852813,-8.87089375,-10.06628016,-40.95327213,-4.23605197,-15.34791679,1.78258697,-0.54505555,0.4637097,-10.05956873,0.98699227,-10.42613451
45.5,20.72180245,-8.73230617,-10.11697001,-39.21705985,-4.23084538,-15.56684871,1.47056232,-0.62981415,0.59156711,-9.90107491,1.03120494,-10.36419248
45.505,20.7500804,-8.61683604,-10.13407932,-37.44198413,-4.20996927,-15.79169357,1.1829488,-0.69314077,0.71381935,-9.76590931,1.08401167,-10.30101254
45.51,20.76546706,-8.52335086,-10.11900864,-35.6290988,-4.18405626,-16.02892651,0.91196467,-0.73650587,0.83645365,-9.65393835,1.16292109,-10.23958481
45.515,20.77257973,-8.45483513,-10.06530247,-33.78039283,-4.1441707,-16.27169081,0.66049963,-0.75617756,0.95367236,-9.56621603,1.25978066,-10.18013532
45.52,20.76780787,-8.41052153,-9.97736378,-31.89530848,-4.09590222,-16.52202863,0.42671279,-0.75477922,1.07083184,-9.5005722,1.37766602,-10.12227271
45.525,20.75319011,-8.39198853,-9.84994157,-29.97694126,-4.0407132,-16.7730873,0.21020161,-0.73004761,1.18656958,-9.45695945,1.51650517,-10.06752823
45.53,20.76717516,-8.41000066,-9.61831479,-28.04958869,-3.89582836,-16.96367977,0.02783541,-0.65650714,1.2381747,-9.43813154,1.65471633,-10.05426513
45.535,20.69261766,-8.44931562,-9.4895562,-26.05164933,-3.90595461,-17.27861523,-0.17067846,-0.60342581,1.41608044,-9.43960061,1.84803751,-9.97280577
45.54,20.67584777,-8.52264747,-9.19297217,-24.06764927,-3.76224051,-17.45759713,-0.32863219,-0.48717324,1.47405619,-9.46347097,2.02927703,-9.96947403
45.545,20.61644154,-8.64217632,-8.92102968,-22.05076585,-3.68276032,-17.69215594,-0.48725257,-0.34884577,1.594452,-9.50685228,2.24788747,-9.93933131
45.55,20.51024794,-8.78887099,-8.68802636,-19.99774667,-3.70826313,-18.00668275,-0.65275998,-0.21027426,1.76267202,-9.56093852,2.4809139,-9.8644758
45.555,20.42797963,-8.97943564,-8.35884035,-17.96164995,-3.65197363,-18.22361489,-0.79769681,-0.01963104,1.87594602,-9.6352015,2.73101215,-9.84264562
45.56,20.33163059,-9.21193005,-8.01679388,-15.92865188,-3.61999761,-18.43052424,-0.93677783,0.19845826,2.00460683,-9.72732442,2.99212786,-9.82169464
45.565,20.23001771,-9.49497951,-7.66483795,-13.91879774,-3.59014914,-18.60300959,-1.07537178,0.45425219,2.13359483,-9.82961469,3.27504875,-9.81379477
45.57,20.13353954,-9.80871506,-7.28437249,-11.94846242,-3.55963737,-18.67824885,-1.20617126,0.73302842,2.24541038,-9.95285981,3.59076938,-9.83806507
45.575,20.00664763,-10.19413792,-6.95140842,-10.01598679,-3.5719789,-18.86115674,-1.35652678,1.0563191,2.42234029,-10.07250957,3.88250056,-9.8079565
45.58,19.89343581,-10.60030384,-6.59852319,-8.15454675,-3.58884295,-18.93214332,-1.50388951,1.39502336,2.57404327,-10.20992503,4.21953437,-9.81612637
45.585,19.79126602,-11.02495287,-6.25115184,-6.37271604,-3.61719989,-18.90945322,-1.65031726,1.74306693,2.71368645,-10.36258193,4.58700139,-9.84601029
45.59,19.68780179,-11.49138008,-5.93373668,-4.67820024,-3.64012661,-18.88935563,-1.81164658,2.11891656,2.8842019,-10.5144695,4.94536076,-9.85368151
45.595,19.59228287,-11.96761512,-5.63505876,-3.0826532,-3.6772456,-18.82796781,-1.97984215,2.49717189,3.05385685,-10.67834984,5.31478316,-9.86570827
45.6,19.4985209,-12.45942439,-5.36636305,-1.59361822,-3.68713037,-18.77365786,-2.16466491,2.87729086,3.25361139,-10.83449815,5.65557915,-9.849553
45.605,19.42165377,-12.92905127,-5.11334652,-0.21899887,-3.7305414,-18.63473426,-2.35316611,3.23663796,3.43526961,-11.00806661,6.03329075,-9.85703651
45.61,19.36504268,-13.36121628,-4.8742666,1.03656001,-3.8176129,-18.43655051,-2.54410034,3.56388436,3.59365487,-11.19735745,6.43890993,-9.88856642
45.615,19.31283625,-13.79259894,-4.65927616,2.16527642,-3.87155217,-18.24040672,-2.7507967,3.88457828,3.77962558,-11.38685216,6.81696116,-9.88420149
45.62,19.26142968,-14.20086488,-4.47948866,3.16565521,-3.88602131,-18.02173242,-2.97779845,4.17645741,3.98175049,-11.56981948,7.16747554,-9.84216498
45.625,19.24303959,-14.52381866,-4.28907267,4.03904173,-4.00970841,-17.76943957,-3.19235143,4.40282122,4.1313225,-11.78373377,7.55489077,-9.86746674
45.63,19.21127378,-14.84577907,-4.13850863,4.77968274,-4.04673257,-17.52101271,-3.43804321,4.61834706,4.33012327,-11.98599646,7.89291519,-9.8014258
45.635,19.19995478,-15.08694482,-3.99036136,5.39052353,-4.14816843,-17.25218973,-3.68009581,4.76838279,4.49351578,-12.21092084,8.23935724,-9.76616879
45.64,19.19979822,-15.26907687,-3.84700184,5.87095351,-4.26758241,-16.99130223,-3.92688389,4.86872487,4.64581843,-12.44925298,8.56218915,-9.72103285
45.645,19.23006624,-15.38180678,-3.69301947,6.2218861,-4.43740406,-16.75721613,-4.16036588,4.9175306,4.75731023,-12.70684953,8.85034693,-9.72279383
45.65,19.23487188,-15.44872329,-3.57430286,6.44479118,-4.58023605,-16.5044689,-4.42496355,4.91706613,4.90882351,-12.9742194,9.13306454,-9.60822148
45.655,19.27112957,-15.42919537,-3.44325903,6.54277734,-4.77673812,-16.27329081,-4.67284889,4.85250908,5.00535123,-13.26523823,9.37140954,-9.54661439
45.66,19.3568352,-15.3756286,-3.27170628,6.50566177,-4.99343372,-16.08280882,-4.89479455,4.7747925,5.07939456,-13.57566566,9.51866357,-9.55835054
45.665,19.41972467,-15.22922984,-3.15185884,6.36214461,-5.24702069,-15.88636784,-5.13382031,4.60919198,5.15096174,-13.90612341,9.67979584,-9.48335489
45.67,19.47971055,-15.02168688,-3.02872364,6.11554575,-5.496732,-15.72046712,-5.36018617,4.39197041,5.17958513,-14.29017743,9.77661702,-9.37298303
45.675,19.57876693,-14.7760678,-2.89002898,5.74608,-5.7771412,-15.56318183,-5.56771921,4.15685671,5.19650856,-14.69186681,9.80688352,-9.31258576
45.68,19.68862015,-14.47168039,-2.7570567,5.27402423,-6.07563201,-15.42825441,-5.76055342,3.87614181,5.18436529,-15.13152327,9.78036636,-9.24295492
45.685,19.82056829,-14.12970247,-2.61638627,4.70289655,-6.39195546,-15.28745878,-5.93325647,3.57456774,5.13863054,-15.60507226,9.67205961,-9.19971356
45.69,19.96066693,-13.72651729,-2.4873769,4.04201136,-6.71019435,-15.17882963,-6.08275044,3.22252883,5.07211794,-16.12717739,9.49526562,-9.13737233
45.695,20.10726396,-13.29212875,-2.35726409,3.30178613,-7.03308424,-15.09420557,-6.21181022,2.84948484,4.97818931,-16.69865193,9.25448309,-9.06171113
45.7,20.26371219,-12.82031314,-2.22708315,2.48643406,-7.35770066,-15.03053369,-6.31676602,2.45031457,4.8533802,-17.31673598,8.93664339,-8.97991635
45.705,20.42269248,-12.3039133,-2.08391784,1.61140656,-7.71881516,-15.03976145,-6.3916443,2.02077862,4.68610256,-18.00677745,8.61722295,-8.87801015
45.71,20.59497243,-11.78091922,-1.9381177,0.67675208,-8.03831484,-15.03639158,-6.43522705,1.59109454,4.49604159,-18.73607268,8.13893986,-8.7858104
45.715,20.7721437,-11.24158488,-1.78942567,-0.3044659,-8.33711378,-15.05447015,-6.44414748,1.15259692,4.2771288,-19.5249399,7.57746203,-8.702784
45.72,20.95157464,-10.68601047,-1.62196907,-1.32374155,-8.61528669,-15.10567188,-6.41746113,0.70490812,4.03773069,-20.37227899,6.93119365,-8.61707185
45.725,21.13059201,-10.12348338,-1.43379518,-2.36730813,-8.86654595,-15.19426874,-6.35210615,0.25772915,3.77237554,-21.2824713,6.18867009,-8.53121326
45.73,21.30077256,-9.56636884,-1.25573177,-3.43195482,-9.06668717,-15.29824391,-6.24939216,-0.18765778,3.48312009,-22.25423322,5.34883051,-8.44715155
45.735,21.46469734,-9.00234235,-1.055217,-4.50628518,-9.22808427,-15.43333275,-6.10720487,-0.63633943,3.17715084,-23.28603178,4.41511413,-8.37021297
45.74,21.60849962,-8.44809017,-0.86772802,-5.57754967,-9.32348027,-15.57880791,-5.92603474,-1.0836938,2.84642986,-24.38450438,3.37856483,-8.28660744
45.745,21.75701401,-7.90059588,-0.60287772,-6.65238562,-9.39442149,-15.80869128,-5.69949627,-1.51293435,2.52463594,-25.5304075,2.25096337,-8.23037767
45.75,21.8610937,-7.3572448,-0.40250944,-7.7029399,-9.37799119,-15.97832888,-5.44277423,-1.962163,2.17553552,-26.74366155,1.04045255,-8.14970952
45.755,21.94990035,-6.82836675,-0.17570736,-8.73793279,-9.30448898,-16.19300563,-5.1457379,-2.39993657,1.82204181,-28.00728019,-0.25877892,-8.08713862
45.76,22.01365144,-6.31216931,0.0674195,-9.74069084,-9.17343497,-16.43081009,-4.80559596,-2.83556635,1.46899036,-29.32595648,-1.63569279,-8.03947009
45.765,22.05339958,-5.80696877,0.31837196,-10.71394612,-8.98334164,-16.68464495,-4.4268127,-3.27035892,1.11965899,-30.68952213,-3.08721276,-8.00883801
45.77,22.08053075,-5.34030925,0.60842531,-11.65323992,-8.72367818,-17.02023648,-3.99548509,-3.67021897,0.80064445,-32.09786852,-4.62002697,-8.0593933
45.775,22.04272608,-4.8483677,0.83194517,-12.54052822,-8.41891111,-17.23350281,-3.55821568,-4.12960321,0.46700343,-33.54020634,-6.14760064,-7.99713734
45.78,22.00377076,-4.41324317,1.09119465,-13.40075621,-8.03227845,-17.55383674,-3.06556091,-4.53383167,0.17163962,-35.01106965,-7.74901642,-8.08897658
45.785,21.91155953,-3.96706418,1.32586463,-14.19818022,-7.61085724,-17.80824396,-2.55455867,-4.97302969,-0.11048504,-36.50864808,-9.32552615,-8.1130859
45.79,21.78838191,-3.54223642,1.54353587,-14.95150563,-7.14530902,-18.06328905,-2.01701936,-5.40883398,-0.3745608,-38.0220815,-10.89359858,-8.14954373
45.795,21.649165,-3.16118926,1.73895036,-15.67195515,-6.62033512,-18.34940856,-1.44612438,-5.8145226,-0.60833665,-39.54100209,-12.45491608,-8.27948927
45.8,21.4540307,-2.76343698,1.91617776,-16.32513106,-6.10322505,-18.57344059,-0.87351647,-6.25811475,-0.84010935,-41.06207281,-13.92352728,-8.27803001
45.805,21.25126115,-2.42496555,2.09425299,-16.92769528,-5.50379183,-18.8428656,-0.24442662,-6.64500356,-0.98293815,-42.58757425,-15.36544386,-8.49674384
45.81,21.00368252,-2.08286513,2.23287623,-17.48293186,-4.94353644,-19.05728645,0.3703781,-7.0563347,-1.15725167,-44.09020672,-16.69953604,-8.56922582
45.815,20.73993612,-1.80538564,2.35237073,-17.98550003,-4.29939419,-19.30399191,1.03026016,-7.40704047,-1.23669823,-45.58115754,-17.94532559,-8.81522644
45.82,20.4350257,-1.51732794,2.45526288,-18.43279864,-3.71565339,-19.49997106,1.67431251,-7.77679255,-1.34431184,-47.0353436,-19.07699101,-8.93490191
45.825,20.12175622,-1.30740214,2.50882836,-18.84095214,-3.07040983,-19.70086022,2.35980226,-8.07380985,-1.36144128,-48.46561662,-20.08448731,-9.22774143
45.83,19.76004692,-1.08033098,2.5793555,-19.18166298,-2.49526373,-19.87889598,3.02027795,-8.38971632,-1.41150864,-49.84777668,-20.95186387,-9.37375624
45.835,19.38652209,-0.90814557,2.59467097,-19.4790172,-1.90298201,-20.05135265,3.70577281,-8.65254816,-1.40390241,-51.18943987,-21.6871794,-9.6238367
45.84,18.98881302,-0.77065641,2.59530665,-19.72380684,-1.33080272,-20.20442806,4.39253043,-8.87617914,-1.37462843,-52.47445985,-22.28149398,-9.87733238
45.845,18.57784404,-0.67359723,2.54915101,-19.93040475,-0.7820562,-20.33168143,5.08718794,-9.06165893,-1.32671066,-53.70499985,-22.73587321,-10.16250601
45.85,18.14072578,-0.60812899,2.50042305,-20.07963786,-0.26490327,-20.45091335,5.77425206,-9.20277238,-1.26656037,-54.8685076,-23.0424463,-10.43292621
45.855,17.6916915,-0.57853344,2.41375553,-20.19170232,0.21452951,-20.55027025,6.46019613,-9.30689657,-1.20275558,-55.96294954,-23.21364917,-10.71484068
45.86,17.22751499,-0.57999564,2.30652957,-20.25692504,0.65646944,-20.627745,7.14258453,-9.37049331,-1.13225279,-56.98222569,-23.25603726,-11.00059694
45.865,16.75545561,-0.61224366,2.17419394,-20.29366401,1.05142255,-20.68641076,7.81642373,-9.39687007,-1.07069475,-57.92385843,-23.17901935,-11.27753092
45.87,16.26552274,-0.67143465,2.04090707,-20.27327831,1.40586251,-20.73220486,8.48045507,-9.38479321,-1.01381708,-58.77800989,-22.98606438,-11.54613812
45.875,15.76469353,-0.75420938,1.89164131,-20.21028771,1.71557221,-20.76644097,9.1298039,-9.3386993,-0.97307028,-59.54262684,-22.68309051,-11.8096567
45.88,15.26900134,-0.86569228,1.68380069,-20.12654007,2.01397773,-20.74767891,9.78785032,-9.26217678,-0.91492093,-60.22522125,-22.31064083,-12.04800865
45.885,14.75271037,-0.987996,1.54912096,-19.99674028,2.22007657,-20.77758252,10.39693625,-9.15811282,-0.93716414,-60.8006477,-21.81072933,-12.3012062
45.89,14.23706983,-1.13709474,1.35889417,-19.83547721,2.41074452,-20.75974902,11.00826845,-9.02309081,-0.94248096,-61.28505857,-21.24548035,-12.51937314
45.895,13.72378395,-1.28554552,1.17331626,-19.65103669,2.53611455,-20.78752362,11.59600714,-8.88561761,-1.00126175,-61.66693861,-20.65575794,-12.7606742
45.9,13.19977202,-1.49174143,0.90855136,-19.42627984,2.72752245,-20.62327515,12.18361462,-8.68558758,-1.006034,-61.95329642,-19.92231596,-12.81230622
45.905,12.67923523,-1.68090198,0.71545995,-19.18152095,2.80912671,-20.55792685,12.72713568,-8.49905484,-1.11808516,-62.12682965,-19.18535661,-12.96053815
45.91,12.15730041,-1.88300111,0.53638139,-18.9125223,2.85683728,-20.47583765,13.25384364,-8.2894331,-1.23618441,-62.20340874,-18.41213966,-13.06475051
45.915,11.6364655,-2.09643412,0.33862018,-18.62151254,2.88826459,-20.36804813,13.75491123,-8.07049425,-1.38474364,-62.16920616,-17.61218152,-13.10206706
45.92,11.11617016,-2.3163922,0.15229578,-18.31427442,2.89081978,-20.24718474,14.22974768,-7.84461617,-1.56275035,-62.03603094,-16.79832727,-13.10485205
45.925,10.59770856,-2.54214849,-0.03007366,-17.99124957,2.87223057,-20.10928366,14.67706227,-7.61443316,-1.76962446,-61.7979329,-15.9802981,-13.05327998
45.93,10.07826651,-2.77267677,-0.1997075,-17.65426975,2.83984062,-19.95020748,15.09224064,-7.3802164,-2.00240882,-61.45518235,-15.15973044,-12.93210291
45.935,9.56413136,-3.00221008,-0.35532487,-17.30307669,2.78176543,-19.78665416,15.48243873,-7.14855356,-2.26168486,-61.01297742,-14.36376507,-12.78728659
45.94,9.04266549,-3.22464753,-0.50493488,-16.94169387,2.71747186,-19.58416675,15.83559194,-6.92858479,-2.53721007,-60.47419154,-13.58556863,-12.54442282
45.945,8.53758437,-3.45655105,-0.6146743,-16.56861285,2.62283778,-19.41204556,16.17435668,-6.69585288,-2.8321585,-59.83791493,-12.84040534,-12.32906234
45.95,8.0394338,-3.68636501,-0.72452876,-16.19979158,2.51750047,-19.23120581,16.47653239,-6.47573831,-3.16208159,-59.10391436,-12.12292394,-12.06097228
45.955,7.5367153,-3.9068424,-0.80566517,-15.81801605,2.40377226,-19.02792819,16.74859371,-6.26433294,-3.49242876,-58.28201915,-11.44212511,-11.73086402
45.96,7.03815068,-4.12504301,-0.8716656,-15.43388911,2.28451229,-18.82117495,16.99000222,-6.0586196,-3.83637654,-57.37170391,-10.79837574,-11.35850265
45.965,6.54932376,-4.33365816,-0.92280036,-15.05275425,2.15120939,-18.61296006,17.2097775,-5.86580112,-4.18287384,-56.38002199,-10.19749849,-10.96651594
45.97,6.06368718,-4.53518276,-0.95263698,-14.66957604,2.01413218,-18.39898489,17.39934542,-5.68094458,-4.53211313,-55.30600512,-9.63317678,-10.53372624
45.975,5.58502641,-4.72474208,-0.96913677,-14.28857081,1.86851452,-18.18612576,17.56769997,-5.51010116,-4.87775526,-54.15806814,-9.11103334,-10.08501056
45.98,5.11240557,-4.90572906,-0.96726765,-13.91033721,1.72413725,-17.97523535,17.71012941,-5.34932642,-5.22151602,-52.93695738,-8.62337969,-9.60685636
45.985,4.6482722,-5.07637001,-0.95112968,-13.53796992,1.57395459,-17.76571917,17.82981267,-5.19878387,-5.55603014,-51.64639907,-8.16667732,-9.11043791
45.99,4.19191782,-5.23339942,-0.92229448,-13.17183117,1.4215524,-17.5598731,17.92900528,-5.06195206,-5.87935035,-50.29210563,-7.74020457,-8.60187085
45.995,3.74365725,-5.37510313,-0.88627162,-12.81253446,1.26564738,-17.35776153,18.00819817,-4.94083631,-6.19063777,-48.87706388,-7.33958351,-8.08758301
46,3.30949994,-5.50630766,-0.83807565,-12.46113232,1.11385604,-17.16909087,18.07600365,-4.82615975,-6.47818848,-47.40376704,-6.96519203,-7.57219967
46.005,2.88490082,-5.61945768,-0.78268339,-12.11943568,0.96105401,-16.9862158,18.12764857,-4.72769016,-6.74748434,-45.87688429,-6.60793396,-7.05935242
46.01,2.47088908,-5.71980664,-0.71898513,-11.78606882,0.811592,-16.81282503,18.16338662,-4.63966553,-6.99575516,-44.29861552,-6.26215978,-6.54636948
46.015,2.06952615,-5.80077497,-0.65462231,-11.46404311,0.66372475,-16.65072517,18.18940096,-4.56691618,-7.21920467,-42.67305719,-5.92993817,-6.05236094
46.02,1.68077526,-5.86307182,-0.59295463,-11.15496936,0.51991335,-16.50152855,18.20347844,-4.51079046,-7.42026244,-41.0031677,-5.60500052,-5.57775397
46.025,1.30673004,-5.90935617,-0.5275917,-10.85701805,0.38240887,-16.36647951,18.21054571,-4.4646628,-7.58983202,-39.29064544,-5.28602433,-5.12524084
46.03,0.94479638,-5.93184487,-0.47321309,-10.57295372,0.25034616,-16.24631608,18.20719105,-4.44016381,-7.7390867,-37.54004751,-4.96887366,-4.7071011
46.035,0.5995227,-5.94153097,-0.40870419,-10.30057853,0.1289706,-16.14248691,18.20132917,-4.41957789,-7.84778035,-35.75167966,-4.65406164,-4.31351202
46.04,0.2688451,-5.92824027,-0.35276613,-10.04206187,0.01300559,-16.05261293,18.18968426,-4.41747612,-7.92767311,-33.92964762,-4.33962527,-3.96471607
46.045,-0.05281098,-5.89096288,-0.31046284,-9.79793382,-0.08856151,-15.98529657,18.16646867,-4.43831653,-7.99150354,-32.07627591,-4.02414682,-3.65889851
46.05,-0.35588234,-5.83640177,-0.2650993,-9.56773661,-0.1813412,-15.93203614,18.1443193,-4.46713071,-8.01054921,-30.1932771,-3.71294625,-3.40284424
46.055,-0.60098503,-5.74564631,-0.27975154,-9.35562351,-0.28635932,-15.86537137,18.17520071,-4.51710975,-7.96194519,-28.29608824,-3.42323789,-3.29695457
46.06,-0.92989934,-5.65470948,-0.20573177,-9.15170971,-0.31713683,-15.88570179,18.07774356,-4.58819194,-7.97967575,-26.35244171,-3.10273665,-3.05001199
46.065,-1.20476039,-5.52217718,-0.18922057,-8.96371801,-0.36881799,-15.89749531,18.0337187,-4.68309418,-7.919674,-24.40222655,-2.81276136,-2.97119506
46.07,-1.41974497,-5.36787196,-0.20429962,-8.79835741,-0.39825874,-15.88792664,18.04036024,-4.79070713,-7.80528385,-22.44665719,-2.5348301,-2.97762389
46.075,-1.71334386,-5.1821087,-0.17828946,-8.63581011,-0.40087533,-15.96851468,17.94576394,-4.93737443,-7.71476923,-20.46846298,-2.28267365,-2.99480033
46.08,-1.92525015,-4.97554705,-0.18813141,-8.49863558,-0.3918773,-15.99276515,17.92650097,-5.09869793,-7.57034905,-18.50099332,-2.02198143,-3.08097482
46.085,-2.16573327,-4.72314583,-0.18307745,-8.37462035,-0.33978265,-16.07036413,17.86976859,-5.3055967,-7.41422852,-16.54059774,-1.80955673,-3.22990001
46.09,-2.40654305,-4.45147331,-0.19212952,-8.26149699,-0.2763874,-16.17247627,17.80745566,-5.53135669,-7.24408696,-14.59583802,-1.62393293,-3.42797197
46.095,-2.64039936,-4.15265732,-0.19860684,-8.16967636,-0.18755954,-16.28627201,17.7468668,-5.78540838,-7.05895507,-12.68448194,-1.46144041,-3.66602526
46.1,-2.90496829,-3.83758462,-0.24036651,-8.06289477,-0.13884231,-16.45515684,17.6712419,-6.04572285,-6.82558374,-10.80878435,-1.34215001,-4.04997623
46.105,-3.12160786,-3.47210264,-0.22004887,-8.01712953,0.04457557,-16.57607418,17.62595876,-6.37604307,-6.63991671,-9.00789502,-1.22673717,-4.30122715
46.11,-3.38511614,-3.09017155,-0.2644199,-7.93953231,0.1348808,-16.74413484,17.57186038,-6.7043902,-6.36522233,-7.27352737,-1.14339705,-4.78146101
46.115,-3.6306439,-2.6899295,-0.26767951,-7.90052355,0.31059092,-16.90919142,17.53149341,-7.0622159,-6.1183895,-5.61844613,-1.09276278,-5.1964935
46.12,-3.88583004,-2.29146546,-0.27103651,-7.87311215,0.49742355,-17.10572066,17.49718208,-7.41483936,-5.84653629,-4.04847298,-1.09792964,-5.69150623
46.125,-4.14031264,-1.86656428,-0.27138178,-7.8702664,0.72441103,-17.24412172,17.47438612,-7.80835849,-5.62102747,-2.59103052,-1.04997377,-6.07933163
46.13,-4.41236439,-1.45118797,-0.26692511,-7.87925809,0.96278326,-17.41401044,17.45402184,-8.18644124,-5.36086426,-1.23192929,-1.07048606,-6.55283328
46.135,-4.69039868,-1.04930417,-0.25425841,-7.90837264,1.22217471,-17.58032667,17.44187757,-8.55396581,-5.10659919,0.01612689,-1.11462933,-7.02564059
46.14,-4.97831352,-0.6648344,-0.23509205,-7.95739051,1.49697735,-17.7401152,17.43526968,-8.90575465,-4.85344214,1.14791458,-1.18431231,-7.50373353
46.145,-5.27452901,-0.30440112,-0.20479965,-8.0288969,1.79100205,-17.88993457,17.43365924,-9.23567249,-4.60969777,2.16005896,-1.27505096,-7.96395851
46.15,-5.58411751,0.02881918,-0.17235978,-8.12039924,2.09324445,-18.02950509,17.43392999,-9.53853773,-4.35996305,3.04992392,-1.40139548,-8.44529761
46.155,-5.89791428,0.32663931,-0.12627357,-8.23810273,2.40422489,-18.14816932,17.43910486,-9.80920064,-4.13057537,3.81466773,-1.53525878,-8.87395992
46.16,-6.22240701,0.58683033,-0.07441585,-8.38222073,2.72113866,-18.25212964,17.44405159,-10.04193034,-3.90486713,4.45430705,-1.70073124,-9.2960421
46.165,-6.55268516,0.80594945,-0.0180208,-8.55218472,3.03995454,-18.33661385,17.44870118,-10.23586802,-3.68667959,4.97081073,-1.89206744,-9.69578545
46.17,-6.88990397,0.9780718,0.04318505,-8.75059347,3.35324908,-18.39733867,17.45446549,-10.3812071,-3.48017435,5.36178841,-2.10987016,-10.07055121
46.175,-7.21361007,1.11221258,0.11252562,-9.00295611,3.65512298,-18.44621941,17.46822149,-10.49347518,-3.30893011,5.61913326,-2.33398458,-10.36484803
46.18,-7.56515322,1.18698521,0.18106386,-9.25228625,3.94523759,-18.448675,17.46624017,-10.54103358,-3.10946505,5.7740125,-2.61417689,-10.69440403
46.185,-7.89938114,1.21720894,0.24265857,-9.55234447,4.21551662,-18.43366266,17.47547509,-10.54541193,-2.94526579,5.80362119,-2.90585537,-10.95086631
46.19,-8.22451007,1.20137648,0.30191907,-9.89522387,4.45870728,-18.39598729,17.48438874,-10.50486054,-2.79388527,5.72313345,-3.21836058,-11.15394301
46.195,-8.53950091,1.14195638,0.36016576,-10.27370512,4.66598498,-18.33451377,17.50227768,-10.41947806,-2.66324992,5.52658304,-3.55173701,-11.304429
46.2,-8.83784182,1.04101127,0.40958202,-10.69604223,4.83121716,-18.24999914,17.52686824,-10.29212046,-2.54520157,5.22556267,-3.90235515,-11.40429957
46.205,-9.10243816,0.92071891,0.45502484,-11.15237156,4.94453323,-18.19089667,17.58952884,-10.13952133,-2.43455056,4.80916704,-4.25821,-11.41190576
46.21,-9.37934541,0.7229024,0.47796919,-11.6781655,5.01795122,-18.00537827,17.59172388,-9.91895914,-2.35301283,4.33633407,-4.65926428,-11.47347029
46.215,-9.61780949,0.51772682,0.48993187,-12.24052583,5.03993338,-17.83773761,17.63374496,-9.68582853,-2.27167485,3.76045134,-5.05485806,-11.44808347
46.22,-9.82827232,0.28082328,0.48315658,-12.85761607,5.00616722,-17.64581127,17.68105918,-9.42025639,-2.20173862,3.1056266,-5.46092961,-11.38572242
46.225,-9.98485005,0.05352674,0.46392546,-13.51048111,4.8526918,-17.50206575,17.77795249,-9.15589727,-2.11328057,2.36916597,-5.86511632,-11.2513298
46.23,-10.14211663,-0.27011654,0.42482014,-14.24310358,4.71785559,-17.2338371,17.81115997,-8.81104364,-2.09341874,1.60574222,-6.27824785,-11.14601772
46.235,-10.24996342,-0.5785216,0.35465697,-15.01812518,4.46945928,-16.97794771,17.8809089,-8.4749525,-2.04551568,0.77590688,-6.68048388,-10.98986674
46.24,-10.31690506,-0.90304329,0.26376427,-15.84934477,4.14624462,-16.70985999,17.95677979,-8.12352283,-2.00224321,-0.09433666,-7.06049662,-10.81649933
46.245,-10.34195785,-1.24118007,0.1505232,-16.73697726,3.74123489,-16.42520121,18.03644607,-7.75910988,-1.96104642,-0.99452436,-7.41414201,-10.63110998
46.25,-10.32280521,-1.59204906,0.01241778,-17.68168738,3.25030494,-16.1259143,18.11713116,-7.38537535,-1.91840768,-1.91532124,-7.73388921,-10.43972713
46.255,-10.2595381,-1.95136247,-0.14826075,-18.6808759,2.66923383,-15.8139214,18.19692632,-7.00512179,-1.87224674,-2.84778897,-8.01189452,-10.24953457
46.26,-10.14938511,-2.323507,-0.3314854,-19.7356621,2.00298639,-15.49326933,18.27383032,-6.61630715,-1.82251484,-3.7828538,-8.24215279,-10.06378617
46.265,-9.99481556,-2.70079748,-0.53356225,-20.84091535,1.24235572,-15.16492123,18.34541499,-6.22533188,-1.76393308,-4.71472882,-8.41826342,-9.89033268
46.27,-9.78876559,-3.08798934,-0.75570255,-22.00383213,0.39265253,-14.83716972,18.40695032,-5.83035232,-1.69726277,-5.62803779,-8.53552571,-9.73013935
46.275,-9.53486097,-3.48392111,-0.99715909,-23.21619671,-0.55112286,-14.51170891,18.45918514,-5.43299271,-1.62014559,-6.522867,-8.5903797,-9.588385
46.28,-9.23328806,-3.88753047,-1.25329076,-24.47673251,-1.58826777,-14.19408241,18.49796195,-5.03460638,-1.53191243,-7.39110609,-8.58024634,-9.46839208
46.285,-8.88614349,-4.29271207,-1.51959842,-25.77963289,-2.71164551,-13.88889973,18.52386136,-4.64081876,-1.43368675,-8.22946022,-8.5050574,-9.37340359
46.29,-8.49324003,-4.71453063,-1.79288417,-27.12521236,-3.921832,-13.60373207,18.52823757,-4.24003837,-1.32436736,-9.02609179,-8.36320046,-9.30244411
46.295,-8.05777392,-5.14006275,-2.06988382,-28.50597671,-5.20705491,-13.33851145,18.51262385,-3.8447868,-1.20546325,-9.78428143,-8.15859604,-9.2585144
46.3,-7.57822898,-5.57496096,-2.3481013,-29.91903,-6.56279955,-13.10661404,18.47902103,-3.45097231,-1.07775896,-10.50148776,-7.89429985,-9.23877174
46.305,-7.05997123,-6.01887105,-2.62186727,-31.35768223,-7.97471596,-12.90683876,18.42085739,-3.05852361,-0.94483908,-11.17025071,-7.57269711,-9.24448787
46.31,-6.50947925,-6.46806364,-2.88485224,-32.81937719,-9.42122304,-12.72628966,18.33284842,-2.67202841,-0.80879159,-11.79029845,-7.19807196,-9.2772333
46.315,-5.89964337,-6.89352916,-3.13561669,-34.29136314,-10.9434506,-12.64372966,18.25187637,-2.31950323,-0.66835186,-12.37708662,-6.78353758,-9.33298567
46.32,-5.30487162,-7.38567142,-3.37408723,-35.77973459,-12.37584664,-12.49066009,18.08408863,-1.91618381,-0.52986896,-12.88481964,-6.3163459,-9.4052052
46.325,-4.65710867,-7.85557092,-3.59767655,-37.26762053,-13.85076565,-12.44428413,17.92160701,-1.54540671,-0.4017853,-13.35636898,-5.8273357,-9.50163651
46.33,-3.98738052,-8.3313446,-3.79379856,-38.75312,-15.28044858,-12.42693101,17.7252151,-1.17938739,-0.26889659,-13.77430289,-5.30945749,-9.61133082
46.335,-3.2888058,-8.79891777,-3.96917806,-40.22899642,-16.6707875,-12.46984199,17.51061637,-0.83164736,-0.15152936,-14.14669091,-4.7750403,-9.73728244
46.34,-2.57704556,-9.25945179,-4.11852984,-41.68777241,-17.97578638,-12.53625056,17.2629555,-0.4991812,-0.03872895,-14.46736698,-4.22726515,-9.87477035
46.345,-1.84830604,-9.7176948,-4.24303738,-43.12202889,-19.19934085,-12.64789094,16.9879159,-0.17611956,0.06412324,-14.73749568,-3.6711861,-10.02198609
46.35,-1.09951961,-10.16075079,-4.34162762,-44.52754817,-20.32474419,-12.8232012,16.69539799,0.12533208,0.14598304,-14.96406979,-3.12482094,-10.17406216
46.355,-0.34576955,-10.58407176,-4.4134521,-45.89730961,-21.3200491,-13.02065598,16.37114016,0.40404672,0.22225615,-15.14096597,-2.58412089,-10.33012897
46.36,0.4477014,-10.95674143,-4.43305244,-47.22523772,-22.23894218,-13.32065084,16.05275017,0.6282157,0.25124857,-15.28934343,-2.06293799,-10.49615553
46.365,1.19860429,-11.36565255,-4.48466731,-48.50649755,-22.93162113,-13.57412025,15.66816315,0.89228061,0.31381703,-15.36841691,-1.56477179,-10.63210656
46.37,1.97562424,-11.71979189,-4.4880586,-49.734531,-23.52155389,-13.89872845,15.28240242,1.10032686,0.33008027,-15.41902452,-1.0924086,-10.78371851
46.375,2.75644165,-12.04371812,-4.46998763,-50.90122336,-23.96343823,-14.26295726,14.87750075,1.28335206,0.33778416,-15.42520198,-0.65384196,-10.92007236
46.38,3.54186101,-12.32279968,-4.43478165,-52.00758198,-24.26203801,-14.65302714,14.46576195,1.42369642,0.30466023,-15.40962336,-0.24910044,-11.05211655
46.385,4.30800298,-12.57790467,-4.40138675,-53.03577043,-24.39025667,-15.05498874,14.0193276,1.55304408,0.29825446,-15.33364449,0.13066121,-11.16641634
46.39,5.07539353,-12.78932608,-4.35622256,-53.99377282,-24.3774009,-15.48074846,13.5686481,1.64314732,0.2558227,-15.23638463,0.46893943,-11.27213066
46.395,5.83269028,-12.96130697,-4.31039501,-54.87097882,-24.21980996,-15.91861895,13.10673986,1.70359025,0.20097063,-15.11107731,0.76635967,-11.36100066
46.4,6.58838931,-13.09581104,-4.25960888,-55.66862283,-23.934136,-16.36300892,12.64350063,1.73524697,0.12256433,-14.9629634,1.01891674,-11.42971712
46.405,7.33007338,-13.19143625,-4.21596881,-56.37770763,-23.51757374,-16.80330304,12.17333033,1.73771535,0.03433534,-14.79042319,1.23623108,-11.48217279
46.41,8.07829293,-13.25317214,-4.15395004,-56.99667286,-22.98750461,-17.21917428,11.70394725,1.71533275,-0.09913773,-14.57920609,1.42135095,-11.50854488
46.415,8.76462159,-13.26661059,-4.16113543,-57.51774091,-22.34446402,-17.64940562,11.21929433,1.6604689,-0.16087976,-14.37793839,1.56684053,-11.53684434
46.42,9.48001538,-13.26649203,-4.13317959,-57.94401918,-21.5846842,-18.0034285,10.74768631,1.59331109,-0.31294093,-14.12370596,1.69427981,-11.5258097
46.425,10.15746875,-13.22481472,-4.14402572,-58.27264243,-20.74688466,-18.34009645,10.2754672,1.4982729,-0.43202893,-13.87591023,1.78989548,-11.50572294
46.43,10.79848124,-13.14660062,-4.18933376,-58.50252499,-19.87569072,-18.70305694,9.80145091,1.38132559,-0.51382332,-13.62707966,1.84491106,-11.48722094
46.435,11.43737224,-13.05607112,-4.24209009,-58.62647515,-18.89025067,-18.91069038,9.33921162,1.24773906,-0.66660867,-13.35071945,1.90577997,-11.43494574
46.44,12.04098853,-12.93242907,-4.32573758,-58.65784453,-17.92277277,-19.17760556,8.88011829,1.09942225,-0.74638703,-13.08357424,1.9230835,-11.38637825
46.445,12.62269693,-12.79117237,-4.43475921,-58.57921615,-16.90451533,-19.34561186,8.43231794,0.93536463,-0.8506748,-12.80603599,1.93823054,-11.32356451
46.45,13.17762159,-12.63972454,-4.57000585,-58.40681049,-15.87432269,-19.44871243,7.99127285,0.76291913,-0.95580355,-12.53162827,1.94851754,-11.2522305
46.455,13.70467733,-12.47210371,-4.72866776,-58.13526393,-14.87765078,-19.54684686,7.55944253,0.58356134,-1.03897311,-12.25793139,1.94258871,-11.18431685
46.46,14.2048214,-12.29481135,-4.91192821,-57.76783113,-13.92156058,-19.62694929,7.13709784,0.39815125,-1.10875551,-11.98659746,1.92781677,-11.11954135
46.465,14.67395361,-12.11084909,-5.11604179,-57.30699582,-12.97974292,-19.63370729,6.722531,0.20898865,-1.16089277,-11.7232644,1.9218256,-11.04911941
46.47,15.11635755,-11.92198207,-5.34968155,-56.75109678,-12.11849931,-19.66412834,6.3233867,0.01634344,-1.20429272,-11.46921844,1.89921622,-10.99229197
46.475,15.53026856,-11.72833322,-5.59768653,-56.11397813,-11.30192673,-19.65248231,5.92927473,-0.17656019,-1.2230022,-11.21868295,1.8893159,-10.93662713
46.48,15.90935717,-11.53579861,-5.84766409,-55.39232652,-10.54704741,-19.61442206,5.53577322,-0.36072015,-1.20973427,-10.9760203,1.89531133,-10.88633271
46.485,16.26196353,-11.34542195,-6.12452441,-54.58784745,-9.88117314,-19.59933809,5.1562582,-0.54420127,-1.1933479,-10.7452636,1.89569498,-10.85339078
46.49,16.59123547,-11.15782791,-6.41617882,-53.70425393,-9.30020625,-19.61038728,4.79323586,-0.7247336,-1.17532618,-10.53112548,1.89180686,-10.83655712
46.495,16.88061273,-10.96734847,-6.70644326,-52.74816382,-8.78560273,-19.61142683,4.42317404,-0.89812089,-1.10396993,-10.32145121,1.91555187,-10.82696799
46.5,17.15011062,-10.78141888,-7.01043112,-51.72133305,-8.35874847,-19.64475368,4.07001009,-1.06850865,-1.0398615,-10.12729033,1.93490435,-10.83756937
46.505,17.38727424,-10.6024772,-7.30715832,-50.62931262,-8.00639908,-19.70750053,3.71395174,-1.22418856,-0.94456456,-9.94145563,1.97164106,-10.86262659
46.51,17.60520577,-10.42819733,-7.60127207,-49.47555952,-7.72583995,-19.804203,3.37074384,-1.37166786,-0.84912305,-9.77087348,2.01091466,-10.90566367
46.515,17.7892743,-10.25670817,-7.88850508,-48.26146034,-7.51842449,-19.93844636,3.02466493,-1.5086736,-0.72392368,-9.61195772,2.0678462,-10.96685891
46.52,17.96589062,-10.08930757,-8.16591853,-46.99324462,-7.36143731,-20.10429689,2.69624852,-1.63796998,-0.60753793,-9.46371277,2.12424757,-11.0430523
46.525,18.11662384,-9.92876836,-8.42673881,-45.67295218,-7.26087704,-20.31260845,2.3684062,-1.7522299,-0.47260332,-9.32787102,2.19561965,-11.13598877
46.53,18.25122897,-9.77206037,-8.66889078,-44.30361178,-7.20444545,-20.55509199,2.04816797,-1.85534066,-0.33319911,-9.20358574,2.2756653,-11.24479443
46.535,18.3706071,-9.62232495,-8.8882607,-42.88827635,-7.18209555,-20.83255067,1.73435371,-1.94342224,-0.1915207,-9.09072125,2.36532175,-11.36803932
46.54,18.47452309,-9.48058712,-9.08534199,-41.42821351,-7.1950596,-21.14043491,1.42620057,-2.01625076,-0.04939588,-8.98906643,2.46456793,-11.50511774
46.545,18.57036061,-9.34168399,-9.25540924,-39.92618984,-7.21936601,-21.47144955,1.13016703,-2.07793525,0.09180402,-8.89893387,2.57119411,-11.65167181
46.55,18.65769444,-9.21062429,-9.39704634,-38.38544321,-7.25420343,-21.82303622,0.84417074,-2.12408118,0.22638297,-8.82128901,2.68607152,-11.80700482
46.555,18.73839773,-9.08271343,-9.50867352,-36.80442116,-7.28667518,-22.18764783,0.57029505,-2.15849873,0.36147184,-8.75287952,2.81013418,-11.96815014
46.56,18.80833255,-8.9621099,-9.59304746,-35.18384342,-7.32346916,-22.56826899,0.30498076,-2.17883417,0.48830708,-8.6954774,2.9416622,-12.136287
46.565,18.88022706,-8.84766553,-9.64419226,-33.53114874,-7.34334064,-22.94014708,0.05734981,-2.18593184,0.61057491,-8.65079727,3.0811232,-12.30238487
46.57,18.94117327,-8.74286339,-9.66827597,-31.83908707,-7.3610718,-23.31722424,-0.18221336,-2.17769587,0.71893269,-8.61507116,3.22680096,-12.47110835
46.575,19.00137111,-8.64359211,-9.65920658,-30.11357627,-7.35235341,-23.6799643,-0.40499917,-2.15739478,0.82423692,-8.59213203,3.38325628,-12.63619061
46.58,19.05548574,-8.55627223,-9.6204194,-28.35295535,-7.33165461,-24.0277933,-0.61685365,-2.12077283,0.9162538,-8.57495556,3.54600765,-12.79631967
46.585,19.10569028,-8.48062112,-9.55270928,-26.56035373,-7.28942422,-24.35048392,-0.81277215,-2.06835268,1.00162923,-8.57332978,3.7173614,-12.94904969
46.59,19.14965714,-8.4170468,-9.4551661,-24.73835164,-7.23737706,-24.65221478,-0.99837535,-2.00063958,1.0729787,-8.5802546,3.89449831,-13.09445141
46.595,19.22844216,-8.38741999,-9.29312138,-22.90883261,-7.06082802,-24.82039127,-1.14755386,-1.88977252,1.10036154,-8.59862302,4.09475605,-13.21576189
46.6,19.22872774,-8.34670349,-9.18192652,-21.01535618,-7.06108881,-25.1173853,-1.32520177,-1.80625088,1.20393759,-8.62044597,4.28186677,-13.34712844
46.605,19.2887646,-8.34820906,-8.97815541,-19.13881793,-6.89603905,-25.21875895,-1.45601708,-1.66673761,1.2263437,-8.65598586,4.49083439,-13.45232428
46.61,19.29367871,-8.36932686,-8.79982412,-17.22760002,-6.83579055,-25.39962632,-1.6080885,-1.52112425,1.30106395,-8.69512586,4.70376595,-13.5452075
46.615,19.3358623,-8.40666727,-8.56352417,-15.32810844,-6.6946617,-25.41234598,-1.72294236,-1.3537619,1.32308456,-8.74503825,4.91911339,-13.63071282
46.62,19.3595078,-8.48414922,-8.32225221,-13.43653782,-6.57670336,-25.41125723,-1.84190055,-1.15516423,1.36380042,-8.80346919,5.15416336,-13.70211091
46.625,19.37448691,-8.59240295,-8.06428675,-11.56225564,-6.47312938,-25.36324394,-1.95962742,-0.93251919,1.40439869,-8.86711348,5.39474406,-13.75810254
46.63,19.38712455,-8.73201418,-7.79289858,-9.72387659,-6.3751148,-25.26385713,-2.07508436,-0.68563294,1.44523095,-8.9396873,5.64221536,-13.7962648
46.635,19.4002734,-8.90656306,-7.50500407,-7.93549305,-6.28097971,-25.10388401,-2.19047938,-0.41193503,1.48432412,-9.01646978,5.89897598,-13.81957357
46.64,19.42835487,-9.13631611,-7.20618789,-6.22493927,-6.11497764,-24.8660518,-2.30469561,-0.09223788,1.52874605,-9.09505115,6.15083188,-13.78235076
46.645,19.46673976,-9.37416313,-6.8921036,-4.58657601,-5.96693256,-24.53365347,-2.41459101,0.22831182,1.56009836,-9.18225705,6.42459754,-13.75157839
46.65,19.50528973,-9.6267653,-6.58290172,-3.0283465,-5.83914296,-24.17399004,-2.52778787,0.55345897,1.60359914,-9.28019586,6.697734,-13.71688113
46.655,19.55454693,-9.89342767,-6.26492454,-1.56731518,-5.70315904,-23.74999032,-2.64446469,0.88455261,1.64409936,-9.38302966,6.97563428,-13.66520157
46.66,19.62586548,-10.14905471,-5.94447625,-0.2185341,-5.51770577,-23.20500742,-2.7603874,1.19923455,1.65801559,-9.49036077,7.2654839,-13.58974944
46.665,19.67171456,-10.42870054,-5.63654548,1.03843881,-5.44990025,-22.7778918,-2.89974553,1.52355212,1.73770034,-9.60799472,7.538998,-13.52548646
46.67,19.73935153,-10.69676899,-5.3162671,2.17045183,-5.34165134,-22.26353026,-3.04037094,1.83136659,1.79080562,-9.7298659,7.81609524,-13.43621289
46.675,19.82441629,-10.91939956,-5.01030066,3.17489431,-5.18554829,-21.63293686,-3.18374673,2.09199564,1.8108304,-9.86163567,8.10807053,-13.32333893
46.68,19.8855098,-11.16046808,-4.69816355,4.0729365,-5.15475194,-21.16560489,-3.35267406,2.35705084,1.90066172,-9.99913467,8.36374417,-13.22872703
46.685,19.96805801,-11.3450011,-4.39354225,4.83382225,-5.05624494,-20.57455132,-3.52381342,2.56817962,1.93047929,-10.14621888,8.63389711,-13.1040671
46.69,20.03759713,-11.52778471,-4.08621314,5.47819712,-5.05190246,-20.0967472,-3.71050006,2.76675855,2.02826025,-10.30530661,8.86848617,-12.98954033
46.695,20.11488796,-11.66261291,-3.78527306,5.99146529,-5.03274737,-19.57882426,-3.90651482,2.91781422,2.09462385,-10.47375644,9.10107327,-12.85834714
46.7,20.19108302,-11.7534729,-3.49335445,6.3791376,-5.02640838,-19.06881446,-4.11356115,3.02213308,2.15749098,-10.65327852,9.31762876,-12.71545447
46.705,20.26745145,-11.78130616,-3.18216171,6.65963535,-5.15069428,-18.70675388,-4.32375848,3.06922463,2.19988475,-10.84689161,9.48766393,-12.6722086
46.71,20.33555894,-11.79088615,-2.92940046,6.78480512,-5.08114438,-18.1370985,-4.55816383,3.08168668,2.25962079,-11.05441659,9.67961378,-12.41451735
46.715,20.40807749,-11.76429484,-2.65218164,6.81447938,-5.20223489,-17.75677388,-4.78847855,3.06544564,2.33764786,-11.27619154,9.80881523,-12.28195188
46.72,20.48262285,-11.67565835,-2.37031039,6.73368664,-5.33254946,-17.40050474,-5.02321524,2.98824847,2.39016998,-11.50634049,9.90520805,-12.14579276
46.725,20.54891372,-11.53826145,-2.1177421,6.53412083,-5.46075309,-17.06290962,-5.25907904,2.8600294,2.42282127,-11.78170544,9.97134292,-11.97052614
46.73,20.65262518,-11.3918731,-1.81812265,6.21878867,-5.64678959,-16.83588039,-5.47761508,2.73579169,2.46433051,-12.06430534,9.9552295,-11.89714549
46.735,20.74274814,-11.17850662,-1.55830867,5.81468617,-5.85812224,-16.58819916,-5.69994074,2.54157341,2.47944628,-12.37177089,9.91387902,-11.76527956
46.74,20.77410129,-10.90753985,-1.36857848,5.32706251,-6.04767557,-16.34381929,-5.95086021,2.27226159,2.48567515,-12.73167272,9.91540247,-11.47115083
46.745,20.88793579,-10.64172997,-1.10077939,4.74112097,-6.29022467,-16.1668945,-6.14552646,2.03402998,2.47994385,-13.09315551,9.73875758,-11.36730477
46.75,20.9890027,-10.31800673,-0.87747913,4.07996388,-6.54900879,-16.02231574,-6.33218266,1.73343216,2.45412944,-13.49976155,9.5385078,-11.21474376
46.755,21.05796238,-9.94758466,-0.69688267,3.35992828,-6.84249915,-15.93257591,-6.51838276,1.37684554,2.42592366,-13.96298383,9.35886114,-10.97341879
46.76,21.15012542,-9.57459585,-0.49679784,2.57017367,-7.12651086,-15.86114152,-6.68027141,1.02816766,2.35759283,-14.45277201,9.06718068,-10.76534865
46.765,21.25948095,-9.20879109,-0.28689387,1.71703191,-7.37776378,-15.79482646,-6.81635224,0.69104436,2.26951562,-14.97592619,8.668667,-10.58436702
46.77,21.34483664,-8.76218118,-0.13131788,0.84188994,-7.70789418,-15.81435844,-6.92438865,0.26656197,2.16056186,-15.57640329,8.31726195,-10.33843309
46.775,21.44140067,-8.33690322,0.0395443,-0.07929809,-7.98459516,-15.84145442,-7.00580485,-0.13276493,2.02391555,-16.21216476,7.83132776,-10.09597093
46.78,21.54365555,-7.94161516,0.20718092,-1.03957428,-8.17496183,-15.8498007,-7.06048148,-0.50326032,1.88506858,-16.88355264,7.21057364,-9.87016352
46.785,21.63682705,-7.46621246,0.34350345,-1.99559156,-8.46033679,-15.94197616,-7.06369974,-0.95494282,1.68792214,-17.64652096,6.64853973,-9.62588686
46.79,21.72263784,-7.02629136,0.49403396,-2.96900284,-8.66571581,-16.05290674,-7.04019129,-1.37294441,1.48375468,-18.45439109,5.951531,-9.35442516
46.795,21.79517709,-6.63654043,0.62207241,-3.96511949,-8.74271583,-16.12859605,-6.99739159,-1.75079244,1.299668,-19.29819761,5.11574569,-9.0874671
46.8,21.87561759,-6.16186014,0.75011686,-4.92887967,-8.91218856,-16.27221161,-6.8799635,-2.20799406,1.0166617,-20.23871172,4.3100379,-8.84708826
46.805,21.92206435,-5.78236506,0.86394433,-5.91437354,-8.91026555,-16.40136868,-6.76102696,-2.58736448,0.79252817,-21.20629419,3.34801485,-8.56035471
46.81,21.98702142,-5.32857264,1.02244293,-6.85428681,-8.98323078,-16.61955418,-6.5536797,-3.0284544,0.48148255,-22.26670465,2.37739664,-8.32128432
46.815,22.00603182,-4.9324114,1.12492137,-7.78439183,-8.9215692,-16.76306395,-6.33683754,-3.43465835,0.17595338,-23.37357049,1.28750554,-8.07759641
46.82,22.00974017,-4.54513759,1.23397995,-8.69204235,-8.79598645,-16.931429,-6.07736265,-3.83889878,-0.1365272,-24.53809494,0.12835215,-7.84805701
46.825,21.99650324,-4.16690793,1.34901197,-9.57143639,-8.61903773,-17.11123705,-5.77327219,-4.24121926,-0.46105679,-25.76155269,-1.09589515,-7.64556364
46.83,21.96009422,-3.80243067,1.46243841,-10.41815706,-8.38317285,-17.2980347,-5.42988234,-4.6400721,-0.79448077,-27.03804443,-2.38303157,-7.4695756
46.835,21.90017142,-3.44963813,1.57574399,-11.2295134,-8.09426863,-17.48622822,-5.04742175,-5.03717584,-1.13432016,-28.36531561,-3.72352037,-7.3327313
46.84,21.81464024,-3.11072246,1.68541824,-12.00428743,-7.74965555,-17.67712194,-4.62953515,-5.43200457,-1.4754344,-29.73609003,-5.11130301,-7.23135258
46.845,21.69915111,-2.78596698,1.78853832,-12.73917669,-7.35632253,-17.86874597,-4.17951867,-5.82583087,-1.81766109,-31.14840308,-6.52750567,-7.16600817
46.85,21.55896339,-2.47044423,1.8937026,-13.43117781,-6.92025742,-18.05779513,-3.693688,-6.21961419,-2.15266451,-32.59659881,-7.97011189,-7.16223936
46.855,21.38934967,-2.16979769,1.99278463,-14.07974563,-6.44359818,-18.24875707,-3.17898378,-6.61149647,-2.47991069,-34.07416615,-9.41638101,-7.20127633
46.86,21.19741315,-1.89023761,2.10650225,-14.67619376,-5.91872724,-18.43778722,-2.62166403,-6.98651923,-2.76567423,-35.57980329,-10.86514184,-7.35745819
46.865,20.96838925,-1.60396309,2.17812371,-15.24006236,-5.40455518,-18.61476513,-2.06381534,-7.3877331,-3.09150411,-37.09074688,-12.26647141,-7.46404777
46.87,20.72128403,-1.36080402,2.2640775,-15.74929752,-4.82338191,-18.80360596,-1.45846078,-7.74482612,-3.34004307,-38.6194878,-13.64346879,-7.75159188
46.875,20.43693721,-1.10759841,2.33295659,-16.20844211,-4.26498736,-18.97462082,-0.84881367,-8.12446681,-3.60681532,-40.145019,-14.94483694,-7.99678491
46.88,20.12004048,-0.84591902,2.39102821,-16.6235977,-3.73592616,-19.13747954,-0.23736957,-8.52314213,-3.88825401,-41.65826746,-16.16002388,-8.20316744
46.885,19.78220525,-0.61603808,2.44638164,-16.98537586,-3.18113499,-19.30504513,0.40472885,-8.89087095,-4.11434179,-43.16393878,-17.30090841,-8.53781512
46.89,19.42741691,-0.43863368,2.47541603,-17.3038017,-2.6054306,-19.46635143,1.07033788,-9.201289,-4.27917117,-44.64602145,-18.34872652,-8.9973323
46.895,19.03215584,-0.2178878,2.5221461,-17.56604853,-2.09948647,-19.6074522,1.71786175,-9.561461,-4.49334545,-46.09560017,-19.26119385,-9.30066523
46.9,18.62337447,-0.04146771,2.54021125,-17.78144653,-1.58975953,-19.74606064,2.39053565,-9.87277461,-4.64685609,-47.511421,-20.07415142,-9.74354152
46.905,18.18983987,0.11225156,2.55322185,-17.94929664,-1.10371218,-19.87652315,3.06295408,-10.15760998,-4.78675285,-48.88226705,-20.75064395,-10.16593171
46.91,17.73874699,0.24367395,2.55193191,-18.07100587,-0.64714267,-19.98895993,3.74152752,-10.41428955,-4.90402513,-50.20384886,-21.30107551,-10.6149559
46.915,17.2727999,0.3455466,2.53040644,-18.14982236,-0.2220762,-20.08274594,4.42374891,-10.63665079,-5.00453525,-51.46904789,-21.7244788,-11.07583634
46.92,16.7899364,0.4276705,2.50478867,-18.18342365,0.16934549,-20.15865153,5.10501333,-10.8296879,-5.09292226,-52.67164683,-22.01424894,-11.52303442
46.925,16.29062716,0.48597367,2.47364115,-18.16898703,0.52671214,-20.22010799,5.78278676,-10.98848449,-5.17201723,-53.80712668,-22.16789496,-11.95270168
46.93,15.79042994,0.5157598,2.41242404,-18.12781435,0.84279393,-20.24550123,6.46451491,-11.11319316,-5.24370054,-54.87347096,-22.21552159,-12.38577141
46.935,15.28214056,0.51654273,2.34375943,-18.04993372,1.12642434,-20.24764973,7.14230523,-11.19900445,-5.31257358,-55.86300399,-22.14574836,-12.78449872
46.94,14.74561224,0.47539247,2.29443944,-17.93024537,1.35880109,-20.30915361,7.78357002,-11.22750662,-5.39852593,-56.76019782,-21.92930366,-13.07439474
46.945,14.2382627,0.45852619,2.19956136,-17.76838244,1.58453565,-20.18940817,8.47497455,-11.28040226,-5.46408452,-57.59526929,-21.65278064,-13.49405688
46.95,13.73454435,0.37445365,2.06811334,-17.59388312,1.82104425,-20.06031997,9.15938487,-11.25521212,-5.51658199,-58.33915055,-21.29061879,-13.79556654
46.955,13.21756908,0.27898186,1.96867653,-17.38962576,1.99466451,-19.93517874,9.81176153,-11.20740339,-5.60847796,-58.99186604,-20.800757,-14.04503348
46.96,12.68158043,0.16468412,1.8858164,-17.15235364,2.0583908,-19.89583028,10.42909312,-11.12926838,-5.7289273,-59.54560925,-20.27533478,-14.31093175
46.965,12.18971143,0.02438338,1.76897737,-16.9043028,2.23798379,-19.63056989,11.07974128,-11.02595287,-5.84847498,-60.02072468,-19.58754108,-14.4204485
46.97,11.6730131,-0.12185651,1.64883443,-16.63387879,2.24557672,-19.52216069,11.6928171,-10.90397615,-5.975005,-60.40025477,-18.97421069,-14.64218378
46.975,11.20238074,-0.3196585,1.52165146,-16.36409309,2.43596929,-19.14164767,12.32031626,-10.73284189,-6.12898069,-60.68902085,-18.1576798,-14.55214706
46.98,10.71558995,-0.51529826,1.41221795,-16.07076853,2.49963325,-18.87358911,12.90940611,-10.55712547,-6.31628811,-60.8791978,-17.3763755,-14.5738761
46.985,10.24652215,-0.72671659,1.29079817,-15.77567286,2.5661539,-18.53387021,13.49729422,-10.36001203,-6.49909193,-60.98625277,-16.5691751,-14.4881748
46.99,9.78271824,-0.95152302,1.20838003,-15.46718081,2.58766271,-18.2284661,14.06080771,-10.143658,-6.71673674,-60.9956861,-15.74667808,-14.41812358
46.995,9.33544099,-1.18813337,1.08187579,-15.16605876,2.65020095,-17.81639948,14.61028186,-9.92363342,-6.9521095,-60.92074573,-14.90819542,-14.18810489
47,8.89651828,-1.43735989,0.98351941,-14.85970953,2.67204501,-17.44067218,15.13724614,-9.68768377,-7.21439729,-60.75325813,-14.08123843,-13.97499939
47.005,8.46955348,-1.69563875,0.93009142,-14.5503238,2.6834594,-17.04796124,15.65051081,-9.43217969,-7.48136611,-60.50283619,-13.2534592,-13.71259983
47.01,8.05458364,-1.95490967,0.85444044,-14.2484619,2.69964845,-16.6171846,16.14070989,-9.18526568,-7.7734337,-60.16699331,-12.44745327,-13.37546977
47.015,7.64773833,-2.21813208,0.79066346,-13.94816405,2.71033648,-16.17876222,16.61207698,-8.93083115,-8.07140957,-59.75327055,-11.67341014,-13.00164705
47.02,7.25083224,-2.48175413,0.74597164,-13.65301345,2.71472041,-15.73960624,17.06287325,-8.67558674,-8.37947478,-59.2606446,-10.92949947,-12.59238006
47.025,6.86426848,-2.74911474,0.72666976,-13.36604714,2.71202687,-15.30426343,17.49058578,-8.41500726,-8.69728228,-58.68837813,-10.21338286,-12.1473347
47.03,6.48332048,-3.01136591,0.71249977,-13.07968898,2.70207284,-14.87042142,17.90015045,-8.159795,-9.01895256,-58.05147825,-9.54171328,-11.6793798
47.035,6.10984674,-3.26573044,0.7176256,-12.80220212,2.68711996,-14.44892441,18.28664228,-7.90876252,-9.33653241,-57.33863316,-8.90938474,-11.18943747
47.04,5.74103477,-3.51729979,0.74072523,-12.52944697,2.67345709,-14.039769,18.64968826,-7.65821095,-9.6547601,-56.56058317,-8.3164869,-10.67603667
47.045,5.37675711,-3.75928647,0.78038538,-12.26081374,2.64786943,-13.65733134,18.99352992,-7.41355043,-9.96417624,-55.71760701,-7.76719901,-10.16179099
47.05,5.01860913,-3.99381,0.84034335,-11.99707585,2.61394264,-13.30272391,19.31722686,-7.17098226,-10.26382557,-54.81206274,-7.25623399,-9.6412285
47.055,4.6623212,-4.21487604,0.91520321,-11.73789942,2.57343421,-12.9773169,19.62085492,-6.93743715,-10.55078076,-53.84763506,-6.78460866,-9.12397761
47.06,4.3083575,-4.42301766,1.00678967,-11.48072034,2.52706621,-12.68900554,19.9056301,-6.71023936,-10.81879117,-52.82623108,-6.35091027,-8.61475539
47.065,3.95419168,-4.61387962,1.11008117,-11.22735721,2.47971911,-12.43874553,20.16937526,-6.49409585,-11.06940449,-51.75178221,-5.95180853,-8.11840137
47.07,3.6078928,-4.79521001,1.23351251,-10.97471946,2.41458135,-12.23663216,20.42378867,-6.27692702,-11.29077454,-50.62287558,-5.58749399,-7.64552772
47.075,3.25876616,-4.959361,1.37300893,-10.7241987,2.35266491,-12.07552848,20.654833,-6.07277867,-11.49724706,-49.44341026,-5.24694008,-7.185282
47.08,2.9118822,-5.10311987,1.52132232,-10.47302141,2.2833566,-11.96334367,20.87344659,-5.87831054,-11.66822297,-48.21628203,-4.93568932,-6.76050278
47.085,2.5668195,-5.23170666,1.68435361,-10.22436286,2.2100201,-11.89950397,21.07712315,-5.69131797,-11.81432816,-46.94109418,-4.6455476,-6.36370634
47.09,2.22468337,-5.34191809,1.85644438,-9.97540806,2.13200639,-11.88355979,21.26966821,-5.5134582,-11.92752063,-45.62143799,-4.37569525,-6.00576816
47.095,1.88465804,-5.43418727,2.03825495,-9.7265797,2.05325682,-11.91594285,21.44975013,-5.34576461,-12.00995939,-44.25763708,-4.12201395,-5.6869848
47.1,1.54510577,-5.50784491,2.23235383,-9.47887203,1.97590438,-11.99834268,21.61477809,-5.18906541,-12.06232523,-42.85024405,-3.88140322,-5.40791249
47.105,1.20636049,-5.56114956,2.43574581,-9.23159973,1.90142737,-12.13050762,21.76708306,-5.04508907,-12.08140576,-41.40206204,-3.65392068,-5.17528361
47.11,0.87419147,-5.59746843,2.64157906,-8.98668272,1.82949723,-12.30229723,21.91215782,-4.91098978,-12.06606236,-39.91371795,-3.43453931,-4.99385327
47.115,0.54434447,-5.61610676,2.85615722,-8.74287779,1.76394373,-12.51699851,22.04445462,-4.78989091,-12.02155103,-38.38627586,-3.2222295,-4.8615423
47.12,0.21858263,-5.61357628,3.07406215,-8.50326536,1.70676107,-12.76946224,22.16661001,-4.68326597,-11.93964065,-36.82190137,-3.014941,-4.78310962
47.125,-0.10265536,-5.59230021,3.29592307,-8.26737107,1.66188599,-13.05370857,22.2782225,-4.59240457,-11.82732948,-35.22132256,-2.81410567,-4.75800491
47.13,-0.37886489,-5.54082126,3.44454487,-8.05662669,1.70111667,-13.26776801,22.43411907,-4.50895094,-11.61133459,-33.60537754,-2.57787178,-4.79427243
47.135,-0.72680517,-5.50076485,3.73328452,-7.81302751,1.63150881,-13.68257945,22.47011114,-4.45466454,-11.51514224,-31.91510236,-2.42636196,-4.87414931
47.14,-1.03072597,-5.41693177,3.9564323,-7.59744279,1.64030549,-14.02307809,22.55183029,-4.42101148,-11.30473727,-30.21902524,-2.22704152,-5.00482881
47.145,-1.33119595,-5.32377404,4.18769512,-7.3919114,1.66212659,-14.3816096,22.61352822,-4.40118415,-11.07628382,-28.487355,-2.05060309,-5.18747863
47.15,-1.62398854,-5.21249744,4.42604507,-7.20354195,1.69717384,-14.74232645,22.66167666,-4.40038206,-10.81007158,-26.72841167,-1.88736965,-5.41272887
47.155,-1.90688797,-5.08066869,4.62781065,-7.01917256,1.81116635,-15.07581254,22.70775123,-4.4281667,-10.5382959,-24.9518731,-1.69195751,-5.67854377
47.16,-2.19757709,-4.93290783,4.86753947,-6.84964827,1.88257069,-15.4349617,22.71799445,-4.47776644,-10.23203759,-23.1453263,-1.56448243,-6.00649312
47.165,-2.48258411,-4.76091666,5.07989956,-6.68601369,2.02612986,-15.76903248,22.7228172,-4.56279959,-9.92625963,-21.33224061,-1.41307437,-6.36474322
47.17,-2.75715347,-4.57814632,5.30357116,-6.55222271,2.18273075,-16.09071384,22.71095605,-4.66372219,-9.5795375,-19.50346775,-1.29232288,-6.74894629
47.175,-3.0335636,-4.36279697,5.50762074,-6.41853632,2.41256187,-16.37584104,22.69023561,-4.81431773,-9.25244164,-17.6832429,-1.15795164,-7.1452331
47.18,-3.31020028,-4.14395457,5.73334442,-6.31522337,2.61023301,-16.660064,22.6400044,-4.97398904,-8.87659269,-15.85497317,-1.09664517,-7.60874067
47.185,-3.58511577,-3.88426448,5.93582042,-6.21413596,2.89904505,-16.89658493,22.59016744,-5.1950701,-8.53762995,-14.06048108,-1.00246257,-8.03111851
47.19,-3.86161002,-3.61465162,6.14868635,-6.1378143,3.18790866,-17.11130137,22.51984661,-5.43632779,-8.17235322,-12.28674716,-0.95853117,-8.49571122
47.195,-4.13564607,-3.32591968,6.35736967,-6.08037977,3.51997798,-17.2954208,22.4429259,-5.71118103,-7.81519618,-10.5560071,-0.92499309,-8.93576337
47.2,-4.41546532,-3.04757237,6.56330043,-6.04356432,3.86294295,-17.46591726,22.34916655,-5.98327168,-7.43089945,-8.86520856,-0.97332127,-9.45304492
47.205,-4.68440286,-2.715147,6.7662548,-6.02136061,4.25483048,-17.56114915,22.26977831,-6.33618828,-7.11539371,-7.26150468,-0.92810834,-9.79281022
47.21,-4.96243604,-2.39430265,6.96817508,-6.02121326,4.65895237,-17.63059538,22.17343473,-6.68612659,-6.78475458,-5.71848457,-0.95630834,-10.1974426
47.215,-5.24032165,-2.08325242,7.16261676,-6.03808627,5.08473323,-17.66324059,22.07752099,-7.03765022,-6.46804168,-4.25315462,-1.01024268,-10.57374839
47.22,-5.5159971,-1.77195136,7.35036939,-6.0802658,5.5374431,-17.66743642,21.98177438,-7.40079447,-6.18601576,-2.87556253,-1.07455759,-10.89024465
47.225,-5.79498935,-1.48181759,7.53135497,-6.13967217,5.99920281,-17.6190821,21.88407172,-7.75307425,-5.91494203,-1.58937194,-1.16894098,-11.19772053
47.23,-6.07161223,-1.20807802,7.70278295,-6.22220934,6.47373846,-17.54363455,21.78953511,-8.0965245,-5.67907507,-0.40247667,-1.27841572,-11.44402937
47.235,-6.35249698,-0.98565854,7.864314,-6.33100047,6.9857912,-17.39114699,21.68651521,-8.39483058,-5.44812352,0.68977462,-1.44464177,-11.70087814
47.24,-6.62706579,-0.77021249,8.01518648,-6.45535888,7.46433054,-17.24073148,21.59889075,-8.69141902,-5.26574972,1.66607179,-1.59088091,-11.85109148
47.245,-6.89721647,-0.58033188,8.14821346,-6.60271648,7.92066193,-17.07893718,21.51647975,-8.96600016,-5.12634634,2.53119318,-1.75280353,-11.95215096
47.25,-7.17439928,-0.47617221,8.26328122,-6.7822703,8.43837675,-16.81273051,21.41978247,-9.15637168,-4.99529578,3.29430032,-1.98081641,-12.0582848
47.255,-7.43078799,-0.36115118,8.37853382,-6.97888749,8.84166002,-16.61611855,21.353977,-9.35513452,-4.9059874,3.93283791,-2.18723903,-12.06656305
47.26,-7.68980922,-0.32467453,8.47826569,-7.2059139,9.27553458,-16.34025871,21.27664233,-9.47807543,-4.84349458,4.46610651,-2.44856245,-12.06589228
47.265,-7.94132018,-0.34486288,8.55341279,-7.46137236,9.68679425,-16.03789065,21.20767228,-9.53872386,-4.80319161,4.88399784,-2.73709906,-12.02215604
47.27,-8.18104499,-0.41764408,8.60797058,-7.74832327,10.06283622,-15.72612121,21.15174538,-9.53876427,-4.78335476,5.18435855,-3.05056173,-11.93706278
47.275,-8.40438798,-0.53662123,8.64395303,-8.06571256,10.38226617,-15.41925766,21.11127042,-9.48753868,-4.78887713,5.36970641,-3.39019106,-11.81876218
47.28,-8.61353522,-0.70602939,8.66292375,-8.41318768,10.65312467,-15.10833371,21.08690135,-9.37579758,-4.807624,5.44270207,-3.75428326,-11.67175639
47.285,-8.81796359,-0.92562086,8.63489336,-8.79935022,10.90968971,-14.75631015,21.06510133,-9.20567864,-4.82435727,5.40350497,-4.11396975,-11.50137454
47.29,-8.97543471,-1.1728899,8.64112725,-9.21505133,11.01601907,-14.49088562,21.08876519,-8.99898026,-4.85850851,5.26258057,-4.54435086,-11.30937929
47.295,-9.12834551,-1.48442467,8.58534363,-9.68890079,11.14298817,-14.1383605,21.1067473,-8.72240287,-4.92320141,5.01078288,-4.96340425,-11.10986394
47.3,-9.26100225,-1.82363746,8.51946752,-10.19157047,11.18904407,-13.79826305,21.15258857,-8.40522106,-4.97375732,4.65340612,-5.40131555,-10.892365
47.305,-9.36766747,-2.19854065,8.43152499,-10.74125208,11.17184895,-13.45175957,21.2189804,-8.04245042,-5.02969081,4.20015572,-5.84999868,-10.66866661
47.31,-9.44667937,-2.59958054,8.31971006,-11.33707196,11.08026549,-13.10473124,21.30869485,-7.64266057,-5.07989837,3.65482268,-6.30457321,-10.44109644
47.315,-9.49702404,-3.03017829,8.18575408,-11.98621552,10.92585289,-12.74251499,21.41673567,-7.20468813,-5.13024612,3.02487416,-6.75399591,-10.21565834
47.32,-9.51535212,-3.48055391,8.0320263,-12.68949086,10.69309702,-12.37772461,21.5444406,-6.73693525,-5.16982398,2.32067438,-7.1920743,-9.99546481
47.325,-9.50597667,-3.94358286,7.84546899,-13.44507085,10.39861181,-11.98606048,21.69094088,-6.2480161,-5.20256319,1.53741849,-7.60910928,-9.78483898
47.33,-9.46360106,-4.41959924,7.64292394,-14.25660567,10.03001871,-11.58569914,21.85273065,-5.73710408,-5.21962588,0.69636382,-7.99705085,-9.58667222
47.335,-9.39018988,-4.90850884,7.391784,-15.13182586,9.64886666,-11.05768228,22.02527597,-5.20833855,-5.21842795,-0.20471452,-8.34101331,-9.40744117
47.34,-9.28105506,-5.37928361,7.1702935,-16.05524247,9.06364098,-10.720537,22.21102772,-4.68235727,-5.19569246,-1.14562827,-8.65129181,-9.23940804
47.345,-9.13429266,-5.86109391,6.87424922,-17.04004916,8.50688675,-10.2248442,22.41578199,-4.14321333,-5.17138781,-2.14005497,-8.90565767,-9.09764407
47.35,-8.95856857,-6.33099363,6.60085165,-18.08803287,7.81100651,-9.78214372,22.60079762,-3.60859957,-5.10343594,-3.13665432,-9.09626048,-8.96562251
47.355,-8.74810936,-6.79664239,6.28314151,-19.19125998,7.08656486,-9.27443834,22.79647665,-3.07526934,-5.02678964,-4.17328237,-9.22497503,-8.85674557
47.36,-8.50419872,-7.25079858,5.96028358,-20.35922461,6.27579887,-8.75907754,22.97136994,-2.55068678,-4.92109481,-5.2015632,-9.28011846,-8.7624143
47.365,-8.23034695,-7.69986495,5.61881368,-21.57642792,5.41381705,-8.20952751,23.1369179,-2.02948694,-4.79484296,-6.23592625,-9.26540762,-8.68389423
47.37,-7.92789681,-8.13629844,5.27543373,-22.8506311,4.47388854,-7.64809078,23.27644185,-1.52344672,-4.64726185,-7.2608535,-9.17506865,-8.62053991
47.375,-7.59245755,-8.56699679,4.90810653,-24.17864408,3.49266283,-7.06280531,23.39406806,-1.02512855,-4.48945846,-8.26488109,-9.01288784,-8.56866364
47.38,-7.22782797,-8.9890304,4.53968393,-25.55968094,2.45931013,-6.46569465,23.47976844,-0.54323162,-4.31847097,-9.24573142,-8.78023687,-8.52964646
47.385,-6.83130586,-9.40679942,4.14778991,-26.98609833,1.39943397,-5.85238133,23.54383089,-0.06925234,-4.14559672,-10.20021616,-8.48057192,-8.49590554
47.39,-6.41206025,-9.82109622,3.7733737,-28.45224452,0.29469303,-5.24389572,23.56183342,0.38657215,-3.96416137,-11.11231838,-8.11631812,-8.47453936
47.395,-5.9638152,-10.23178385,3.39081974,-29.95823871,-0.82377799,-4.63937254,23.54944771,0.82976147,-3.7885681,-11.98697907,-7.69501153,-8.45568467
47.4,-5.48723898,-10.64508304,3.00975683,-31.49687581,-1.95337368,-4.04221151,23.50244179,1.25968993,-3.61516341,-12.81961266,-7.21776393,-8.43807619
47.405,-4.99048532,-11.05682376,2.66464745,-33.06253716,-3.09515962,-3.4837563,23.40373286,1.6759568,-3.43852918,-13.59004196,-6.69693657,-8.4296459
47.41,-4.4683876,-11.470215,2.33068409,-34.65077354,-4.22497445,-2.95345783,23.26648247,2.07753453,-3.2705717,-14.3083686,-6.13555627,-8.42264955
47.415,-3.92156057,-11.88453516,2.01625833,-36.25671659,-5.32848461,-2.46291752,23.09219571,2.4637332,-3.11407799,-14.97541388,-5.5435238,-8.41659773
47.42,-3.35101804,-12.29815153,1.72314365,-37.87154057,-6.394299,-2.01991819,22.88064944,2.83298173,-2.97203226,-15.5866955,-4.92703178,-8.40996569
47.425,-2.75486702,-12.70989924,1.44480053,-39.48917828,-7.40657042,-1.63069854,22.64359475,3.18419922,-2.86585438,-16.15278548,-4.29021217,-8.39411899
47.43,-2.14167255,-13.1085614,1.2231496,-41.10323398,-8.36986406,-1.30232361,22.35655482,3.5157139,-2.7458082,-16.64433783,-3.64855293,-8.3959536
47.435,-1.50152906,-13.50820043,1.01507281,-42.70855766,-9.2583884,-1.04465812,22.04953673,3.83132987,-2.66477169,-17.09064871,-3.00224557,-8.37736356
47.44,-0.84299905,-13.89153019,0.84659244,-44.29551924,-10.06968673,-0.85361853,21.71011361,4.12196993,-2.59955533,-17.48098139,-2.36174831,-8.36241296
47.445,-0.16463788,-14.25951428,0.71538277,-45.85667736,-10.79579832,-0.73488142,21.34342517,4.39177469,-2.54954226,-17.81533092,-1.73332782,-8.34313451
47.45,0.53143429,-14.60696657,0.61608682,-47.38754857,-11.43078422,-0.68630545,20.95277217,4.63600657,-2.52370202,-18.10097496,-1.12163668,-8.32288209
47.455,1.25182256,-14.93577547,0.55156639,-48.88333768,-11.96771532,-0.71896123,20.5464868,4.85733925,-2.52622399,-18.33613742,-0.5365565,-8.28111092
47.46,1.97973124,-15.22471214,0.51673048,-50.33244855,-12.40405103,-0.80581545,20.11579569,5.04465389,-2.53583161,-18.52375952,0.02074981,-8.25672197
47.465,2.73771793,-15.49507439,0.51554012,-51.73544051,-12.744017,-0.97644839,19.68557778,5.20718938,-2.60045772,-18.6792887,0.54497568,-8.19620599
47.47,3.49335176,-15.72292252,0.53407134,-53.07498247,-12.97926588,-1.19509526,19.22374515,5.34778135,-2.62440919,-18.76610468,1.03584724,-8.15875246
47.475,4.27700939,-15.91808388,0.58273658,-54.35999868,-13.12234797,-1.48031945,18.7725381,5.45165889,-2.71634042,-18.83876946,1.48092569,-8.08709398
47.48,5.04416511,-16.07249445,0.62790616,-55.56613601,-13.15337828,-1.80621304,18.28892543,5.53930757,-2.75590928,-18.84513302,1.89727875,-8.04878899
47.485,5.8430625,-16.19494069,0.70230756,-56.71050901,-13.11081207,-2.19612493,17.82291672,5.59700533,-2.85026054,-18.83365367,2.25910069,-7.96216781
47.49,6.63927794,-16.27249154,0.77566252,-57.77394035,-12.97483328,-2.61581106,17.35167332,5.62503975,-2.943191,-18.78857966,2.58456988,-7.87629657
47.495,7.43416285,-16.31225563,0.84762548,-58.75484227,-12.75902246,-3.06831146,16.87895317,5.62999197,-3.03600897,-18.71377119,2.86676201,-7.78240996
47.5,8.2464037,-16.31328931,0.93371397,-59.6549767,-12.49035078,-3.55444729,16.42142239,5.60618672,-3.15799053,-18.617905,3.11416897,-7.65502179
47.505,9.04808914,-16.26837971,1.01124634,-60.46159483,-12.1562906,-4.04784318,15.9604472,5.55522569,-3.272851,-18.48623909,3.32765118,-7.51987104
47.51,9.84178106,-16.20118476,1.06337635,-61.17723807,-11.75927856,-4.57179777,15.50479434,5.49139424,-3.37618299,-18.33581384,3.50650438,-7.37415072
47.515,10.62063286,-16.10174634,1.09558692,-61.79839027,-11.31165596,-5.10357799,15.05213256,5.40973695,-3.4673257,-18.16565007,3.6503479,-7.21992294
47.52,11.3870822,-15.9737755,1.10598157,-62.32128417,-10.83239647,-5.63461748,14.60494255,5.30831542,-3.55272175,-17.97539966,3.76458659,-7.04997589
47.525,12.14684236,-15.81156301,1.11107264,-62.75201997,-10.3370264,-6.16566635,14.17156114,5.18560912,-3.6468652,-17.77700516,3.86017544,-6.84992416
47.53,12.80595551,-15.66922369,1.04343859,-63.07104328,-9.75670108,-6.62634938,13.66934747,5.08658269,-3.68281839,-17.53506569,3.85853699,-6.76420477
47.535,13.58358942,-15.43309757,1.01013243,-63.30267565,-9.28444469,-7.20302079,13.30226512,4.90656605,-3.7647031,-17.31847631,3.96724132,-6.44022166
47.54,14.26865378,-15.2202883,0.91887657,-63.43201947,-8.75663225,-7.698824,12.87698042,4.75008413,-3.80879203,-17.07485028,3.99975597,-6.19436242
47.545,14.92439031,-14.99230422,0.80931515,-63.46500848,-8.23096707,-8.17633624,12.4498309,4.5865684,-3.82547117,-16.81931085,4.00357519,-5.95220776
47.55,15.55259044,-14.7508264,0.65786242,-63.39385864,-7.73663777,-8.63875558,12.03013248,4.40577003,-3.84573754,-16.55246713,4.01058051,-5.68194508
47.555,16.15126228,-14.4930784,0.4901019,-63.22709616,-7.28342456,-9.08913726,11.61265488,4.21109591,-3.86444183,-16.28273049,4.03116875,-5.37798161
47.56,16.71134703,-14.23805214,0.28781298,-62.96660473,-6.840324,-9.50920586,11.1900657,4.01912291,-3.84314904,-16.00027155,4.0186834,-5.0826105
47.565,17.23293099,-13.98528758,0.04318015,-62.6080807,-6.4256012,-9.90812151,10.7691647,3.82099073,-3.81415972,-15.71324869,3.99241593,-4.77961641
47.57,17.72007011,-13.71947803,-0.20476347,-62.16487269,-6.06615239,-10.29494951,10.3413176,3.6163088,-3.75792818,-15.41881279,3.98584378,-4.44915292
47.575,18.16685937,-13.46061081,-0.48643084,-61.63079595,-5.74092062,-10.65874763,9.91081792,3.40988437,-3.69577077,-15.1194853,3.96683039,-4.1181862
47.58,18.57471942,-13.20422206,-0.79286749,-61.01148459,-5.45764046,-11.00685996,9.47698965,3.20100369,-3.61663656,-14.81683353,3.94571311,-3.77685532
47.585,18.94301068,-12.95179043,-1.1139245,-60.31105655,-5.21716695,-11.34315717,9.03610843,2.99271358,-3.52682556,-14.50950532,3.92785422,-3.42988025
47.59,19.27094051,-12.7060039,-1.45748189,-59.52863761,-5.0221214,-11.66467404,8.59206407,2.78444876,-3.42168768,-14.20222834,3.91044128,-3.0755757
47.595,19.56156411,-12.46698132,-1.81022498,-58.67286832,-4.86599753,-11.9778828,8.14085181,2.57989009,-3.30677905,-13.89010748,3.89508097,-2.72018655
47.6,19.81415597,-12.23558519,-2.17730698,-57.74318746,-4.74987889,-12.28300933,7.68599949,2.37725524,-3.18076017,-13.57846447,3.88147038,-2.3616767
47.605,20.03270627,-12.01451802,-2.55040791,-56.74606091,-4.66881614,-12.5814003,7.22637908,2.18114433,-3.05068129,-13.26392026,3.87086816,-2.00743497
47.61,20.21736816,-11.7993007,-2.92600823,-55.68218957,-4.6182566,-12.8783311,6.76423084,1.9887501,-2.9122374,-12.95075547,3.86154061,-1.65395912
47.615,20.37352679,-11.59831216,-3.30403806,-54.55595806,-4.59834684,-13.16694333,6.30183893,1.80720165,-2.7673514,-12.63692669,3.85450147,-1.30775568
47.62,20.50262524,-11.40795186,-3.67831153,-53.37120112,-4.60092425,-13.45485244,5.83998346,1.63404996,-2.61863969,-12.32522848,3.84714546,-0.96792038
47.625,20.60641717,-11.22862555,-4.04506123,-52.12966218,-4.62275742,-13.74351587,5.37908315,1.47184109,-2.47030022,-12.01529275,3.84400262,-0.63782293
47.63,20.68910269,-11.0610778,-4.40103164,-50.83529562,-4.6603575,-14.03132605,4.92175094,1.32139125,-2.3202956,-11.70816039,3.84451675,-0.3195211
47.635,20.76329471,-10.92065239,-4.75967162,-49.49178361,-4.70394386,-14.3072886,4.48389617,1.19096104,-2.18774795,-11.41058003,3.82681979,-0.01827438
47.64,20.80937644,-10.77156786,-5.0840868,-48.09747321,-4.76796073,-14.59873614,4.03582643,1.0636202,-2.01737965,-11.10744493,3.84586795,0.27753553
47.645,20.85199281,-10.64244888,-5.38981056,-46.6601715,-4.82841542,-14.88158808,3.60586017,0.95583289,-1.86373751,-10.81232201,3.85455349,0.55232803
47.65,20.88477311,-10.52989082,-5.68109545,-45.17864459,-4.88889914,-15.16441121,3.18850552,0.86479803,-1.7139838,-10.52449343,3.86581502,0.80977175
47.655,20.91059625,-10.42913505,-5.94723691,-43.65508993,-4.94578008,-15.44876554,2.78393509,0.78912651,-1.5671099,-10.24335125,3.88370478,1.04849143
47.66,20.93614803,-10.35076968,-6.20043716,-42.09115255,-4.99510478,-15.72765167,2.40107244,0.73386426,-1.4312377,-9.97192544,3.89667694,1.26814915
47.665,20.95744031,-10.27554489,-6.41734242,-40.48985426,-5.03955316,-16.00758013,2.02971004,0.68923583,-1.28450437,-9.70431428,3.92772605,1.46711943
47.67,20.98035737,-10.22022229,-6.60075675,-38.85036241,-5.0654249,-16.2838767,1.67801576,0.66924047,-1.14596396,-9.44773578,3.95600745,1.64598946
47.675,21.00023918,-10.17050427,-6.74936518,-37.17427435,-5.08779786,-16.55853428,1.34030753,0.6602886,-0.9963862,-9.19802787,4.00658876,1.80317213
47.68,21.02310244,-10.13985839,-6.87320173,-35.46301872,-5.09224028,-16.82953476,1.02489637,0.67121364,-0.85887361,-8.96018157,4.05597712,1.94018671
47.685,21.05024473,-10.12604517,-6.96881659,-33.7182163,-5.08232563,-17.09254571,0.73062858,0.7009028,-0.7241448,-8.73115804,4.11263711,2.05678766
47.69,21.07416521,-10.12117336,-7.03040987,-31.93810153,-5.06579368,-17.35509522,0.45232215,0.74283917,-0.58188051,-8.51390192,4.18519125,2.15383152
47.695,21.09898151,-10.13211582,-7.05895392,-30.12605601,-5.03553621,-17.61247321,0.19160625,0.80325064,-0.44149225,-8.30698323,4.26631015,2.23204754
47.7,21.12524311,-10.16104541,-7.06009068,-28.2844221,-4.99416589,-17.86034078,-0.05115922,0.88155541,-0.30533487,-8.1100643,4.35868512,2.2913804
47.705,21.14736162,-10.20218022,-7.02724964,-26.41284357,-4.94958598,-18.1040359,-0.27930978,0.97380925,-0.1617436,-7.92649138,4.46548821,2.33364757
47.71,21.16725496,-10.26338037,-6.9665252,-24.51634049,-4.89788819,-18.33671534,-0.49465292,1.08563407,-0.02084994,-7.75178614,4.58551649,2.3598811
47.715,21.19387688,-10.34011192,-6.83969816,-22.60787385,-4.79395488,-18.53574906,-0.69673301,1.22091207,0.10687401,-7.58933656,4.71687782,2.37471556
47.72,21.1981304,-10.4460418,-6.73739011,-20.67085546,-4.77010962,-18.75238448,-0.89227381,1.3700535,0.27425487,-7.44089002,4.87696133,2.37731075
47.725,21.19941754,-10.56291507,-6.60006098,-18.72449187,-4.73540692,-18.94648004,-1.08192767,1.53119831,0.42707144,-7.30205725,5.04575624,2.36179942
47.73,21.19587329,-10.70319608,-6.43584559,-16.77793227,-4.70100219,-19.10729657,-1.26756325,1.71330208,0.58348484,-7.17466548,5.23320052,2.34122497
47.735,21.17224308,-10.8541109,-6.29735666,-14.82574261,-4.71376919,-19.33197545,-1.4552324,1.89360479,0.75615158,-7.04697051,5.40663284,2.29563705
47.74,21.16293818,-11.03576482,-6.07875148,-12.9166271,-4.67973962,-19.39668574,-1.6388238,2.11396949,0.90735196,-6.94721131,5.6454356,2.26581321
47.745,21.13702504,-11.24819888,-5.88753017,-11.03355732,-4.66920347,-19.5003971,-1.82912456,2.35095694,1.08289019,-6.84964773,5.87804172,2.22792803
47.75,21.09064021,-11.46525878,-5.70430966,-9.1875361,-4.71448782,-19.68715829,-2.03295369,2.58303897,1.30042469,-6.75443502,6.08072933,2.14205835
47.755,21.07258089,-11.69920516,-5.49332914,-7.42245047,-4.71051698,-19.658142,-2.22966355,2.83848164,1.45400864,-6.68357651,6.37714099,2.09964405
47.76,21.03543033,-11.95968759,-5.30911749,-5.72948698,-4.69731199,-19.70999263,-2.44909985,3.10718075,1.65607776,-6.61090265,6.62539994,2.03579298
47.765,21.0181853,-12.19621746,-5.10486024,-4.12244872,-4.71744089,-19.63432131,-2.6611601,3.35772617,1.83404016,-6.56472458,6.93731081,1.97896088
47.77,20.99714605,-12.44342833,-4.91604295,-2.61148929,-4.71757857,-19.56414713,-2.88967989,3.61389073,2.0269778,-6.52537731,7.23995454,1.92054399
47.775,20.95989765,-12.68824728,-4.75713285,-1.2037463,-4.68810125,-19.49836838,-3.14789334,3.86140941,2.25010853,-6.48686624,7.50399159,1.83043144
47.78,20.95922869,-12.88224936,-4.57634461,0.09433763,-4.71772628,-19.33584064,-3.38513421,4.07055247,2.43217804,-6.48001464,7.8389893,1.76124964
47.785,20.92720833,-13.08979668,-4.43883696,1.27105145,-4.66176255,-19.17533704,-3.66768434,4.28143126,2.65517158,-6.47190344,8.11858854,1.67820339
47.79,20.94308152,-13.22230039,-4.26611891,2.33166986,-4.69443372,-18.96520952,-3.91839696,4.43587045,2.82981438,-6.49348513,8.45256445,1.60547193
47.795,20.94928098,-13.33989973,-4.11311694,3.26566526,-4.6881743,-18.74744594,-4.19072353,4.57518033,3.02224796,-6.53073277,8.76778106,1.53751251
47.8,20.9470327,-13.42315965,-3.98038688,4.0738232,-4.66363271,-18.49257508,-4.47959435,4.6774499,3.21467702,-6.58105137,9.06372014,1.46244678
47.805,20.89313355,-13.45235741,-3.92517059,4.76068124,-4.55977805,-18.14284216,-4.8278249,4.72197379,3.452665,-6.63011757,9.31857911,1.38489612
47.81,20.94810443,-13.41869436,-3.75272792,5.31417708,-4.61413117,-17.88946407,-5.08411713,4.73351875,3.58828346,-6.72801876,9.60461387,1.31122015
47.815,20.90963791,-13.3500037,-3.69674703,5.74663835,-4.53781292,-17.51048108,-5.42804279,4.68921013,3.80690577,-6.82630222,9.85394246,1.26354687
47.82,20.93847399,-13.22289685,-3.57494605,6.0516516,-4.55398543,-17.19076688,-5.71689747,4.60846535,3.95816472,-6.95955396,10.09096273,1.20893399
47.825,21.0111602,-13.06878772,-3.397343,6.24212434,-4.62719221,-16.94326629,-5.96646141,4.51614929,4.06239647,-7.12515271,10.29770877,1.14997745
47.83,21.02014442,-12.83680817,-3.32725294,6.29818151,-4.6296059,-16.57478455,-6.27644372,4.32848672,4.22628844,-7.30016093,10.47422271,1.13690224
47.835,21.08376691,-12.58873282,-3.17996476,6.25065889,-4.70196853,-16.28177026,-6.53037586,4.14227811,4.33450032,-7.51810219,10.61667471,1.11169359
47.84,21.1444732,-12.29776349,-3.04194558,6.09502735,-4.77848841,-15.97979603,-6.78197479,3.91019517,4.43162182,-7.75834424,10.71121543,1.11775053
47.845,21.24779567,-11.98639022,-2.85920074,5.82095168,-4.90535433,-15.72782586,-7.00231953,3.67030344,4.49712342,-8.02487229,10.76831078,1.11233301
47.85,21.34948728,-11.63356622,-2.69012958,5.45353759,-5.04419671,-15.47482826,-7.20702476,3.38908804,4.55199455,-8.33512804,10.77547331,1.13474805
47.855,21.42569709,-11.24260714,-2.56107131,5.01293164,-5.17435533,-15.19292507,-7.39745961,3.05031782,4.61691596,-8.69857083,10.74973259,1.23955931
47.86,21.53826345,-10.84536132,-2.38143837,4.47255013,-5.34717229,-14.95985319,-7.55996967,2.71865133,4.63340037,-9.08976579,10.66503835,1.33402095
47.865,21.66200164,-10.42896139,-2.19503396,3.85692509,-5.5426904,-14.75486376,-7.69147776,2.36415464,4.62982931,-9.52584708,10.53487309,1.46794952
47.87,21.79898366,-9.99567124,-1.99010589,3.17459532,-5.76051952,-14.58272749,-7.7886617,1.99140802,4.59925353,-10.00732447,10.34536087,1.63434622
47.875,21.94771024,-9.56555097,-1.76021639,2.42433845,-5.985866,-14.44517687,-7.864516,1.6253585,4.53975758,-10.52180752,10.05969887,1.79830678
47.88,22.10327766,-9.10491653,-1.53444902,1.64162377,-6.25088158,-14.35661752,-7.87477578,1.21189745,4.46316491,-11.12310384,9.81140521,2.09889842
47.885,22.26697366,-8.65248834,-1.27922753,0.80670007,-6.51263155,-14.313292,-7.86336873,0.80926631,4.34552905,-11.75713477,9.44534952,2.40722907
47.89,22.43708097,-8.19814837,-1.0023952,-0.06114266,-6.78410893,-14.32183109,-7.80740648,0.40172419,4.19897192,-12.45410773,9.0271056,2.76498083
47.895,22.616181,-7.75533115,-0.68792824,-0.96313472,-7.05824554,-14.4242704,-7.71212801,0.00338161,3.99767093,-13.20693144,8.56784756,3.2084359
47.9,22.77279042,-7.30693631,-0.3911606,-1.86714112,-7.30781374,-14.48818187,-7.58611608,-0.41200675,3.82371354,-14.01531771,7.98793881,3.59936405
47.905,22.9337254,-6.8663003,-0.0669364,-2.78788315,-7.54929685,-14.64178028,-7.41225908,-0.82479314,3.59307311,-14.89017458,7.36455322,4.0920584
47.91,23.08290011,-6.43687911,0.272849,-3.71629852,-7.76511636,-14.8541581,-7.20386372,-1.2333478,3.33226633,-15.82640048,6.67716188,4.62345603
47.915,23.21252511,-6.01196282,0.61961185,-4.63485802,-7.95209959,-15.09511952,-6.9579355,-1.64612897,3.05037608,-16.82874906,5.91060889,5.18079294
47.92,23.32355241,-5.59646754,0.96885561,-5.55534078,-8.09092913,-15.38993522,-6.68015681,-2.06064978,2.74786219,-17.89184934,5.07571636,5.76688436
47.925,23.40665377,-5.19586289,1.31769554,-6.45811919,-8.18934041,-15.71073347,-6.36889452,-2.47180518,2.42643442,-19.02250455,4.17456713,6.36409052
47.93,23.47960396,-4.79632216,1.66123251,-7.36305302,-8.23590469,-16.11876967,-6.0177673,-2.89184018,2.07809794,-20.21577088,3.22469943,6.99858648
47.935,23.4964341,-4.40705588,2.00231004,-8.22749513,-8.23756738,-16.45704781,-5.65422225,-3.31605995,1.74787033,-21.46140095,2.15661437,7.58484999
47.94,23.51040738,-4.02530912,2.35704848,-9.07856306,-8.18263018,-16.96671981,-5.22788032,-3.74328247,1.38604844,-22.78941573,1.11165761,8.22428335
47.945,23.47610513,-3.65004427,2.67195354,-9.90317568,-8.08029217,-17.40825582,-4.79174158,-4.18128106,1.02522324,-24.16320697,-0.03751362,8.79988056
47.95,23.40564895,-3.28723517,2.97120154,-10.70074761,-7.92283474,-17.87087246,-4.32890619,-4.621558,0.66679692,-25.59280924,-1.232074,9.34109055
47.955,23.30089263,-2.93063944,3.24973953,-11.47010788,-7.71787519,-18.34456799,-3.83979538,-5.07035045,0.31273024,-27.07281936,-2.4685684,9.83758433
47.96,23.13056077,-2.60079697,3.47452881,-12.21070212,-7.42675311,-18.72903234,-3.35857557,-5.51283659,-0.02413308,-28.58818908,-3.78214749,10.23613283
47.965,22.94951986,-2.26381678,3.69815741,-12.92030204,-7.10966352,-19.19298668,-2.82826686,-5.97153377,-0.35743926,-30.15548562,-5.06500503,10.61192976
47.97,22.77383647,-1.91943543,3.9261375,-13.59417395,-6.82602095,-19.81228983,-2.23054165,-6.44425751,-0.66878015,-31.77517732,-6.28822473,10.94238376
47.975,22.50402313,-1.61745131,4.08578036,-14.23888403,-6.40680161,-20.22853255,-1.68192525,-6.89345872,-0.95949801,-33.39996677,-7.58443527,11.16068416
47.98,22.22108978,-1.3133422,4.22271023,-14.84760205,-5.9808581,-20.68781027,-1.09286083,-7.35325558,-1.22693066,-35.05362387,-8.82689444,11.30594567
47.985,21.91566981,-1.01550208,4.33325238,-15.41791079,-5.55156314,-21.16552405,-0.47499295,-7.8131798,-1.46121326,-36.72640442,-10.02030829,11.36682987
47.99,21.58041278,-0.73461115,4.41366313,-15.95182707,-5.1014468,-21.63690444,0.15780349,-8.2609802,-1.66494073,-38.4047771,-11.15013688,11.34878655
47.995,21.22049799,-0.46466977,4.46073537,-16.44463904,-4.65025682,-22.09906044,0.81146335,-8.70225638,-1.83191088,-40.08443665,-12.21038647,11.24053911
48,20.83402757,-0.21315074,4.47787155,-16.89981046,-4.18504184,-22.54210904,1.47526605,-9.122805,-1.96600505,-41.75168411,-13.18297308,11.06319098
48.005,20.42431159,0.01858453,4.46455337,-17.31492924,-3.71845172,-22.9654306,2.15323969,-9.52351458,-2.06447011,-43.40171165,-14.05791236,10.81247231
48.01,19.99312351,0.2346639,4.42060939,-17.68641526,-3.25983527,-23.36056406,2.84130072,-9.89926424,-2.12936245,-45.02228018,-14.83072147,10.49634238
48.015,19.54266806,0.42473216,4.35100767,-18.01787986,-2.80710601,-23.73037807,3.53982227,-10.24338528,-2.16396338,-46.6083,-15.48720488,10.12872874
48.02,19.07725805,0.58928835,4.24924334,-18.31072021,-2.37183833,-24.07057541,4.24807552,-10.55093475,-2.1654685,-48.1490963,-16.02342181,9.71157386
48.025,18.59291612,0.73225619,4.14581417,-18.55725325,-1.94287883,-24.37820375,4.95485923,-10.82055784,-2.15802264,-49.63596152,-16.44167296,9.28207103
48.03,18.09739971,0.8472368,4.01547495,-18.76502445,-1.54044721,-24.65224262,5.66856804,-11.04876732,-2.12750019,-51.06301095,-16.73723602,8.81821313
48.035,17.59054516,0.93433514,3.87801066,-18.93124259,-1.16103207,-24.89301291,6.38233425,-11.23105708,-2.08810108,-52.42191005,-16.91095946,8.34749077
48.04,17.07661101,0.99296384,3.7225148,-19.05754715,-0.81021115,-25.09764906,7.09798133,-11.36937258,-2.04206706,-53.7078736,-16.97103994,7.86845378
48.045,16.56009389,1.02185492,3.55298589,-19.15279837,-0.49030586,-25.26352109,7.8124992,-11.46186632,-1.99794702,-54.91368466,-16.92882656,7.40005415
48.05,16.0343189,1.02828415,3.39455062,-19.20061995,-0.19813044,-25.39511321,8.5197895,-11.51046335,-1.96232293,-56.03329202,-16.77386947,6.9379634
48.055,15.50309709,1.00836823,3.2432642,-19.20910171,0.06577876,-25.49868121,9.21906581,-11.5138731,-1.93897579,-57.06104646,-16.51737959,6.4957726
48.06,14.98613105,0.96064803,3.04337131,-19.19752746,0.31671188,-25.53826239,9.93231407,-11.47922723,-1.9057466,-58.00127297,-16.22439852,6.05859918
48.065,14.45960162,0.8917418,2.88866755,-19.14473361,0.53106281,-25.55591914,10.6185266,-11.40241921,-1.91638929,-58.83915219,-15.80538518,5.65253129
48.07,13.91887953,0.80741578,2.78063977,-19.05857195,0.67852741,-25.62276917,11.26117393,-11.29539393,-1.98999348,-59.56557245,-15.29712412,5.33346543
48.075,13.39539911,0.69954015,2.65607504,-18.9406868,0.81422531,-25.55986051,11.92360098,-11.14945462,-2.05093428,-60.20139531,-14.72417185,4.93973904
48.08,12.87534957,0.57355072,2.53402546,-18.80256493,0.92784486,-25.50191055,12.56624461,-10.97472641,-2.14190756,-60.73011583,-14.12045008,4.62133152
48.085,12.36722237,0.41202359,2.39536227,-18.63433784,1.07492663,-25.34560295,13.19684427,-10.76016941,-2.27191816,-61.14087574,-13.48050457,4.32483042
48.09,11.85563335,0.26096053,2.3238696,-18.45420743,1.12522983,-25.23024942,13.80071596,-10.53775287,-2.42575073,-61.46037534,-12.79392355,4.06690586
48.095,11.35354212,0.0770581,2.25512224,-18.25246491,1.19659869,-25.05367093,14.37854252,-10.28214477,-2.63538823,-61.6594768,-12.08346254,3.85005452
48.1,10.86251163,-0.1332055,2.19637233,-18.04325145,1.28227258,-24.7950702,14.93363602,-9.99518672,-2.87738558,-61.74697105,-11.38044176,3.67894898
48.105,10.36633692,-0.32319244,2.16568495,-17.80655696,1.28649625,-24.60000605,15.46125735,-9.72508184,-3.15273827,-61.73408657,-10.6467241,3.50956902
48.11,9.87941893,-0.52561503,2.1781866,-17.55915149,1.27338974,-24.37150099,15.969732,-9.42966143,-3.44190719,-61.61969696,-9.9184712,3.37587216
48.115,9.40093842,-0.75982753,2.18617939,-17.31580558,1.29056722,-24.05495156,16.43190009,-9.11793241,-3.80642124,-61.38608957,-9.2364576,3.29873506
48.12,8.92405041,-0.98294833,2.22719886,-17.05619463,1.27154712,-23.75733985,16.8750729,-8.80815213,-4.17271667,-61.06010882,-8.55559237,3.22157167
48.125,8.45549212,-1.19941275,2.30190716,-16.78693635,1.23234678,-23.48722354,17.30105745,-8.49731241,-4.54474859,-60.64190175,-7.87751723,3.15728353
48.13,7.99207387,-1.43129137,2.38539381,-16.5200376,1.18805163,-23.16492709,17.68395209,-8.18094707,-4.96606262,-60.11857374,-7.25563558,3.12604184
48.135,7.53175878,-1.65596384,2.49037848,-16.2513824,1.13627087,-22.83108715,18.04006635,-7.86890979,-5.39229497,-59.50333688,-6.67106054,3.10282204
48.14,7.07221851,-1.88269071,2.60363401,-15.97803377,1.07400659,-22.47353052,18.36538451,-7.55964869,-5.8399814,-58.80389163,-6.14368271,3.09048279
48.145,6.61846732,-2.10370117,2.73704481,-15.70486226,1.00875437,-22.13090231,18.66624198,-7.25166614,-6.28541307,-58.02019164,-5.64199594,3.08082885
48.15,6.16333689,-2.31958237,2.88792847,-15.43427609,0.94042625,-21.76570148,18.93093745,-6.95225449,-6.7438382,-57.15201277,-5.2041185,3.07540549
48.155,5.71426984,-2.52418257,3.04139494,-15.1640506,0.85883859,-21.41186931,19.17639389,-6.65956789,-7.18891122,-56.21075139,-4.79612065,3.06208393
48.16,5.26477383,-2.7212775,3.20861032,-14.89590795,0.77733883,-21.05525955,19.39167137,-6.37467852,-7.63288405,-55.19581554,-4.43963412,3.04489983
48.165,4.81794129,-2.90575423,3.3798985,-14.62997869,0.6932911,-20.70796227,19.58463418,-6.09969339,-8.06308279,-54.11312552,-4.12117849,3.01724391
48.17,4.36974033,-3.07718548,3.55596876,-14.36615741,0.60776108,-20.3614475,19.75159724,-5.83559234,-8.47852099,-52.96609599,-3.84974329,2.97686738
48.175,3.92379922,-3.23725972,3.73476135,-14.10646153,0.52263609,-20.02538483,19.89680303,-5.57948061,-8.87600141,-51.75901171,-3.61050437,2.92146204
48.18,3.48119807,-3.37508111,3.90770303,-13.84817367,0.43386926,-19.7035291,20.0275862,-5.34005084,-9.24314644,-50.49676832,-3.40370771,2.84859929
48.185,3.03794702,-3.49809181,4.07885836,-13.59395097,0.3481116,-19.38975689,20.1365269,-5.11230395,-9.58678661,-49.18130023,-3.23029289,2.75782813
48.19,2.60141504,-3.60407832,4.24715415,-13.34413136,0.26541934,-19.09645339,20.23368479,-4.89619105,-9.89897631,-47.8168863,-3.07553997,2.6475783
48.195,2.16408305,-3.69172352,4.40931069,-13.09872469,0.18850132,-18.81440236,20.3121409,-4.69444205,-10.18181719,-46.40511388,-2.9466832,2.51702379
48.2,1.73314254,-3.75738815,4.56090322,-12.85630453,0.11478212,-18.55034466,20.38260167,-4.50883693,-10.4250002,-44.95157523,-2.83190371,2.3672833
48.205,1.30534745,-3.80408228,4.70421968,-12.61912046,0.04771096,-18.30021711,20.44004102,-4.33791764,-10.63597894,-43.45643324,-2.73082612,2.19745336
48.21,0.88552323,-3.82986513,4.83778459,-12.38893126,-0.01217015,-18.06799683,20.49043722,-4.18338622,-10.80760571,-41.92378039,-2.63668491,2.00845418
48.215,0.4712644,-3.83447968,4.96338181,-12.16095833,-0.06086601,-17.85269465,20.53259606,-4.04601033,-10.94278851,-40.35410535,-2.54781621,1.79953617
48.22,0.06407178,-3.81921785,5.07837893,-11.94004741,-0.09707013,-17.65310602,20.56739862,-3.92509773,-11.03939631,-38.75062785,-2.46156304,1.57493703
48.225,-0.33251768,-3.78025948,5.18127037,-11.72776353,-0.12532646,-17.4665625,20.59827018,-3.82503836,-11.09679059,-37.11503301,-2.37046783,1.33382977
48.23,-0.72220523,-3.72275204,5.27700057,-11.52128748,-0.13561549,-17.29402828,20.62155075,-3.74250292,-11.11923059,-35.44812673,-2.27803529,1.07640133
48.235,-1.10183164,-3.64478974,5.36152259,-11.3234941,-0.13115646,-17.13328974,20.64018457,-3.67891875,-11.10319904,-33.75147041,-2.17883514,0.80864822
48.24,-1.46974188,-3.54503458,5.43867948,-11.13444178,-0.10955808,-16.98396332,20.65522544,-3.63796869,-11.05290932,-32.02679041,-2.07132436,0.52716473
48.245,-1.82709822,-3.42608446,5.50923118,-10.95529866,-0.07057132,-16.84281924,20.66495126,-3.61736555,-10.96692652,-30.27478162,-1.9554928,0.23573648
48.25,-2.17412851,-3.2881082,5.57536852,-10.78514253,-0.00659332,-16.7121092,20.66923391,-3.61868705,-10.85107239,-28.49726664,-1.83546625,-0.06300081
48.255,-2.47212972,-3.11715949,5.62138609,-10.63282952,0.02292442,-16.58952508,20.71110074,-3.64941274,-10.66834431,-26.70923571,-1.64292175,-0.32069232
48.26,-2.79936157,-2.92709549,5.70326876,-10.49073293,0.13481817,-16.46951253,20.69789561,-3.71439129,-10.49297363,-24.88915747,-1.51155833,-0.65911535
48.265,-3.1215882,-2.72888862,5.77015719,-10.35914771,0.26775071,-16.3480022,20.67206007,-3.79398833,-10.29134745,-23.04547656,-1.38270124,-0.99465202
48.27,-3.47048982,-2.54826092,5.82097324,-10.23197172,0.46420681,-16.199236,20.59779702,-3.865178,-10.07868227,-21.16455596,-1.322437,-1.37350848
48.275,-3.76121584,-2.28855469,5.88072174,-10.11988425,0.63495543,-16.08073771,20.58082294,-4.02585701,-9.83357419,-19.31229901,-1.15973999,-1.69145593
48.28,-4.02811292,-2.00766639,5.96863115,-10.03926279,0.81684002,-15.97532009,20.56610212,-4.2131408,-9.54041757,-17.45719918,-0.99132302,-1.97821499
48.285,-4.31138644,-1.70855001,6.05862384,-9.96210171,1.04378628,-15.85114856,20.52084952,-4.43672423,-9.25814181,-15.59882453,-0.87262842,-2.31910166
48.29,-4.58684584,-1.3912849,6.15354122,-9.90106191,1.29110105,-15.72454232,20.47257238,-4.69120743,-8.95358899,-13.75764001,-0.7586657,-2.64040039
48.295,-4.86434736,-1.05839063,6.25042106,-9.84792041,1.56525724,-15.5820106,20.41634647,-4.97568636,-8.65023022,-11.94172303,-0.65840826,-2.97703562
48.3,-5.16150786,-0.74947473,6.30296242,-9.79840667,1.87944259,-15.34300009,20.3337971,-5.24556689,-8.30904973,-10.14759005,-0.6051133,-3.46595758
48.305,-5.42671972,-0.36994985,6.41692463,-9.77779123,2.2009045,-15.17398268,20.28481174,-5.60547981,-7.98892318,-8.42889416,-0.515142,-3.77001193
48.31,-5.69219323,0.03040273,6.53467299,-9.76680124,2.53200973,-15.02335835,20.24038523,-6.00442591,-7.69948478,-6.77681914,-0.43046169,-4.03696345
48.315,-5.95648162,0.42717357,6.67148416,-9.77756802,2.8812106,-14.83561029,20.19603414,-6.41180277,-7.39362284,-5.19166572,-0.36661318,-4.32434814
48.32,-6.22022528,0.81074771,6.81451963,-9.80600161,3.25558325,-14.60112168,20.15502511,-6.81848518,-7.07110582,-3.68384504,-0.33115365,-4.63182812
48.325,-6.48638455,1.21317755,6.97560248,-9.85077803,3.62621886,-14.46507101,20.12348151,-7.25790107,-6.82842844,-2.27180593,-0.31265097,-4.76691586
48.33,-6.75872509,1.5859503,7.10458397,-9.89651632,3.99880103,-14.18142116,20.09898914,-7.6800381,-6.5630659,-0.95639735,-0.26508701,-5.05919819
48.335,-7.03006989,1.94125523,7.25799938,-9.97160458,4.38662872,-13.93798081,20.08051731,-8.09158237,-6.32621298,0.25821407,-0.27523431,-5.2406077
48.34,-7.30410756,2.27073047,7.41061551,-10.06324658,4.76762954,-13.68620748,20.06871855,-8.48537282,-6.11790791,1.36561449,-0.29859577,-5.38876316
48.345,-7.57646358,2.5680919,7.59036134,-10.18153466,5.13132119,-13.49677579,20.06641162,-8.84754079,-5.93836583,2.36056956,-0.37218938,-5.43926584
48.35,-7.85425504,2.83867263,7.74768801,-10.31281608,5.47728022,-13.23225365,20.06955053,-9.19174143,-5.77430936,3.23574272,-0.43441228,-5.51939226
48.355,-8.14067071,3.02130313,7.84803326,-10.46057411,5.87834791,-12.7817286,20.06456224,-9.46070187,-5.63999723,3.99754696,-0.49861615,-5.68266183
48.36,-8.42185133,3.18883826,7.97004196,-10.63815917,6.20951951,-12.47436299,20.07520331,-9.70116065,-5.52843065,4.63765691,-0.63169973,-5.69245244
48.365,-8.68752033,3.31711071,8.0954907,-10.85238731,6.48312136,-12.23940708,20.10618926,-9.89148843,-5.43722122,5.15312778,-0.81559229,-5.64349773
48.37,-8.97994117,3.34688481,8.1850866,-11.07112214,6.81471319,-11.76106781,20.10272462,-10.00826567,-5.39413505,5.55798755,-0.95739087,-5.65617794
48.375,-9.25462337,3.34052707,8.25375582,-11.33473165,7.07155391,-11.37592835,20.12159466,-10.06802081,-5.3564122,5.8362154,-1.18414601,-5.57861709
48.38,-9.52000124,3.27727357,8.30093057,-11.62749549,7.28847616,-10.98988548,20.14744533,-10.06595276,-5.34388141,5.99639401,-1.43866737,-5.47935845
48.385,-9.77338167,3.1622666,8.32344039,-11.95412335,7.4547,-10.60154286,20.18163638,-10.00343009,-5.34107061,6.04226269,-1.72809562,-5.35554765
48.39,-10.01142575,2.99687291,8.31620354,-12.31851559,7.57074182,-10.20462363,20.22880883,-9.88225969,-5.3468186,5.96511025,-2.04969673,-5.21487107
48.395,-10.23932915,2.7842576,8.26182937,-12.7312965,7.65294981,-9.76865536,20.27315239,-9.70591557,-5.34429371,5.78115531,-2.38871052,-5.05549927
48.4,-10.42408271,2.52572211,8.21237957,-13.18953112,7.64013144,-9.38058618,20.34545939,-9.47771264,-5.3631861,5.49471285,-2.78887041,-4.89841342
48.405,-10.59513751,2.22177194,8.10968277,-13.6955474,7.58773904,-8.93432303,20.42042145,-9.19612435,-5.37765703,5.10117889,-3.21874,-4.72972816
48.41,-10.73895563,1.87783101,7.97493447,-14.25565321,7.48034855,-8.47355293,20.5058939,-8.86753683,-5.38464323,4.61036239,-3.66866624,-4.56401413
48.415,-10.87719767,1.49764904,7.77333963,-14.87098777,7.37530001,-7.89988226,20.58311501,-8.49740023,-5.38485022,4.01948517,-4.12120209,-4.41289291
48.42,-10.9418616,1.09473123,7.58803643,-15.54579124,7.10546841,-7.47166603,20.7056449,-8.09316456,-5.37804012,3.35616459,-4.62552646,-4.26229179
48.425,-10.98275212,0.65583814,7.34154882,-16.28470854,6.81057054,-6.93975225,20.82495565,-7.65110767,-5.35524582,2.61444559,-5.13193984,-4.13448793
48.43,-11.00578862,0.18554781,7.0258667,-17.09020452,6.52783744,-6.26990332,20.93574066,-7.17586727,-5.3014308,1.79791592,-5.62892314,-4.05671874
48.435,-10.9628029,-0.28812962,6.72165637,-17.95549472,6.07828717,-5.75034572,21.08345961,-6.68754581,-5.25369921,0.91999857,-6.13262542,-3.96961639
48.44,-10.87324337,-0.79091234,6.38258952,-18.90352857,5.57817298,-5.16321283,21.22422885,-6.17254406,-5.16427923,0.00907094,-6.61546523,-3.91061328
48.445,-10.74432473,-1.3094174,6.00304396,-19.91514269,5.01704746,-4.52516579,21.36952776,-5.6424044,-5.04962576,-0.95201502,-7.06697199,-3.88947929
48.45,-10.58048685,-1.83234841,5.56344076,-21.0003356,4.47610981,-3.74148711,21.51287174,-5.10518032,-4.88643735,-1.95519816,-7.49061102,-3.96591417
48.455,-10.35800737,-2.36809769,5.12957325,-22.15415327,3.795607,-3.04697015,21.65950465,-4.55930027,-4.72432164,-2.97431747,-7.86156521,-4.02515239
48.46,-10.08630726,-2.91457738,4.67693644,-23.37944329,3.04973794,-2.33956208,21.80152862,-4.00777284,-4.54119878,-4.00624457,-8.17384321,-4.1061152
48.465,-9.76810245,-3.47107773,4.21591285,-24.67103525,2.23974453,-1.62095712,21.93483356,-3.45343293,-4.34157545,-5.04468434,-8.42032973,-4.21022454
48.47,-9.40103132,-4.04010341,3.74106731,-26.0310745,1.36928569,-0.8905586,22.05560712,-2.89679375,-4.12883643,-6.077558,-8.59489451,-4.3368329
48.475,-8.99205474,-4.62610971,3.26958814,-27.45275317,0.41023168,-0.22929509,22.15582224,-2.33841411,-3.93814859,-7.1004309,-8.67893683,-4.43783821
48.48,-8.53699064,-5.21986633,2.81076598,-28.93130564,-0.57559946,0.48519516,22.23606703,-1.78267861,-3.70901597,-8.09896135,-8.68847376,-4.5783291
48.485,-8.02268469,-5.82027794,2.32930454,-30.4757709,-1.5573124,1.28440285,22.31118065,-1.23715183,-3.4584693,-9.07539568,-8.64652801,-4.80975667
48.49,-7.47442902,-6.43834038,1.88640245,-32.06296803,-2.6159608,1.98083711,22.35234927,-0.69353927,-3.23990148,-10.01816859,-8.50508295,-4.99600495
48.495,-6.89981155,-7.07083848,1.46804252,-33.68774584,-3.73424075,2.57499407,22.35469618,-0.15530354,-3.05224924,-10.92361179,-8.27054348,-5.1340595
48.5,-6.27040696,-7.71690714,1.07023117,-35.35446238,-4.82895775,3.2058461,22.34447423,0.37909497,-2.85504324,-11.78418434,-7.97933615,-5.3198258
48.505,-5.58435915,-8.36623869,0.71627506,-37.05596961,-5.89694602,3.85136914,22.32287451,0.89305076,-2.66322126,-12.60323422,-7.6328179,-5.56705638
48.51,-4.9013833,-9.02144868,0.39179159,-38.76530084,-7.01906022,4.32142322,22.2394575,1.40081098,-2.51201673,-13.36529714,-7.20518086,-5.72003933
48.515,-4.16362772,-9.68449085,0.11330833,-40.49508831,-8.08076377,4.79283455,22.14671063,1.89471001,-2.37817586,-14.07846874,-6.73294587,-5.91204346
48.52,-3.39155816,-10.34203177,-0.11298217,-42.22937384,-9.10395109,5.20300156,22.02844868,2.36747546,-2.26755407,-14.73856486,-6.2147669,-6.11114573
48.525,-2.59339738,-10.9884873,-0.29182163,-43.95906884,-10.07739049,5.53599635,21.88026063,2.81833594,-2.1811939,-15.34165562,-5.6608058,-6.30149377
48.53,-1.75980762,-11.62340763,-0.4155606,-45.67836571,-10.98020301,5.80215211,21.71240908,3.24525833,-2.12771268,-15.8913895,-5.07975094,-6.49275146
48.535,-0.90375951,-12.23463896,-0.48715221,-47.37605172,-11.81064742,5.99030623,21.51630386,3.64365359,-2.09692995,-16.38382461,-4.4778562,-6.67534226
48.54,-0.02493992,-12.81614625,-0.50689449,-49.04515473,-12.55780413,6.10136299,21.2926979,4.0127446,-2.0846579,-16.81360257,-3.86353073,-6.84850735
48.545,0.87438383,-13.36363196,-0.47965532,-50.67877175,-13.20697632,6.1401221,21.04961929,4.34323659,-2.11023113,-17.20100042,-3.24841873,-7.01844427
48.55,1.83127084,-13.86088313,-0.35981245,-52.27902495,-13.73532835,6.11783227,20.80743469,4.62233702,-2.18837198,-17.52918643,-2.6444662,-7.18035847
48.555,2.74777394,-14.32688742,-0.26802635,-53.81457805,-14.19134153,5.99808315,20.50953943,4.8894243,-2.23624819,-17.80612123,-2.05194687,-7.32253192
48.56,3.69572793,-14.73580448,-0.11265651,-55.29904081,-14.53194413,5.81831444,20.20377972,5.10755752,-2.32330843,-18.03268451,-1.47332815,-7.4636418
48.565,4.6630196,-15.08293593,0.08580343,-56.72309872,-14.75892722,5.57614348,19.88556854,5.27670758,-2.43946447,-18.2087287,-0.92501665,-7.59276903
48.57,5.65563907,-15.36214778,0.33329843,-58.08052798,-14.87825814,5.28109424,19.56066246,5.39365982,-2.58293689,-18.33339951,-0.42975238,-7.69483232
48.575,6.63422295,-15.59313756,0.56866929,-59.36287784,-14.89985385,4.91909206,19.21573734,5.48152694,-2.72076638,-18.42378223,0.03822132,-7.79144053
48.58,7.59379043,-15.76948767,0.79410158,-60.56564096,-14.81439291,4.48883777,18.84649541,5.53705382,-2.8507779,-18.47268175,0.46935125,-7.88769091
48.585,8.58637311,-15.86776315,1.07011944,-61.68618847,-14.65304177,4.0330253,18.48354176,5.53390699,-3.02030071,-18.4671588,0.84149256,-7.9508336
48.59,9.54478995,-15.92150842,1.30183616,-62.72190714,-14.38594338,3.51051946,18.10390335,5.50728907,-3.1647319,-18.44559335,1.17143846,-8.0166558
48.595,10.5157728,-15.90785013,1.55482047,-63.6643012,-14.06276813,2.9678696,17.72495793,5.43433915,-3.33508359,-18.37268564,1.45074789,-8.05572315
48.6,11.45926492,-15.84492024,1.77384511,-64.51214634,-13.65797121,2.38030189,17.33398047,5.33295601,-3.48575989,-18.27212557,1.68104548,-8.09052542
48.605,12.35272757,-15.73988882,1.9359838,-65.26374108,-13.15554643,1.76675367,16.92201759,5.21007619,-3.5901122,-18.15392706,1.85585636,-8.12736876
48.61,13.29246671,-15.57702801,2.13429145,-65.91652043,-12.67922444,1.11985315,16.5456696,5.04155945,-3.76527456,-17.99552589,1.99385174,-8.12521251
48.615,14.16182636,-15.38116311,2.25503947,-66.46756727,-12.1111366,0.47187945,16.1405881,4.85910022,-3.87252418,-17.82089468,2.0780293,-8.13164513
48.62,15.0179973,-15.14829679,2.35137438,-66.91813845,-11.5289795,-0.20023715,15.74579235,4.65129226,-3.98244946,-17.63135867,2.12046771,-8.12610424
48.625,15.85898022,-14.88113034,2.42025574,-67.26674396,-10.94647741,-0.88236817,15.3611964,4.4208241,-4.08559497,-17.42672092,2.12941945,-8.10537949
48.63,16.6381363,-14.59983972,2.42593829,-67.51153506,-10.3173722,-1.54249704,14.95496739,4.18498485,-4.14051757,-17.20321184,2.0892179,-8.09255628
48.635,17.41751298,-14.28211455,2.41085948,-67.65395819,-9.74498064,-2.23629398,14.57832711,3.92071676,-4.20148224,-16.97589952,2.03315573,-8.0613544
48.64,18.13447561,-13.96327135,2.3319961,-67.6879189,-9.14470545,-2.89138182,14.17870647,3.65578097,-4.21884231,-16.72434042,1.93735982,-8.04268733
48.645,18.81944075,-13.62943237,2.22000972,-67.62467198,-8.56905442,-3.54054911,13.78561184,3.38210442,-4.20480208,-16.47084564,1.81483537,-8.02007748
48.65,19.46679065,-13.29012246,2.0648354,-67.45830243,-8.02693911,-4.18110157,13.39466704,3.10132585,-4.1717252,-16.20954382,1.67412695,-7.99826933
48.655,20.07487232,-12.95053404,1.86543747,-67.19765075,-7.52337777,-4.80011659,13.00411909,2.81632564,-4.11144699,-15.94466421,1.51712629,-7.97995311
48.66,20.64027573,-12.60994849,1.6224551,-66.8362023,-7.06871939,-5.40911115,12.61461698,2.52593787,-4.02781655,-15.67530061,1.35131726,-7.96888685
48.665,21.16188313,-12.27184394,1.34620107,-66.38155974,-6.66244714,-6.00368501,12.22289157,2.23527357,-3.91164712,-15.40535229,1.17827369,-7.96484277
48.67,21.64014033,-11.945933,1.03565906,-65.83510458,-6.30374972,-6.57519301,11.82794476,1.94998366,-3.76358984,-15.13298101,0.99781806,-7.96929164
48.675,22.07505237,-11.63456188,0.69225167,-65.20146181,-5.98597261,-7.12524798,11.4293626,1.67066196,-3.59923317,-14.85717215,0.81227766,-7.98236428
48.68,22.46443892,-11.33337552,0.31892524,-64.47876555,-5.7194982,-7.66003498,11.02864691,1.39350875,-3.41023509,-14.58512807,0.62652883,-8.00690254
48.685,22.81244196,-11.04880766,-0.07293181,-63.67458342,-5.49824166,-8.17553852,10.62351445,1.12657239,-3.20168578,-14.31294465,0.44291381,-8.04034056
48.69,23.1174539,-10.78106623,-0.48555761,-62.79128683,-5.32571929,-8.67800802,10.21328398,0.86771252,-2.97712388,-14.0424446,0.2672242,-8.08618534
48.695,23.38351268,-10.52977604,-0.92484609,-61.83035887,-5.19376206,-9.1623214,9.80407164,0.61347458,-2.75006299,-13.77563341,0.09332272,-8.14308393
48.7,23.61150862,-10.29278424,-1.3493545,-60.79909779,-5.09996393,-9.63653356,9.38411823,0.3773868,-2.49116543,-13.50633051,-0.06569401,-8.20651481
48.705,23.8024959,-10.07482044,-1.78990619,-59.6963845,-5.04049396,-10.09575828,8.96326711,0.14908165,-2.23886175,-13.24148645,-0.21492738,-8.28220457
48.71,23.96026257,-9.87284833,-2.22945794,-58.52629559,-5.00982926,-10.54246322,8.54042978,-0.06692479,-1.98360045,-12.97967622,-0.35313173,-8.36518456
48.715,24.08560241,-9.68613186,-2.66464554,-57.29136209,-5.00278484,-10.98036533,8.11575968,-0.27186156,-1.72766929,-12.72167529,-0.47908631,-8.45589257
48.72,24.18031233,-9.51490259,-3.09480372,-55.99241768,-5.01598985,-11.40865023,7.69052395,-0.46484965,-1.47662141,-12.46809397,-0.59220642,-8.55321218
48.725,24.2510583,-9.35841239,-3.50615489,-54.63537376,-5.04074899,-11.82367512,7.26569833,-0.64250742,-1.23260885,-12.21675776,-0.68976791,-8.65360883
48.73,24.29570438,-9.21731612,-3.90391743,-53.21976241,-5.07696705,-12.23030053,6.84141273,-0.80673528,-0.99900867,-11.97073943,-0.77061577,-8.75955974
48.735,24.31876774,-9.0881447,-4.2773666,-51.74859329,-5.11505302,-12.62840087,6.41924893,-0.95695047,-0.77600563,-11.72878381,-0.83704382,-8.8667015
48.74,24.32202053,-8.97540963,-4.64010349,-50.22201243,-5.15335242,-13.01750522,6.00546164,-1.09490778,-0.57735589,-11.49736092,-0.89144075,-8.97547057
48.745,24.31274807,-8.87436067,-4.9587604,-48.64622664,-5.17915419,-13.39495868,5.59504771,-1.21297655,-0.39164969,-11.26634208,-0.92676466,-9.08081495
48.75,24.28355006,-8.78442693,-5.25252257,-47.01770046,-5.20803999,-13.76380621,5.18897128,-1.31831331,-0.21453992,-11.04208089,-0.94166235,-9.18788072
48.755,24.24292418,-8.70749207,-5.50658717,-45.34078469,-5.22306289,-14.12062303,4.79050464,-1.40537576,-0.05494046,-10.82335863,-0.93946143,-9.29029021
48.76,24.19199451,-8.643833,-5.72232502,-43.61635355,-5.22761589,-14.46318659,4.4011446,-1.47486125,0.08907211,-10.60962357,-0.91708899,-9.38811358
48.765,24.12510036,-8.59130263,-5.89873081,-41.84389867,-5.21678588,-14.8015,4.01939451,-1.52872844,0.21813938,-10.40805455,-0.87984135,-9.48175547
48.77,24.05419722,-8.55660442,-6.03538725,-40.02802978,-5.18545046,-15.12334746,3.65307034,-1.56192238,0.32425001,-10.21380894,-0.82528533,-9.56729688
48.775,23.96867839,-8.53750628,-6.12882771,-38.16765884,-5.14774101,-15.43376936,3.29395918,-1.57529669,0.41887652,-10.02822666,-0.74869205,-9.64828626
48.78,23.88193724,-8.53848169,-6.18378465,-36.26802607,-5.08509474,-15.73001352,2.95521565,-1.5677305,0.49721831,-9.85333177,-0.65954117,-9.71845375
48.785,23.78654797,-8.55988111,-6.19625039,-34.33007835,-5.00604786,-16.01706861,2.63021509,-1.53824315,0.56526645,-9.68977817,-0.55223889,-9.78162171
48.79,23.68164915,-8.60374411,-6.16350961,-32.35584706,-4.92324846,-16.28786696,2.31687865,-1.48477952,0.62582855,-9.53636025,-0.42482787,-9.83739056
48.795,23.63582172,-8.6803246,-6.03551828,-30.37228253,-4.74942268,-16.48885518,2.06617956,-1.38564861,0.62959225,-9.4004778,-0.27652184,-9.89453105
48.8,23.45403182,-8.77366415,-5.97763742,-28.31750184,-4.73073692,-16.78898201,1.73903068,-1.30193177,0.73276746,-9.26559998,-0.11849444,-9.9270274
48.805,23.32787513,-8.90136152,-5.81957576,-26.26262252,-4.62240824,-17.02135681,1.46858208,-1.17117793,0.77785484,-9.14972791,0.06087409,-9.96088842
48.81,23.24417188,-9.05980356,-5.59455888,-24.20547317,-4.46321863,-17.17463884,1.25235937,-1.00780574,0.79902577,-9.05342455,0.26228112,-10.00829799
48.815,23.10376023,-9.26886532,-5.37406109,-22.1296825,-4.36406069,-17.37749859,1.00974793,-0.81264253,0.86722683,-8.96654786,0.48307088,-10.03432134
48.82,22.91280746,-9.50176631,-5.16398169,-20.03525011,-4.33322395,-17.62470803,0.74317524,-0.61147584,0.95556015,-8.88050301,0.68766247,-10.03041378
48.825,22.76378863,-9.77325969,-4.885037,-17.96832192,-4.2491593,-17.78649234,0.5240272,-0.37152666,1.02705892,-8.82054455,0.93608407,-10.04954966
48.83,22.60341849,-10.08816284,-4.59632174,-15.923676,-4.18571012,-17.94440569,0.30754357,-0.10304588,1.11620257,-8.77210631,1.19028732,-10.05831924
48.835,22.45667415,-10.43349104,-4.28055263,-13.91974222,-4.12335,-18.01995446,0.11332985,0.18707365,1.20489283,-8.7458057,1.48400365,-10.08807737
48.84,22.27577869,-10.83546548,-3.98588346,-11.96558538,-4.08674964,-18.18677698,-0.10823344,0.51280454,1.33247811,-8.71857908,1.739556,-10.07013457
48.845,22.11327003,-11.26177964,-3.6795799,-10.08278642,-4.05448098,-18.26156842,-0.30946569,0.85391282,1.45971927,-8.71698732,2.04194615,-10.076946
48.85,21.96162993,-11.70627338,-3.37412731,-8.28295605,-4.03586447,-18.26168255,-0.50089756,1.20408314,1.59315346,-8.73810818,2.37364146,-10.09613357
48.855,21.80932585,-12.18117161,-3.08805949,-6.57855184,-4.0011332,-18.27012167,-0.69902042,1.57166428,1.75130583,-8.76687231,2.68745578,-10.09302954
48.86,21.66137282,-12.66117159,-2.8127025,-4.97509816,-3.96861029,-18.25411044,-0.89708532,1.93513624,1.91452469,-8.81046671,3.00169377,-10.08786313
48.865,21.52133967,-13.13734148,-2.55490544,-3.48177609,-3.93875889,-18.20454211,-1.09671396,2.29080281,2.08800856,-8.8715705,3.31999592,-10.08205875
48.87,21.38943129,-13.60251334,-2.31448909,-2.10447841,-3.90206758,-18.12793511,-1.29552517,2.63055622,2.26941551,-8.94870416,3.6323187,-10.07078964
48.875,21.26469809,-14.04682846,-2.09313408,-0.84689651,-3.86889126,-18.01686519,-1.49543655,2.94962872,2.45468454,-9.04613391,3.94367323,-10.05977154
48.88,21.14787446,-14.45938696,-1.89142435,0.28752796,-3.83214389,-17.87869992,-1.69775875,3.23906677,2.64351943,-9.1591818,4.24461171,-10.04442051
48.885,21.03740286,-14.83166269,-1.70572295,1.29876521,-3.79838974,-17.71468876,-1.89916298,3.49165425,2.827395,-9.29207427,4.5321272,-10.02803116
48.89,20.93108341,-15.16150194,-1.53866094,2.18298672,-3.76542479,-17.52612148,-2.10365698,3.71126886,3.01310225,-9.45174553,4.80355835,-10.00495338
48.895,20.80587145,-15.44012831,-1.44809683,2.93915265,-3.63910801,-17.2049415,-2.32881169,3.87640229,3.20827974,-9.62240184,5.04743741,-9.93073366
48.9,20.72362596,-15.64333935,-1.28171275,3.57777053,-3.67637895,-17.02463646,-2.52617221,3.99870954,3.36460095,-9.82486466,5.27999675,-9.93476081
48.905,20.61499314,-15.82585742,-1.16824189,4.08534927,-3.6129189,-16.75370787,-2.74998059,4.0954912,3.53583805,-10.04328171,5.47087982,-9.85326184
48.91,20.54362703,-15.90376883,-1.02798097,4.48092162,-3.67921917,-16.52796755,-2.94534435,4.12059245,3.6551064,-10.29522364,5.64135215,-9.85306281
48.915,20.45887828,-15.94470542,-0.91855211,4.76042833,-3.71100457,-16.25109888,-3.15353,4.11665607,3.76468417,-10.57190435,5.7814124,-9.80758179
48.92,20.35342264,-15.88750513,-0.84476551,4.91464762,-3.67823911,-15.87454392,-3.39052642,4.02729777,3.86478177,-10.86115277,5.87547212,-9.68989597
48.925,20.30234293,-15.80567133,-0.70702104,4.97095764,-3.79973885,-15.63977711,-3.57463667,3.94073895,3.93243184,-11.19489302,5.90933311,-9.67146554
48.93,20.24615788,-15.63741024,-0.59144312,4.91777347,-3.90476806,-15.34713205,-3.76584655,3.78572375,3.9668448,-11.55690841,5.89457722,-9.61514754
48.935,20.21198632,-15.42765247,-0.47271278,4.74306903,-4.04243034,-15.06914365,-3.94762304,3.60768671,3.98337806,-11.95172464,5.82103904,-9.55588804
48.94,20.13608217,-15.14029946,-0.36917457,4.50440122,-4.10392002,-14.7139165,-4.14800155,3.36525412,3.95811867,-12.38669216,5.73516749,-9.42493529
48.945,20.11605476,-14.84319651,-0.24597389,4.16713116,-4.32081322,-14.43007996,-4.29674169,3.13084298,3.9089876,-12.86429038,5.52747122,-9.35837147
48.95,20.09725752,-14.47540724,-0.12595659,3.74681981,-4.50693331,-14.13749721,-4.43685117,2.84310482,3.83056847,-13.38384536,5.27653907,-9.27378122
48.955,20.08455416,-14.06222587,-0.00798988,3.23193038,-4.69130658,-13.82134028,-4.58532644,2.52978018,3.70207898,-13.92979111,4.99471315,-9.15520596
48.96,20.0766962,-13.62592069,0.12199154,2.66134371,-4.89820033,-13.52370722,-4.70249616,2.20395363,3.55409114,-14.53955613,4.63395255,-9.02669352
48.965,20.06550043,-13.14919239,0.27780968,2.04273031,-5.09674128,-13.22329058,-4.79969738,1.85083295,3.34711473,-15.2144391,4.24494869,-8.88107715
48.97,20.07694024,-12.67559208,0.40875118,1.36258832,-5.33924924,-12.97257404,-4.86151367,1.50031577,3.15328387,-15.91692442,3.68881653,-8.73666521
48.975,20.08922614,-12.16574808,0.55816396,0.64232594,-5.56588459,-12.73314439,-4.8949022,1.12483883,2.91630619,-16.68905955,3.09456648,-8.59750025
48.98,20.10406234,-11.6254,0.76655894,-0.11244953,-5.77550034,-12.51104581,-4.90313465,0.73819051,2.6015947,-17.53764856,2.50921505,-8.45069003
48.985,20.12235283,-11.09529323,0.96203523,-0.89971899,-5.98247855,-12.3362725,-4.87588674,0.35412271,2.29523546,-18.43079106,1.77994905,-8.28256186
48.99,20.13988699,-10.55580899,1.16798678,-1.70839132,-6.1686168,-12.1965279,-4.81234059,-0.03975674,1.9683794,-19.38543214,0.96663693,-8.119084
48.995,20.15533237,-10.01838684,1.39469935,-2.53668725,-6.32929956,-12.09603594,-4.71364823,-0.43322836,1.62637724,-20.4043735,0.08561211,-7.9605684
49,20.16608635,-9.48018206,1.63306359,-3.37720049,-6.45673253,-12.0406311,-4.57759787,-0.83253273,1.26244527,-21.48398458,-0.88083125,-7.80488574
49.005,20.16598104,-8.94763356,1.87150681,-4.22099353,-6.54476692,-12.02172153,-4.40076198,-1.23654289,0.88594295,-22.63251213,-1.92440397,-7.65815403
49.01,20.15493975,-8.41710432,2.12977401,-5.06222699,-6.58693329,-12.04601793,-4.18441371,-1.64801019,0.50059948,-23.84314301,-3.05001489,-7.52129615
49.015,20.13084891,-7.8946256,2.40415584,-5.89886181,-6.58283408,-12.11422218,-3.92856067,-2.06287,0.113243,-25.11572634,-4.24595196,-7.40232529
49.02,20.09001199,-7.38009459,2.67832502,-6.73047785,-6.52383691,-12.22074993,-3.63388982,-2.4863648,-0.27375559,-26.44644099,-5.51516868,-7.29716177
49.025,20.03408696,-6.8717631,2.97351806,-7.54719591,-6.41632299,-12.36923079,-3.29791568,-2.91604343,-0.65338684,-27.83435946,-6.84487736,-7.22831676
49.03,19.95807337,-6.37487545,3.258093,-8.35415672,-6.25186044,-12.5507586,-2.92634551,-3.35417722,-1.02473103,-29.27288219,-8.23028259,-7.18059132
49.035,19.85930709,-5.88795553,3.5260896,-9.14894483,-6.02798224,-12.75704315,-2.52261286,-3.80419669,-1.38658159,-30.75616019,-9.65808382,-7.14958446
49.04,19.74386693,-5.40643524,3.82279773,-9.91714625,-5.76028118,-13.00404022,-2.07533953,-4.25988606,-1.71888659,-32.28512426,-11.12632635,-7.19069377
49.045,19.61672055,-4.96101647,4.11407507,-10.67564446,-5.42795191,-13.33533195,-1.58977567,-4.69553212,-2.02189566,-33.84411373,-12.63204991,-7.31439789
49.05,19.44200159,-4.489089,4.35545168,-11.39879773,-5.06675642,-13.56860736,-1.09149609,-5.19018887,-2.32059346,-35.43502949,-14.09865207,-7.3511441
49.055,19.25812295,-4.05612793,4.61215636,-12.10247643,-4.64193744,-13.9005556,-0.5486822,-5.65238129,-2.5607818,-37.04854361,-15.58307242,-7.5314388
49.06,19.04565543,-3.62187709,4.83145437,-12.77955259,-4.19919305,-14.20057299,0.00900364,-6.13609464,-2.7925621,-38.67135528,-17.01994878,-7.69024766
49.065,18.81258608,-3.20512415,5.02361508,-13.43655991,-3.72183851,-14.51546965,0.58874006,-6.61969476,-3.00177921,-40.29829309,-18.41113274,-7.8779549
49.07,18.55586489,-2.80858185,5.20787651,-14.05529384,-3.21541053,-14.85013366,1.19620829,-7.08998519,-3.15642007,-41.92348461,-19.74476342,-8.13147016
49.075,18.28240924,-2.46176661,5.36168533,-14.64117653,-2.67746617,-15.2365945,1.83753438,-7.51606455,-3.23555646,-43.53942461,-21.00477567,-8.50842908
49.08,17.9801874,-2.11401149,5.49345403,-15.19451035,-2.14069683,-15.57126308,2.47971488,-7.95253546,-3.3142473,-45.13285434,-22.15045423,-8.81393139
49.085,17.65055501,-1.77025759,5.61401517,-15.70536461,-1.61135768,-15.8682528,3.12532609,-8.39023613,-3.38715017,-46.69506695,-23.18733839,-9.07226866
49.09,17.30358301,-1.47258042,5.69965356,-16.18160485,-1.06650989,-16.19649998,3.79493946,-8.78166705,-3.39477408,-48.22554665,-24.10567269,-9.4143531
49.095,16.93802081,-1.21156378,5.75340417,-16.61756033,-0.53236646,-16.51678927,4.47670217,-9.13514441,-3.36962578,-49.7123878,-24.8934621,-9.7770324
49.1,16.55912426,-0.991904,5.76051437,-17.02260778,-0.01323311,-16.83022814,5.16837743,-9.44515706,-3.31585681,-51.14829751,-25.54183369,-10.15394773
49.105,16.15063831,-0.78689921,5.79075004,-17.36207879,0.49382335,-17.11314659,5.86123411,-9.72816671,-3.24355688,-52.52494615,-26.05179472,-10.4956243
49.11,15.73929674,-0.63151821,5.74652841,-17.68172858,0.96557139,-17.38681179,6.56520906,-9.9616421,-3.15007908,-53.83969038,-26.42149906,-10.86093539
49.115,15.30751348,-0.50324686,5.70472708,-17.94470235,1.41716635,-17.63596497,7.2694337,-10.15495441,-3.04512382,-55.08424985,-26.64644212,-11.20067146
49.12,14.86627555,-0.41482472,5.62877147,-18.16733347,1.83415496,-17.86279622,7.97662354,-10.30119406,-2.932192,-56.2532378,-26.73361987,-11.52393282
49.125,14.40502131,-0.36008656,5.56925287,-18.33231392,2.22707395,-18.07183096,8.67509184,-10.39744874,-2.82260462,-57.33633283,-26.6710758,-11.81673666
49.13,13.9477058,-0.33972618,5.44514828,-18.47436778,2.57172642,-18.24807276,9.37929497,-10.46025199,-2.71755073,-58.33865362,-26.4963739,-12.09113963
49.135,13.47317968,-0.35347291,5.34557701,-18.55567944,2.88899113,-18.40679399,10.06937435,-10.4702585,-2.62659471,-59.24333161,-26.19134698,-12.33363686
49.14,13.00490593,-0.3947955,5.19015126,-18.61665732,3.16568111,-18.5283792,10.76274773,-10.4527265,-2.54279435,-60.0614387,-25.78167623,-12.53765133
49.145,12.51844347,-0.46805737,5.07385768,-18.60837848,3.41229365,-18.63933671,11.43383207,-10.38894222,-2.49538379,-60.76893964,-25.26385439,-12.72611108
49.15,12.0366088,-0.56584763,4.91750435,-18.57709501,3.62188893,-18.70991287,12.10202913,-10.29701381,-2.45682473,-61.38317474,-24.64514871,-12.85908675
49.155,11.5602628,-0.68415969,4.71503207,-18.51347192,3.83071519,-18.73432805,12.77296415,-10.18102312,-2.41531859,-61.90159639,-23.93641593,-12.88041495
49.16,11.07308326,-0.83235906,4.5659353,-18.40221778,3.98053402,-18.75832166,13.40240698,-10.031299,-2.45388645,-62.29697551,-23.157545,-12.93580508
49.165,10.59123379,-0.99296824,4.41170205,-18.27206284,4.11028937,-18.74361677,14.02001076,-9.86385893,-2.50836083,-62.59612099,-22.31460975,-12.9190541
49.17,10.10735334,-1.17828904,4.26671131,-18.10325412,4.20604652,-18.7141288,14.61160178,-9.67352584,-2.61051347,-62.77818602,-21.43015896,-12.87562818
49.175,9.62514751,-1.37516519,4.13119648,-17.90763268,4.27950402,-18.65397105,15.1791302,-9.47330397,-2.75145402,-62.85229586,-20.50721049,-12.78425362
49.18,9.14576148,-1.58694563,4.00775772,-17.68533305,4.32808056,-18.57618242,15.72134337,-9.26092562,-2.93240541,-62.8140476,-19.57260676,-12.66065227
49.185,8.67004661,-1.81080252,3.89773763,-17.44271933,4.35756357,-18.48192297,16.23334283,-9.04339642,-3.16145511,-62.66462111,-18.63418659,-12.50136904
49.19,8.19990359,-2.04491566,3.83138611,-17.17702123,4.36254527,-18.38239942,16.72336854,-8.81241649,-3.41886396,-62.41125699,-17.71087193,-12.35303757
49.195,7.73320121,-2.28483928,3.75883803,-16.90005362,4.36104354,-18.24884497,17.17689751,-8.59068668,-3.72413126,-62.0486214,-16.78918047,-12.12172944
49.2,7.270657,-2.5276202,3.71082069,-16.60943015,4.34819632,-18.09656633,17.60127125,-8.37092333,-4.05995577,-61.58444995,-15.89781557,-11.86171935
49.205,6.8127689,-2.77378416,3.68350213,-16.30695678,4.32287148,-17.92773235,17.99362895,-8.15589646,-4.43010996,-61.02031905,-15.04788261,-11.58026902
49.21,6.35901915,-3.01700855,3.68204896,-15.995013,4.28672314,-17.74726456,18.35509695,-7.95050562,-4.82772512,-60.35933107,-14.24588683,-11.28730302
49.215,5.91256965,-3.26557291,3.70510617,-15.67865802,4.24190226,-17.55976978,18.68340474,-7.74780092,-5.25686339,-59.60355352,-13.49034964,-10.98747152
49.22,5.46960007,-3.5069849,3.75944486,-15.35891019,4.1933854,-17.36067691,18.97747809,-7.55782673,-5.70608875,-58.75586664,-12.79616457,-10.67733089
49.225,5.03231445,-3.74596838,3.83680576,-15.0364222,4.1417201,-17.15773844,19.24099654,-7.37704616,-6.17649996,-57.82455115,-12.16033158,-10.36802614
49.23,4.58480933,-3.967427,3.9473967,-14.71174814,4.08097262,-16.91616202,19.45518051,-7.22398895,-6.67032602,-56.81150472,-11.59018272,-10.05179001
49.235,4.17727953,-4.2078437,4.05498785,-14.39629884,4.02477542,-16.74063755,19.67835294,-7.04557174,-7.15157309,-55.72098782,-11.06028266,-9.77347643
49.24,3.74631571,-4.41768951,4.22183024,-14.07650728,3.97074384,-16.51000679,19.84011317,-6.90810584,-7.65552612,-54.5587745,-10.60322314,-9.4780794
49.245,3.34897138,-4.63545556,4.35932995,-13.77330702,3.91687525,-16.32368125,20.0022764,-6.76189091,-8.1496611,-53.32861334,-10.18266032,-9.2122435
49.25,2.9455999,-4.83235388,4.53955516,-13.4711197,3.86479789,-16.11440689,20.12654118,-6.63778565,-8.64212103,-52.03519439,-9.81547977,-8.9530599
49.255,2.54951782,-5.01414218,4.72420436,-13.1761948,3.8140019,-15.9081152,20.23151878,-6.5264413,-9.11803484,-50.68576723,-9.4965012,-8.71723254
49.26,2.16324258,-5.18324693,4.91714899,-12.89185632,3.77206068,-15.70864835,20.31743235,-6.42500913,-9.57896816,-49.28151024,-9.21418011,-8.49730249
49.265,1.7861936,-5.33608865,5.11470577,-12.61756417,3.73309645,-15.51130722,20.38652169,-6.33651952,-10.01909357,-47.82740345,-8.96353859,-8.29778423
49.27,1.41764232,-5.47102742,5.31255769,-12.35485778,3.70092578,-15.31739847,20.43972335,-6.26193714,-10.43597368,-46.32831735,-8.7417796,-8.12016438
49.275,1.06335811,-5.58820444,5.5075903,-12.10461042,3.67754474,-15.13327111,20.48705218,-6.19600683,-10.81611301,-44.78792169,-8.54172971,-7.96321343
49.28,0.71856551,-5.68483997,5.69510928,-11.8678273,3.66321011,-14.95311393,20.52078537,-6.14646446,-11.16993492,-43.20929547,-8.35973544,-7.82852979
49.285,0.38733249,-5.76342006,5.87850733,-11.64517262,3.65973894,-14.7811297,20.5500894,-6.10557138,-11.4853689,-41.5954935,-8.18999403,-7.71353596
49.29,0.06804881,-5.81914988,6.04882522,-11.43690251,3.66634799,-14.61527092,20.57294223,-6.08027263,-11.76426918,-39.95026135,-8.02969427,-7.62197585
49.295,-0.23722949,-5.85400165,6.20949748,-11.24772826,3.68692084,-14.4572148,20.59089907,-6.06676774,-12.00407538,-38.27571239,-7.87521601,-7.55082005
49.3,-0.52994274,-5.86669508,6.35423983,-11.06951759,3.71811035,-14.3051374,20.607046,-6.06844039,-12.20532288,-36.57384154,-7.72256582,-7.50244367
49.305,-0.80741156,-5.85372369,6.47961375,-10.90888179,3.76321504,-14.16342596,20.62292408,-6.08613227,-12.36137134,-34.84841777,-7.57103627,-7.47638512
49.31,-1.07110756,-5.82127865,6.59490998,-10.76696703,3.82371064,-14.028212,20.63561424,-6.11623933,-12.48304271,-33.09877502,-7.41844453,-7.4709785
49.315,-1.31873331,-5.76353782,6.6940912,-10.64129932,3.89830797,-13.90293586,20.64996603,-6.16354648,-12.56039164,-31.32944995,-7.26382896,-7.48854278
49.32,-1.5322566,-5.67004793,6.74722835,-10.52910961,3.93423887,-13.78671777,20.69654209,-6.23019128,-12.56723194,-29.54907062,-7.08269433,-7.5364921
49.325,-1.76000946,-5.56827926,6.84062363,-10.44368175,4.06736868,-13.68097139,20.69168662,-6.3143939,-12.58869601,-27.73814116,-6.93169768,-7.59873838
49.33,-1.97228178,-5.44410729,6.89809047,-10.37194149,4.19777368,-13.58767917,20.69517724,-6.40969543,-12.55811599,-25.91273171,-6.77664054,-7.67317915
49.335,-2.17297595,-5.29301544,6.9473595,-10.3194378,4.3535874,-13.5067894,20.69502218,-6.52788398,-12.49569352,-24.07515784,-6.62471698,-7.76911744
49.34,-2.36063486,-5.1198475,6.98552822,-10.2845886,4.52252445,-13.43685645,20.69315458,-6.66521286,-12.40311778,-22.22703255,-6.47493925,-7.88079903
49.345,-2.54110256,-4.92591585,7.018249,-10.26548376,4.71248086,-13.37586452,20.68398956,-6.82234582,-12.28967655,-20.3710799,-6.33182634,-8.01125409
49.35,-2.71245922,-4.70628663,7.04800642,-10.26621978,4.92192581,-13.32526044,20.66951071,-7.00483946,-12.14951727,-18.51432036,-6.19511185,-8.15772921
49.355,-2.87863135,-4.46470212,7.07660579,-10.28323008,5.15254195,-13.28272302,20.6476893,-7.21145211,-11.99253618,-16.66293224,-6.06875858,-8.32247373
49.36,-3.0415455,-4.20075944,7.10775134,-10.3147595,5.40526492,-13.24815117,20.61828094,-7.44237686,-11.81941338,-14.82320198,-5.95283801,-8.50355035
49.365,-3.22179011,-3.93132684,7.12300138,-10.35126414,5.66006137,-13.17413334,20.56105183,-7.68494406,-11.63866186,-12.99680224,-5.85997191,-8.78365859
49.37,-3.36867771,-3.61593953,7.17153478,-10.42471792,5.98166886,-13.18914453,20.53368853,-7.97150625,-11.43028863,-11.21827879,-5.76697255,-8.93794436
49.375,-3.52557195,-3.27880953,7.225288,-10.50184433,6.29364144,-13.17532385,20.49415321,-8.29014227,-11.21997861,-9.48494752,-5.67151448,-9.15982167
49.38,-3.69590792,-2.94770681,7.26697179,-10.58389631,6.59886165,-13.12218601,20.4407567,-8.60561464,-10.97643627,-7.7957695,-5.61618122,-9.52368845
49.385,-3.84620662,-2.58886812,7.34745549,-10.70000877,6.98944894,-13.16493356,20.40745966,-8.95782221,-10.76796683,-6.18304833,-5.54386134,-9.68486857
49.39,-4.01376888,-2.21543341,7.42515681,-10.80915307,7.31580238,-13.12309009,20.36549862,-9.33367757,-10.52067552,-4.64071727,-5.4753718,-10.04464562
49.395,-4.17728773,-1.85187427,7.52784996,-10.93938622,7.70513587,-13.1312625,20.33222786,-9.70525302,-10.27863532,-3.17804649,-5.43509502,-10.34141661
49.4,-4.34096451,-1.49302779,7.64391855,-11.08721758,8.09564939,-13.14120558,20.30572479,-10.08203692,-10.04886089,-1.81049587,-5.38722221,-10.62756463
49.405,-4.5083029,-1.14863896,7.77951565,-11.24788308,8.49552457,-13.15162696,20.28371553,-10.45202124,-9.81386838,-0.53629674,-5.35713631,-10.94014666
49.41,-4.67960058,-0.81941279,7.93416141,-11.4224458,8.90493709,-13.16365907,20.26638271,-10.81418156,-9.58477092,0.63700506,-5.33533719,-11.25633755
49.415,-4.85379943,-0.51640686,8.10533112,-11.61130013,9.31358993,-13.17557517,20.2558483,-11.15832595,-9.36285274,1.70244862,-5.32321174,-11.57591454
49.42,-5.03083626,-0.24342248,8.29338132,-11.81436086,9.7202389,-13.18567142,20.25194569,-11.47879864,-9.14532735,2.65778674,-5.32597744,-11.90555336
49.425,-5.20543861,-0.0239815,8.48758759,-12.03798503,10.13855312,-13.20093702,20.25511934,-11.74800269,-8.91800395,3.50750506,-5.40109729,-12.32721497
49.43,-5.38758815,0.18911597,8.70822711,-12.27276526,10.51138706,-13.20076214,20.26668692,-12.02048641,-8.72740289,4.22615523,-5.38562955,-12.58412947
49.435,-5.56815091,0.34694142,8.94381338,-12.52635325,10.88192629,-13.20143712,20.28190108,-12.24247171,-8.54267362,4.83379791,-5.42550995,-12.89715115
49.44,-5.74581928,0.45668911,9.18714364,-12.80186167,11.23248205,-13.19969737,20.30635307,-12.41782142,-8.36358763,5.32341233,-5.48823844,-13.20773196
49.445,-5.91846234,0.51899471,9.43646315,-13.10312158,11.5563909,-13.19387387,20.34025714,-12.54649234,-8.1956897,5.69267552,-5.57066132,-13.50646533
49.45,-6.08444939,0.5317079,9.6886964,-13.42764375,11.84984998,-13.18360853,20.38356609,-12.62598158,-8.04034505,5.94600844,-5.6746051,-13.79145404
49.455,-6.24249706,0.49240344,9.9406863,-13.77850322,12.10567965,-13.1689892,20.43862616,-12.65033097,-7.89346622,6.08311464,-5.80312248,-14.05492626
49.46,-6.38812168,0.40502963,10.18917399,-14.15930906,12.31639564,-13.14798053,20.50654447,-12.62321678,-7.75515587,6.1066077,-5.95270267,-14.29015349
49.465,-6.51919129,0.26933269,10.43018338,-14.57282277,12.48050277,-13.12384774,20.59033953,-12.54190169,-7.62299246,6.0167575,-6.12463273,-14.49246785
49.47,-6.64169949,0.11933755,10.61387762,-15.01905179,12.592249,-13.14630167,20.70428931,-12.42320556,-7.44379075,5.80304429,-6.26465096,-14.56522688
49.475,-6.72208746,-0.12820333,10.87571354,-15.51651722,12.63234459,-13.04589885,20.80382597,-12.23568647,-7.37524761,5.52036917,-6.5480065,-14.79580634
49.48,-6.79463279,-0.38416841,11.06624608,-16.05050921,12.62555166,-12.99251339,20.93613806,-12.00881885,-7.24332084,5.11909591,-6.79336294,-14.90658927
49.485,-6.83733502,-0.67488861,11.24280591,-16.63439242,12.55375402,-12.92388253,21.08577398,-11.73935411,-7.11830122,4.6260983,-7.06948892,-14.98661639
49.49,-6.85156876,-0.99602512,11.39549304,-17.26845582,12.4139912,-12.8439816,21.25334777,-11.42762884,-6.99081788,4.04653843,-7.36506075,-15.0335999
49.495,-6.83221595,-1.35015596,11.51959654,-17.95576667,12.20405554,-12.74827358,21.44074208,-11.07127021,-6.86443571,3.38690908,-7.68544414,-15.05565539
49.5,-6.77617508,-1.72542948,11.613004,-18.70537872,11.92197605,-12.63289558,21.64273403,-10.68111911,-6.72970089,2.6578541,-8.02056691,-15.0509587
49.505,-6.68222773,-2.12370789,11.67321649,-19.51363771,11.56546929,-12.49706065,21.86273514,-10.25427822,-6.59090507,1.86496761,-8.36886505,-15.02548785
49.51,-6.54872898,-2.53796268,11.69777848,-20.38578898,11.13048756,-12.33826394,22.0977857,-9.797631,-6.4432188,1.01582113,-8.72105507,-14.97942998
49.515,-6.37374889,-2.96694431,11.6845264,-21.32258915,10.6132556,-12.15625476,22.34586932,-9.31218821,-6.28705506,0.11949845,-9.06976008,-14.9157294
49.52,-6.15766647,-3.40763452,11.63308273,-22.32451066,10.00987592,-11.948231,22.60289748,-8.8010744,-6.12084902,-0.81443354,-9.40549999,-14.83758577
49.525,-5.89434224,-3.85578972,11.5403756,-23.39690519,9.32712498,-11.71302831,22.86933861,-8.26912072,-5.94608314,-1.77731526,-9.72349121,-14.75258035
49.53,-5.58188259,-4.31057819,11.4065713,-24.53594632,8.56407754,-11.44609465,23.1467325,-7.71754229,-5.75966441,-2.76415342,-10.01578932,-14.6661056
49.535,-5.18787133,-4.76587979,11.22664181,-25.74928892,7.74394113,-11.12154889,23.46648939,-7.15271993,-5.54255393,-3.77457192,-10.28521757,-14.60310595
49.54,-4.78709771,-5.23075664,11.01673111,-27.0195924,6.79602536,-10.79766892,23.74329518,-6.56999022,-5.33848572,-4.78319157,-10.49164706,-14.51686304
49.545,-4.39917754,-5.70992695,10.7921079,-28.33946252,5.73478316,-10.47259607,23.9566855,-5.96861093,-5.14498557,-5.78412665,-10.62780082,-14.40821845
49.55,-3.92963138,-6.1991741,10.5187966,-29.73050031,4.61805848,-10.10949586,24.19867819,-5.35113639,-4.93564638,-6.78175067,-10.71970856,-14.3189652
49.555,-3.40811705,-6.68903104,10.21286449,-31.17793386,3.43194428,-9.71685734,24.44336758,-4.72774488,-4.71930768,-7.77245252,-10.7520742,-14.24788749
49.56,-2.79351622,-7.165821,9.87029107,-32.68528667,2.19273815,-9.28014472,24.73267475,-4.11532534,-4.47522365,-8.76359182,-10.7314816,-14.20971782
49.565,-2.25903174,-7.68260228,9.54669223,-34.21893041,0.84365847,-8.86885402,24.87264015,-3.47141929,-4.26973296,-9.70157504,-10.60844228,-14.14759254
49.57,-1.65102566,-8.20349183,9.18478236,-35.79682466,-0.54240757,-8.44379713,25.03923501,-2.82425484,-4.05936309,-10.62679093,-10.42896254,-14.10215895
49.575,-0.97581523,-8.72535001,8.79300677,-37.410661,-1.95530158,-8.01655197,25.22955349,-2.18510419,-3.85351372,-11.54639913,-10.18944038,-14.0754194
49.58,-0.32828516,-9.25695497,8.43665539,-39.04158353,-3.41332328,-7.58624584,25.32360398,-1.54018076,-3.64623478,-12.40184822,-9.86376059,-14.05650023
49.585,0.3626799,-9.79659513,8.05494046,-40.69014044,-4.87087943,-7.17666922,25.4221599,-0.90033811,-3.45747677,-13.24551713,-9.48308783,-14.04551801
49.59,1.05438275,-10.34068237,7.70449612,-42.34553325,-6.33151972,-6.77410954,25.46299165,-0.26383621,-3.25559616,-14.0375064,-9.03231845,-14.04410961
49.595,1.8193011,-10.87411958,7.32810703,-44.00529341,-7.7575105,-6.41918172,25.54760015,0.34845623,-3.07876282,-14.82380991,-8.52821172,-14.03469361
49.6,2.50833759,-11.42665932,6.97987434,-45.64550231,-9.13944461,-6.07789509,25.50440989,0.96535409,-2.93002418,-15.548945,-7.97539931,-14.04872335
49.605,3.22641176,-11.96558767,6.64535218,-47.2719204,-10.46128352,-5.77889827,25.45062629,1.56091827,-2.77826136,-16.23701803,-7.37518452,-14.05687612
49.61,3.94942598,-12.49000222,6.33061565,-48.87523692,-11.70098285,-5.52139242,25.3640083,2.13138968,-2.63612276,-16.88749987,-6.73680383,-14.06355348
49.615,4.67219701,-12.99686102,6.03525234,-50.44792303,-12.84516084,-5.3087338,25.24163124,2.67557138,-2.50486094,-17.49666505,-6.06624416,-14.06717761
49.62,5.39085196,-13.48176233,5.76118127,-51.9836537,-13.87848763,-5.14412781,25.08155299,3.18865643,-2.38483994,-18.06611788,-5.37350757,-14.066175
49.625,6.10663398,-13.93955489,5.50724134,-53.47624995,-14.79142818,-5.03089901,24.88765187,3.66769238,-2.27701927,-18.59313523,-4.66329364,-14.05570962
49.63,6.81386858,-14.36487519,5.27551935,-54.91997746,-15.57394768,-4.96693568,24.65590651,4.10877946,-2.17782898,-19.07828131,-3.94683778,-14.038474
49.635,7.51074054,-14.75174401,5.06508365,-56.30947659,-16.22107292,-4.95169945,24.38712193,4.50937265,-2.08588733,-19.51865365,-3.23210236,-14.01686446
49.64,8.20002772,-15.10941434,4.86892599,-57.63948707,-16.73192986,-4.99046594,24.0865409,4.87438557,-2.00636853,-19.91930588,-2.52318309,-13.98228673
49.645,8.88744563,-15.41732415,4.69693357,-58.90662187,-17.10348133,-5.08111414,23.76108849,5.18828276,-1.93992777,-20.28034926,-1.8184787,-13.9137123
49.65,9.55291008,-15.68475048,4.53181682,-60.10306809,-17.33388216,-5.21383923,23.39471684,5.46472573,-1.87006344,-20.59200834,-1.15148775,-13.86655812
49.655,10.21062482,-15.9040438,4.38021266,-61.22688099,-17.42976019,-5.39248839,23.00362281,5.69422523,-1.80897222,-20.86279471,-0.50908796,-13.79989945
49.66,10.85473669,-16.07679012,4.24459787,-62.27023241,-17.39111589,-5.61174471,22.57734874,5.88151028,-1.73998601,-21.07890261,0.1073219,-13.74498889
49.665,11.47955698,-16.19617012,4.11994408,-63.23118158,-17.22567541,-5.8595235,22.12197588,6.01797572,-1.68114356,-21.26078727,0.65620934,-13.74440698
49.67,12.11103924,-16.29125706,3.96361818,-64.11360799,-16.96278633,-6.15856439,21.68096589,6.12405829,-1.6526735,-21.42541968,1.21941642,-13.53599746
49.675,12.71421381,-16.31946325,3.85130794,-64.8973832,-16.57646519,-6.47725996,21.18086261,6.1787999,-1.59879859,-21.51216446,1.66983335,-13.55448808
49.68,13.3062446,-16.31996297,3.69824202,-65.59122841,-16.09116273,-6.82401206,20.68168684,6.20626278,-1.53993501,-21.57172051,2.13959801,-13.39850069
49.685,13.88151477,-16.26378175,3.5490303,-66.19332639,-15.53038128,-7.18243852,20.16646207,6.18231463,-1.49789634,-21.60096272,2.54576497,-13.28681114
49.69,14.43885132,-16.18011202,3.39406853,-66.6935169,-14.89549559,-7.5574807,19.63671678,6.13227595,-1.45223701,-21.59783613,2.89849354,-13.187421
49.695,14.96828058,-16.04302753,3.22913213,-67.08687635,-14.20242031,-7.92964317,19.0792078,6.03705434,-1.40817391,-21.53584497,3.22939276,-13.05742682
49.7,15.52087955,-15.92264965,3.08581628,-67.39902399,-13.47631842,-8.35513109,18.53630442,5.96079668,-1.37702153,-21.4436267,3.43151407,-13.05119478
49.705,15.98585252,-15.69943159,2.85591732,-67.57657592,-12.68298864,-8.69332812,17.95133511,5.78735088,-1.290451,-21.31944505,3.70848599,-12.88818518
49.71,16.45862724,-15.48764888,2.64743061,-67.66516839,-11.89316897,-9.07641762,17.36833897,5.62726424,-1.22701944,-21.15736589,3.89575207,-12.79013902
49.715,16.92548211,-15.25282252,2.43851729,-67.65737237,-11.09151402,-9.45411706,16.7899893,5.453071,-1.14658683,-20.96562584,4.03045168,-12.71858756
49.72,17.34879347,-14.99215802,2.18834228,-67.53488221,-10.30027505,-9.79912366,16.19258816,5.24679962,-1.06604058,-20.73999109,4.14867516,-12.63578481
49.725,17.73007975,-14.70880299,1.92159231,-67.30650921,-9.53799,-10.13230821,15.57460076,5.01876972,-0.9898757,-20.4863834,4.24747969,-12.54095552
49.73,18.11961193,-14.41880916,1.65168448,-66.98497988,-8.79675755,-10.45524638,14.97819309,4.78918104,-0.8917418,-20.2039864,4.29750727,-12.48379167
49.735,18.4634527,-14.11099439,1.35496049,-66.55965878,-8.09313593,-10.75978963,14.36470758,4.53874902,-0.78424993,-19.901039,4.33284651,-12.41849754
49.74,18.80106031,-13.80755066,1.05650043,-66.04083216,-7.44724879,-11.05454436,13.76091039,4.29268775,-0.6925879,-19.56732369,4.33881613,-12.36906468
49.745,19.08566525,-13.47343259,0.74620771,-65.42491016,-6.86354721,-11.32720423,13.13198702,4.02271514,-0.55295383,-19.21537058,4.34289508,-12.31226045
49.75,19.36140093,-13.14925344,0.42220677,-64.71918055,-6.3347265,-11.59380633,12.51747375,3.75476989,-0.43606599,-18.84247824,4.32247566,-12.27196701
49.755,19.60637407,-12.82171353,0.09128398,-63.92425579,-5.87256422,-11.85207604,11.89866287,3.48303015,-0.30496021,-18.45388501,4.29290666,-12.23614641
49.76,19.82959275,-12.49412778,-0.24614567,-63.04592559,-5.47645678,-12.10492392,11.28261192,3.20908502,-0.17300724,-18.04822402,4.25377757,-12.20793852
49.765,20.03285071,-12.16848596,-0.58413735,-62.08763942,-5.1437847,-12.35506317,10.6721918,2.93631396,-0.03938509,-17.62954303,4.20612413,-12.18619652
49.77,20.21190492,-11.84728262,-0.91956667,-61.05205211,-4.87709785,-12.60955082,10.062325,2.66669521,0.09873678,-17.19849232,4.15623164,-12.1682029
49.775,20.35113948,-11.54564736,-1.26099337,-59.94318473,-4.68100449,-12.89323626,9.43854135,2.41181103,0.23165329,-16.75599434,4.11113571,-12.14705993
49.78,20.53262754,-11.23178929,-1.5792573,-58.76882608,-4.50271612,-13.11439763,8.87924969,2.14546127,0.33883172,-16.3152407,4.03695007,-12.1501758
49.785,20.65113995,-10.92464143,-1.89517449,-57.52470111,-4.41645021,-13.39404327,8.2826574,1.89105518,0.50131646,-15.85607999,3.99223588,-12.14287129
49.79,20.77131156,-10.63435893,-2.19949013,-56.21962864,-4.35760877,-13.66543121,7.71140617,1.64817947,0.62614368,-15.39869285,3.93629243,-12.14044888
49.795,20.86414922,-10.36536746,-2.49251883,-54.8561612,-4.34799017,-13.96923781,7.13580388,1.42424624,0.73974672,-14.93777436,3.90011083,-12.13977636
49.8,20.97417875,-10.09008047,-2.76235014,-53.43631599,-4.35138948,-14.24306507,6.60045943,1.19790071,0.85999217,-14.47808022,3.84086721,-12.13785858
49.805,21.06114728,-9.83979759,-3.0202569,-51.96310136,-4.39044665,-14.54924329,6.0653991,0.99435773,0.96796752,-14.01850385,3.79972031,-12.13529022
49.81,21.15019992,-9.60221474,-3.25261942,-50.44149495,-4.43621494,-14.850871,5.5534922,0.80446534,1.06020936,-13.56366998,3.75713449,-12.1306191
49.815,21.21295013,-9.38454366,-3.47276515,-48.86795829,-4.51153505,-15.18798077,5.03975044,0.63248731,1.14299309,-13.11340205,3.73656405,-12.1253518
49.82,21.3006629,-9.17239168,-3.67548485,-47.24734275,-4.56533066,-15.47990652,4.57590534,0.46487496,1.21488668,-12.67269046,3.68791697,-12.11444313
49.825,21.36526067,-8.98093187,-3.83620671,-45.58516097,-4.63851016,-15.81147203,4.10528986,0.32616835,1.29728826,-12.2331799,3.67714651,-12.09913231
49.83,21.43211076,-8.81022361,-3.99405915,-43.87731802,-4.69699669,-16.1242515,3.6643696,0.20065161,1.34959204,-11.80769635,3.66014964,-12.07983954
49.835,21.49341741,-8.65930058,-4.12468022,-42.12643105,-4.73873199,-16.43729798,3.24073576,0.09643375,1.39053945,-11.39219099,3.64610164,-12.05216461
49.84,21.54609127,-8.52536218,-4.22684335,-40.3353729,-4.77440511,-16.74705625,2.83092598,0.011986,1.43148966,-10.98883888,3.65369518,-12.0206779
49.845,21.59245562,-8.41248213,-4.30954008,-38.50295856,-4.7903984,-17.04279265,2.44019494,-0.0526845,1.4600574,-10.59868512,3.66706623,-11.98139621
49.85,21.63813853,-8.32267259,-4.37002873,-36.63439642,-4.77908546,-17.31506575,2.07230099,-0.09492785,1.48064692,-10.22347921,3.68393138,-11.93332547
49.855,21.6703142,-8.25560188,-4.41192019,-34.72689286,-4.75193261,-17.57199848,1.71706358,-0.11591569,1.49465476,-9.8639012,3.71815233,-11.88013277
49.86,21.74095517,-8.23469408,-4.37364201,-32.80816041,-4.61699637,-17.73671525,1.40160555,-0.07626787,1.44601154,-9.51791998,3.73951845,-11.84490384
49.865,21.70393721,-8.1938885,-4.45150956,-30.80350913,-4.6381084,-18.00372249,1.05814577,-0.09412753,1.51371143,-9.19765251,3.81958092,-11.75293623
49.87,21.69914161,-8.20455968,-4.44333325,-28.79490637,-4.54886186,-18.17813728,0.74341019,-0.04452466,1.50706613,-8.88893845,3.88183667,-11.66998412
49.875,21.72844079,-8.25209324,-4.36665858,-26.77643991,-4.39498237,-18.2658459,0.46992855,0.05432243,1.46382488,-8.59870499,3.94091287,-11.62695947
49.88,21.65237601,-8.31456683,-4.40079956,-24.69739052,-4.32623884,-18.39813923,0.16061301,0.12809285,1.5160534,-8.33288157,4.04804769,-11.49385984
49.885,21.64387367,-8.4097085,-4.30327339,-22.6321034,-4.17967502,-18.42632523,-0.09793041,0.26625258,1.47533195,-8.08048619,4.1347369,-11.44280187
49.89,21.57969679,-8.54684445,-4.25635437,-20.54383816,-4.0648219,-18.44026942,-0.36993549,0.42261979,1.48346116,-7.85155024,4.23910246,-11.33226809
49.895,21.49847875,-8.71317632,-4.20527056,-18.45334587,-3.95478542,-18.40855634,-0.6377935,0.60226177,1.50303127,-7.64438301,4.37845441,-11.22491165
49.9,21.35627881,-8.91412073,-4.2086854,-16.36389519,-3.81735192,-18.33907045,-0.93426477,0.79449784,1.5622873,-7.45741739,4.55617719,-11.06005774
49.905,21.24791291,-9.14469037,-4.14355141,-14.30694738,-3.70554958,-18.21498796,-1.19963077,1.02864267,1.5846513,-7.28653873,4.71646817,-10.94254492
49.91,21.12183094,-9.41309355,-4.08813126,-12.28912497,-3.59610342,-18.05103837,-1.46791411,1.29136369,1.62552181,-7.14072734,4.89537303,-10.81408347
49.915,20.98905652,-9.71046719,-4.03101815,-10.32574101,-3.4947313,-17.84752534,-1.73641696,1.57716858,1.67595369,-7.01413759,5.09000875,-10.68418648
49.92,20.84899408,-10.0336097,-3.97828567,-8.43386112,-3.39581746,-17.60536315,-2.00919273,1.88209786,1.7388451,-6.90887495,5.30161862,-10.54806502
49.925,20.71143643,-10.38225779,-3.92325413,-6.62726233,-3.31341338,-17.33794242,-2.28043503,2.20822601,1.80929635,-6.8282472,5.52779746,-10.41486268
49.93,20.57070026,-10.73730279,-3.87374041,-4.91516118,-3.22685234,-17.03995349,-2.55730243,2.534638,1.89450502,-6.76825998,5.77108344,-10.27449682
49.935,20.43146434,-11.10224717,-3.82892068,-3.30888174,-3.14680516,-16.72661204,-2.8377763,2.86633752,1.98996273,-6.73184521,6.02873126,-10.13144719
49.94,20.29873631,-11.45876369,-3.78665915,-1.81650221,-3.07668415,-16.40910732,-3.12022582,3.18612554,2.09589275,-6.71603539,6.29930521,-9.98940481
49.945,20.17141623,-11.80330606,-3.74370041,-0.44242369,-3.023119,-16.0943113,-3.40419901,3.49156728,2.20965947,-6.72437118,6.58305726,-9.85027637
49.95,20.04006311,-12.1184575,-3.71034016,0.80903687,-2.97731788,-15.76514856,-3.6988623,3.7636086,2.3286837,-6.75335323,6.88588992,-9.70401108
49.955,19.94102631,-12.42664912,-3.65946935,1.92814087,-2.96440422,-15.52946913,-3.97282273,4.03289652,2.46156666,-6.81161284,7.17351782,-9.5834177
49.96,19.8454532,-12.69920977,-3.61133503,2.91730478,-2.97129902,-15.30764144,-4.25200803,4.26562986,2.60185561,-6.89131323,7.47387181,-9.46395368
49.965,19.75044101,-12.93224205,-3.56658098,3.77525522,-2.99165671,-15.10881602,-4.53639641,4.45605707,2.74863687,-6.9917789,7.77988259,-9.34076687
49.97,19.66015682,-13.12258408,-3.52396383,4.50049792,-3.03339934,-14.94693809,-4.8232026,4.60400396,2.90111764,-7.11459285,8.08738999,-9.21835381
49.975,19.58229015,-13.26555161,-3.47604822,5.09314286,-3.1034782,-14.83047935,-5.10500872,4.70809136,3.05477278,-7.26223982,8.39000387,-9.10803412
49.98,19.51322103,-13.36171741,-3.42781008,5.55436503,-3.19963959,-14.76331813,-5.38382503,4.7657114,3.21216723,-7.43049113,8.68484919,-9.00112813
49.985,19.48997365,-13.41147314,-3.34156652,5.87470614,-3.3277451,-14.71115766,-5.63332904,4.79264701,3.32848981,-7.63296617,8.96868673,-8.96573589
49.99,19.41064794,-13.39963562,-3.32239285,6.09064046,-3.48955442,-14.77634967,-5.92436732,4.73565768,3.52232407,-7.83727748,9.23503695,-8.8116993
49.995,19.38088425,-13.33639276,-3.26118379,6.17015286,-3.67961117,-14.8448692,-6.18517891,4.64774357,3.66375565,-8.07463858,9.48773999,-8.73043946
50,19.37364645,-13.22711647,-3.19582823,6.12816433,-3.89631953,-14.9545117,-6.43059214,4.51702098,3.80643012,-8.33164945,9.71525571,-8.66473062
50.005,19.3910688,-13.06961236,-3.11760466,5.96196522,-4.13708955,-15.08499743,-6.6678468,4.34804095,3.91951211,-8.60519597,9.90870894,-8.61559478
50.01,19.40261704,-12.85905458,-3.04846964,5.7091463,-4.43558375,-15.29049925,-6.88775321,4.1196525,4.04920167,-8.92370547,10.05408495,-8.52531888
50.015,19.44657047,-12.60702413,-2.96430348,5.33718018,-4.75223887,-15.5052,-7.09577158,3.86244513,4.15155717,-9.25699107,10.177863,-8.46036005
50.02,19.509423,-12.31402104,-2.87499886,4.86926303,-5.10319991,-15.74915227,-7.28641069,3.56865845,4.23909021,-9.61808431,10.26321629,-8.39361126
50.025,19.59182657,-11.98236429,-2.77957097,4.31165694,-5.48444925,-16.01750706,-7.45848295,3.24120375,4.30967678,-10.00811603,10.30816528,-8.32482201
50.03,19.69341363,-11.61435795,-2.67517861,3.67289854,-5.89268693,-16.30892705,-7.61046956,2.88377775,4.35664131,-10.42943292,10.31091856,-8.25188564
50.035,19.82698913,-11.21268981,-2.55364453,2.94017383,-6.21256546,-16.51447042,-7.75146797,2.50838125,4.34760795,-10.86153086,10.22929232,-8.2264147
50.04,19.94603531,-10.79385033,-2.43346254,2.18594637,-6.79388871,-16.9864607,-7.85008746,2.09973877,4.36996549,-11.37616401,10.18479863,-8.06509926
50.045,20.10557326,-10.33449154,-2.31169794,1.35255774,-7.21204975,-17.25295401,-7.92844401,1.66926554,4.35311526,-11.89731634,10.02096142,-7.99345694
50.05,20.27136869,-9.86051897,-2.18226084,0.47474613,-7.65353437,-17.57393413,-7.98382851,1.22553296,4.29986839,-12.46232681,9.80959066,-7.88859261
50.055,20.44488859,-9.37239687,-2.0347932,-0.43699457,-8.09749648,-17.91844382,-8.01313156,0.7742526,4.21307347,-13.07141961,9.54176375,-7.75867736
50.06,20.62555675,-8.88106559,-1.85134508,-1.37417117,-8.54699982,-18.33497993,-8.01571982,0.32430332,4.091699,-13.72125195,9.21276189,-7.57256728
50.065,20.80177249,-8.36885159,-1.73194298,-2.3384892,-8.88173724,-18.54096113,-7.99906435,-0.14654277,3.96102264,-14.41594185,8.80316758,-7.47064117
50.07,20.97574134,-7.85362513,-1.58812306,-3.3060357,-9.22040855,-18.82447207,-7.94901818,-0.61847266,3.79318096,-15.1633919,8.3360585,-7.30911213
50.075,21.14374121,-7.33897488,-1.42494089,-4.27571906,-9.52220053,-19.12165142,-7.87035056,-1.08740664,3.59705937,-15.96367399,7.80320988,-7.11627082
50.08,21.30876844,-6.83731551,-1.21400678,-5.24239218,-9.79459185,-19.51074963,-7.75592367,-1.54007099,3.3904307,-16.81695047,7.20907041,-6.84675444
50.085,21.43137117,-6.33575094,-1.0838939,-6.19943627,-9.93496961,-19.68669784,-7.64036046,-2.00017836,3.14066138,-17.72270176,6.51544194,-6.66950088
50.09,21.54859335,-5.83343975,-0.91932571,-7.14189521,-10.04257935,-19.92128433,-7.48284867,-2.46029757,2.87411266,-18.68540279,5.77265365,-6.43756688
50.095,21.63605545,-5.35240493,-0.7570951,-8.06482992,-10.06698717,-20.14283088,-7.30392981,-2.90405116,2.59392096,-19.70493871,4.94860454,-6.18930649
50.1,21.70022702,-4.87921211,-0.58021972,-8.9573188,-10.03119301,-20.36525363,-7.09055561,-3.34222755,2.29746329,-20.7857044,4.0694532,-5.92670391
50.105,21.73852054,-4.41864747,-0.40634611,-9.83440514,-9.91809706,-20.57463224,-6.85457091,-3.77274363,1.99134451,-21.91629841,3.11514668,-5.65632411
50.11,21.73482697,-3.98284828,-0.25709527,-10.67905796,-9.72615088,-20.75835915,-6.59869164,-4.19132631,1.66691237,-23.10477572,2.09489101,-5.39348561
50.115,21.70780477,-3.55200329,-0.08562398,-11.48627516,-9.46997504,-20.93978404,-6.30350534,-4.6077342,1.33527203,-24.35349504,1.01991796,-5.12988169
50.12,21.64334508,-3.14450935,0.07548205,-12.260889,-9.14754249,-21.11132839,-5.98434043,-5.0123869,1.00176548,-25.65391592,-0.10820899,-4.87340291
50.125,21.54679922,-2.75241342,0.23683005,-12.99917647,-8.76511945,-21.27205745,-5.63539285,-5.40980612,0.66800784,-27.00479105,-1.28093548,-4.63322509
50.13,21.41904675,-2.37608678,0.3963562,-13.69908674,-8.32247714,-21.42331623,-5.25598937,-5.8018144,0.33737169,-28.40339885,-2.49925424,-4.41434346
50.135,21.25830382,-2.02195612,0.54764169,-14.3639334,-7.82797785,-21.56800269,-4.84897394,-6.18343953,0.01765842,-29.84464485,-3.74771993,-4.22007826
50.14,21.06374307,-1.68866418,0.68567915,-14.99028793,-7.29710395,-21.70651424,-4.41574949,-6.55689527,-0.29429755,-31.32332637,-5.01197165,-4.05251309
50.145,20.83983466,-1.37383132,0.81914546,-15.57531347,-6.72625851,-21.83783909,-3.95177513,-6.92259687,-0.58731129,-32.83523931,-6.28594815,-3.92289417
50.15,20.58879639,-1.07938514,0.94302696,-16.12136651,-6.12778963,-21.9574963,-3.45813891,-7.27836198,-0.86061119,-34.37430733,-7.55452365,-3.83853044
50.155,20.32066917,-0.82083021,1.05422877,-16.62763469,-5.45690247,-22.03460535,-2.92184988,-7.60451235,-1.0800349,-35.93753364,-8.8067973,-3.87322838
50.16,20.01098987,-0.56275858,1.14844761,-17.09057885,-4.86098215,-22.16816746,-2.38314329,-7.94737475,-1.32375906,-37.50638112,-10.01647354,-3.80593132
50.165,19.68327201,-0.32736966,1.23159543,-17.51241031,-4.2405861,-22.29590752,-1.81007446,-8.27429299,-1.5290711,-39.08400304,-11.17408274,-3.82021347
50.17,19.35160983,-0.1408811,1.28011278,-17.89675264,-3.55787646,-22.36502792,-1.18642665,-8.55648905,-1.65887149,-40.66773415,-12.27408429,-3.99181345
50.175,18.97951745,0.05969682,1.34707592,-18.22919698,-2.98182733,-22.49120542,-0.57136439,-8.85955833,-1.82716661,-42.2315428,-13.2903476,-4.02660781
50.18,18.60028411,0.23271528,1.38645217,-18.52331814,-2.39514272,-22.60407031,0.07968702,-9.13754512,-1.94678049,-43.78156166,-14.22465256,-4.16096088
50.185,18.20952172,0.37829547,1.40590451,-18.77320652,-1.82357737,-22.70291621,0.75634495,-9.38905055,-2.03374235,-45.30612816,-15.06389747,-4.33914159
50.19,17.80764332,0.49610429,1.41048897,-18.98535197,-1.27859017,-22.7975198,1.45266597,-9.61122796,-2.09342875,-46.79655306,-15.79035777,-4.53863019
50.195,17.40894829,0.56980722,1.3669733,-19.16831167,-0.75210976,-22.86942509,2.18004805,-9.79393436,-2.12051879,-48.25023578,-16.39328156,-4.79106053
50.2,16.98872917,0.64520932,1.3471444,-19.29595879,-0.28030624,-22.94731501,2.909462,-9.96828048,-2.14996328,-49.6503242,-16.89961815,-5.01303882
50.205,16.55664674,0.70206631,1.32306271,-19.37544216,0.15056579,-23.02559525,3.65020342,-10.11601352,-2.16231785,-50.99349733,-17.287335,-5.24494073
50.21,16.12933721,0.72517709,1.26581133,-19.4189878,0.54334341,-23.08082241,4.41212301,-10.22732876,-2.15776302,-52.27725283,-17.55270197,-5.50472488
50.215,15.69978845,0.72057524,1.19837348,-19.43025666,0.89879973,-23.12456166,5.18328877,-10.30589463,-2.14898351,-53.49024648,-17.69962084,-5.76122966
50.22,15.26108066,0.69050965,1.12771901,-19.39655176,1.21008298,-23.16061125,5.95472533,-10.34982678,-2.14145427,-54.62546262,-17.72850971,-6.00670664
50.225,14.82061938,0.6367733,1.04727107,-19.32940923,1.47603222,-23.18164899,6.72707593,-10.36294866,-2.1401057,-55.67883094,-17.65254457,-6.24508556
50.23,14.34424196,0.55721286,0.97313285,-19.24396346,1.67805519,-23.24558768,7.44454574,-10.34247022,-2.17908645,-56.63683194,-17.49524104,-6.42472324
50.235,13.98467871,0.46238921,0.82233671,-19.12051535,1.9120851,-23.13056468,8.31896795,-10.30744003,-2.1416467,-57.53698413,-17.25995921,-6.68801154
50.24,13.49060035,0.34806798,0.75458497,-18.95162677,2.03654845,-23.16368509,9.01725026,-10.23810466,-2.21022908,-58.3042508,-16.91537256,-6.88835276
50.245,13.03138666,0.2128852,0.6588817,-18.75666607,2.13651851,-23.14192928,9.75053961,-10.14499895,-2.27364622,-58.9829741,-16.48218886,-7.10263912
50.25,12.68418468,0.04393273,0.52959505,-18.54768704,2.29394422,-22.97317287,10.59937564,-10.01328399,-2.31026496,-59.58026601,-15.97243017,-7.24504678
50.255,12.20862067,-0.11298777,0.41273383,-18.29717824,2.32205645,-22.93488848,11.2935212,-9.89094642,-2.41007698,-60.05237562,-15.47425609,-7.44079739
50.26,11.83528175,-0.3276767,0.31164152,-18.04073895,2.42906685,-22.76114874,12.06643866,-9.70704362,-2.53201789,-60.42257201,-14.84032575,-7.51244444
50.265,11.41659553,-0.53257217,0.20620703,-17.75773601,2.46484194,-22.61365318,12.77652742,-9.53103699,-2.67905918,-60.68592605,-14.21054423,-7.62346922
50.27,10.95907218,-0.7249465,0.08750304,-17.4449074,2.40607456,-22.50985632,13.4363382,-9.36390631,-2.83552939,-60.84384352,-13.5956361,-7.79286852
50.275,10.57996387,-0.9959754,0.02179278,-17.13722759,2.47068069,-22.29575995,14.11839782,-9.12257719,-3.06840791,-60.87371615,-12.89032471,-7.75546624
50.28,10.15871159,-1.23507203,-0.04516384,-16.80170611,2.44510547,-22.10782591,14.75071437,-8.90682559,-3.29396793,-60.80802556,-12.21396857,-7.81526288
50.285,9.74006431,-1.49361269,-0.11687192,-16.45489907,2.41081517,-21.90713821,15.35067988,-8.67752,-3.55980875,-60.62789073,-11.54549138,-7.8355513
50.29,9.32503031,-1.76315344,-0.17723478,-16.10392341,2.38045294,-21.68252323,15.91664798,-8.44150022,-3.86177651,-60.33565423,-10.89528374,-7.81945455
50.295,8.90201761,-2.03164736,-0.21972045,-15.73752967,2.32526434,-21.46200974,16.44929009,-8.20408067,-4.17556334,-59.94081319,-10.26992613,-7.81135862
50.3,8.47853671,-2.30679359,-0.25260825,-15.36702964,2.26124928,-21.23136719,16.94573464,-7.96424778,-4.51645529,-59.44217802,-9.67678702,-7.78494385
50.305,8.05138704,-2.58972409,-0.26830415,-14.99416291,2.20399395,-20.98585037,17.39862724,-7.72081036,-4.88807677,-58.83778222,-9.12603739,-7.73421563
50.31,7.61838248,-2.86734618,-0.27351559,-14.6156455,2.13618103,-20.73694036,17.81357749,-7.48300749,-5.27038164,-58.13640211,-8.62246029,-7.6853659
50.315,7.1810567,-3.14227514,-0.26484483,-14.23472939,2.05737215,-20.49105357,18.19379292,-7.24882307,-5.66228491,-57.34430697,-8.16407556,-7.63690082
50.32,6.73955144,-3.41472957,-0.2392395,-13.85316642,1.97802993,-20.24733735,18.53293316,-7.01769822,-6.06650631,-56.45972958,-7.75651334,-7.58377664
50.325,6.29380127,-3.6802398,-0.20074744,-13.47223125,1.89311668,-20.00695827,18.83520597,-6.79312001,-6.47487029,-55.49018741,-7.39869845,-7.53335799
50.33,5.84167377,-3.93668839,-0.14835044,-13.09286696,1.81007417,-19.77180758,19.09825741,-6.57765454,-6.88691235,-54.43922953,-7.09443421,-7.48576446
50.335,5.38655568,-4.18016435,-0.08639342,-12.71549612,1.7201957,-19.54378368,19.32900026,-6.37255471,-7.29167068,-53.31367929,-6.83567287,-7.44680612
50.34,4.92617984,-4.40840281,-0.01658178,-12.34297262,1.63178453,-19.32493324,19.52388944,-6.1814561,-7.6917217,-52.11630364,-6.62497542,-7.4172164
50.345,4.46462288,-4.62046954,0.05933057,-11.97584542,1.5427566,-19.12069281,19.68969548,-6.00364287,-8.08062901,-50.85348536,-6.45334657,-7.39707515
50.35,4.00566521,-4.81794574,0.15306842,-11.61187629,1.45284759,-18.9330883,19.83419138,-5.83256234,-8.44587694,-49.53013208,-6.31329947,-7.38339664
50.355,3.54863353,-4.99721753,0.25729284,-11.25528231,1.36392758,-18.76091279,19.95420485,-5.6739875,-8.79109989,-48.14901766,-6.20309036,-7.37903996
50.36,3.08964479,-5.14999415,0.35294293,-10.90990268,1.27911684,-18.60436419,20.04738631,-5.54059452,-9.12184466,-46.71741745,-6.11944516,-7.39170103
50.365,2.6433348,-5.2832586,0.46313221,-10.56979951,1.19221038,-18.46489144,20.13592274,-5.41473831,-9.41035101,-45.23979421,-6.04969257,-7.40899462
50.37,2.19438127,-5.39596425,0.57516715,-10.24234911,1.11889873,-18.34524776,20.19531403,-5.30745067,-9.68609437,-43.71471543,-5.99639832,-7.44176432
50.375,1.75012029,-5.48457006,0.6792746,-9.92867268,1.05338189,-18.24555415,20.23715456,-5.21960732,-9.93756541,-42.1486345,-5.94983804,-7.4877074
50.38,1.32278895,-5.5501091,0.79078224,-9.62451489,0.99058332,-18.16195374,20.27963728,-5.14380637,-10.14479068,-40.54653663,-5.90164962,-7.53968447
50.385,0.90052451,-5.59234182,0.89564418,-9.3350598,0.94146411,-18.09970963,20.30585728,-5.08784864,-10.3309752,-38.9082908,-5.85142525,-7.60527057
50.39,0.4932852,-5.61195667,1.00269312,-9.05932617,0.90219672,-18.05411127,20.32924244,-5.04582051,-10.47803147,-37.23782252,-5.79240799,-7.67838974
50.395,0.0958278,-5.61004086,1.10539138,-8.79903666,0.87666543,-18.02715131,20.3427387,-5.01992168,-10.59756503,-35.53564028,-5.72324076,-7.76214871
50.4,-0.28302065,-5.58456281,1.20667894,-8.55494094,0.86286325,-18.01327703,20.35726669,-5.0104099,-10.67870596,-33.80529855,-5.63826165,-7.85392958
50.405,-0.65187869,-5.53848329,1.29930918,-8.32735111,0.86938251,-18.01929917,20.36107221,-5.01723711,-10.73641299,-32.04405387,-5.54121275,-7.95487029
50.41,-1.00334071,-5.47090816,1.38566786,-8.11787449,0.8924717,-18.03781455,20.36328789,-5.04016789,-10.76323423,-30.25645235,-5.42769977,-8.0635177
50.415,-1.30498978,-5.37525099,1.4404639,-7.92853571,0.91191856,-18.04524839,20.40370729,-5.08121163,-10.73754973,-28.45451554,-5.25591313,-8.17934384
50.42,-1.64502116,-5.26790161,1.54023017,-7.75653679,0.99617034,-18.10086385,20.37145283,-5.13887367,-10.72228653,-26.61071839,-5.13134001,-8.31608047
50.425,-1.95774152,-5.14268527,1.61009157,-7.60215372,1.07876273,-18.15243193,20.35167501,-5.20718113,-10.66983222,-24.74752099,-4.9833451,-8.44616781
50.43,-2.23982813,-4.98630295,1.67766274,-7.47113237,1.20329189,-18.21409812,20.34552287,-5.3030262,-10.58495147,-22.8696609,-4.82796746,-8.57108603
50.435,-2.53899782,-4.83085055,1.72061007,-7.34521933,1.31717921,-18.27747919,20.29876892,-5.40248387,-10.51395973,-20.96035588,-4.70176847,-8.71052646
50.44,-2.77682264,-4.62529161,1.78442198,-7.2597872,1.49898703,-18.34666446,20.2995921,-5.54276888,-10.37779867,-19.0615262,-4.52399186,-8.83631604
50.445,-3.02596533,-4.40591455,1.83895572,-7.18306614,1.68323328,-18.41138804,20.26951536,-5.7018488,-10.24759689,-17.14775074,-4.38466891,-8.97638404
50.45,-3.27042653,-4.1703161,1.8860534,-7.12498431,1.8913499,-18.47937507,20.22735244,-5.87888804,-10.10746452,-15.23557036,-4.25540395,-9.12335636
50.455,-3.54403025,-3.92502561,1.90743999,-7.06561402,2.0922257,-18.52502992,20.14580325,-6.06685188,-9.96467875,-13.3264977,-4.14878875,-9.33142068
50.46,-3.74889568,-3.64381931,1.96939302,-7.05505882,2.37723987,-18.60434426,20.11788165,-6.29249494,-9.79758413,-11.45796506,-4.05288239,-9.42846491
50.465,-3.97653133,-3.32934578,2.01684185,-7.04934164,2.6589399,-18.65230765,20.06451308,-6.5565772,-9.62671995,-9.62849751,-3.97067401,-9.58284812
50.47,-4.20440696,-3.00520679,2.06054413,-7.05986192,2.96326818,-18.69348883,20.00726322,-6.83311903,-9.44899355,-7.8472818,-3.91381551,-9.74328645
50.475,-4.45997159,-2.66913429,2.07575427,-7.06802415,3.27004775,-18.67461603,19.93171243,-7.12156214,-9.2380445,-6.12582436,-3.8809924,-10.00961112
50.48,-4.66282399,-2.33213445,2.14165771,-7.12589862,3.64513402,-18.73321847,19.89612718,-7.42128048,-9.06971547,-4.48037085,-3.88792893,-10.09778218
50.485,-4.90390247,-1.96597142,2.1638415,-7.17300481,3.99503773,-18.67250299,19.84410554,-7.75054704,-8.84550405,-2.92299722,-3.88846006,-10.36727229
50.49,-5.12752485,-1.61811838,2.20793372,-7.25111656,4.39226176,-18.63905279,19.8090138,-8.06816002,-8.63843245,-1.45421978,-3.94563573,-10.5694049
50.495,-5.35378673,-1.2976036,2.23066493,-7.34876713,4.83781345,-18.55336161,19.78025403,-8.35880236,-8.40640104,-0.0804394,-4.06748522,-10.85654484
50.5,-5.57534589,-0.96218403,2.29937147,-7.4590055,5.22354563,-18.50977894,19.76576,-8.68081405,-8.22649231,1.1731837,-4.13368092,-10.99849402
50.505,-5.80451929,-0.65648701,2.3568277,-7.58954825,5.64026817,-18.42239559,19.75284081,-8.97522578,-8.02938387,2.31856859,-4.25905074,-11.21366241
50.51,-6.03619987,-0.41091676,2.39172582,-7.74177854,6.11718755,-18.27152108,19.74673223,-9.20858628,-7.80104853,3.35428925,-4.46917952,-11.52522661
50.515,-6.26803507,-0.15665695,2.46429021,-7.90766404,6.49685343,-18.1775675,19.75162128,-9.46471045,-7.64062523,4.25520876,-4.61664431,-11.68421566
50.52,-6.50825556,0.03847142,2.52294914,-8.0973804,6.92692527,-18.00424619,19.75370648,-9.66333435,-7.44774577,5.04108563,-4.84820903,-11.96172621
50.525,-6.74680973,0.16437458,2.56038978,-8.30651144,7.36993604,-17.82495844,19.76873913,-9.79202786,-7.25795097,5.70199128,-5.12303674,-12.23736628
50.53,-6.98710764,0.26602966,2.61506261,-8.54259428,7.75976192,-17.63412284,19.78614054,-9.90469114,-7.09121396,6.23102417,-5.39717938,-12.48751467
50.535,-7.22998342,0.33579252,2.69360035,-8.79168121,8.09542369,-17.44592578,19.80863974,-9.99197737,-6.9547409,6.63425192,-5.68099301,-12.70140264
50.54,-7.46982338,0.32743624,2.74837802,-9.07583546,8.44181808,-17.22831193,19.83727645,-10.00089374,-6.8116376,6.91014964,-6.02675365,-12.95184361
50.545,-7.70567689,0.26823434,2.78842421,-9.38347066,8.74545738,-17.0096449,19.87668115,-9.95758108,-6.68157562,7.05987757,-6.38217642,-13.18360884
50.55,-7.93481461,0.15712011,2.82511691,-9.71912023,9.0046129,-16.78955036,19.92539279,-9.86312901,-6.56193982,7.08748229,-6.76045138,-13.39773613
50.555,-8.15730374,-0.00301031,2.8566775,-10.0762983,9.21108992,-16.5746186,19.99244959,-9.71712347,-6.45198236,6.98527384,-7.15867152,-13.58712055
50.56,-8.36678377,-0.21784186,2.8586429,-10.48802179,9.37278238,-16.32449948,20.05623408,-9.51967843,-6.33656549,6.7773011,-7.55833706,-13.79862084
50.565,-8.56488044,-0.47145919,2.85893384,-10.92251566,9.47288331,-16.08954925,20.14358733,-9.2788007,-6.23434301,6.44601921,-7.97577837,-13.97243391
50.57,-8.74440504,-0.76509205,2.84812167,-11.39644696,9.50784075,-15.86199418,20.24941842,-8.99375222,-6.13650637,6.00083808,-8.40142052,-14.12140303
50.575,-8.90770032,-1.09926417,2.81656672,-11.91360751,9.49106757,-15.62174061,20.36571248,-8.66602204,-6.04124641,5.45588217,-8.83635781,-14.26936646
50.58,-9.04834097,-1.4628138,2.76531794,-12.47315726,9.40037446,-15.3909315,20.50305727,-8.30266012,-5.94397879,4.80906695,-9.2658472,-14.38922864
50.585,-9.18250509,-1.85847799,2.66960366,-13.08639302,9.31724748,-15.08111374,20.6367365,-7.90328663,-5.83126043,4.0756583,-9.72575366,-14.57121093
50.59,-9.26083154,-2.27158907,2.59348106,-13.7364616,9.0302528,-14.90638879,20.82212964,-7.47840035,-5.73950389,3.25140512,-10.10170007,-14.60327654
50.595,-9.32942937,-2.71904028,2.45321393,-14.45035923,8.79312199,-14.60862794,20.99775502,-7.014918,-5.62562853,2.36002132,-10.5295082,-14.74439395
50.6,-9.35169175,-3.16359263,2.33088348,-15.20705398,8.36036547,-14.43348997,21.2086404,-6.54647292,-5.52699617,1.39444717,-10.84674001,-14.75242912
50.605,-9.34415064,-3.62511039,2.1710121,-16.02495771,7.89512711,-14.22189755,21.4259367,-6.05512495,-5.41731165,0.37483413,-11.15173156,-14.7827491
50.61,-9.30427699,-4.09270819,1.98377703,-16.89936546,7.36177961,-13.99931281,21.65108376,-5.55026644,-5.29672859,-0.6888536,-11.41307875,-14.81004437
50.615,-9.22753071,-4.55540111,1.76972755,-17.8350421,6.75061025,-13.77472155,21.88303136,-5.04339223,-5.16573481,-1.79081331,-11.61893351,-14.82697499
50.62,-9.11410583,-5.01699952,1.53875895,-18.82844737,6.05958887,-13.55460796,22.11662882,-4.53199266,-5.02701466,-2.91665265,-11.75993758,-14.82904738
50.625,-8.95967466,-5.47510738,1.28057552,-19.88100551,5.29674505,-13.33765248,22.35420545,-4.01658308,-4.8783753,-4.06056297,-11.83829651,-14.82286643
50.63,-8.76598826,-5.92293307,1.0094556,-20.99717895,4.45077997,-13.12577896,22.58069686,-3.50950172,-4.72034689,-5.20478032,-11.8389836,-14.80502283
50.635,-8.52969937,-6.36519676,0.71441194,-22.17075003,3.53665276,-12.92372279,22.80379482,-3.00312337,-4.55400701,-6.34804559,-11.76953875,-14.77726691
50.64,-8.2601944,-6.80010449,0.43143722,-23.4026647,2.54351264,-12.7179397,22.99787692,-2.50557574,-4.36995435,-7.46914026,-11.61795026,-14.74620247
50.645,-7.94361327,-7.22299209,0.10371109,-24.68664528,1.50047041,-12.54270179,23.19625778,-2.01530363,-4.19574674,-8.58674399,-11.40315918,-14.70295583
50.65,-7.58844547,-7.64370354,-0.21415912,-26.02909878,0.39029679,-12.37005779,23.36007766,-1.53333,-4.00377369,-9.66187769,-11.10880389,-14.66210335
50.655,-7.19585893,-8.05511967,-0.53506198,-27.42324798,-0.76803735,-12.20908301,23.49555296,-1.0637465,-3.81128265,-10.69802508,-10.74781799,-14.62428746
50.66,-6.76566425,-8.46996853,-0.85416809,-28.86447002,-1.96472214,-12.0668171,23.60011852,-0.60172379,-3.61313575,-11.6935383,-10.32633436,-14.58909269
50.665,-6.26198082,-8.82738294,-1.17451855,-30.34620005,-3.23993117,-11.98237131,23.72415874,-0.19516016,-3.40424712,-12.66480512,-9.82089647,-14.52021048
50.67,-5.78585126,-9.27733037,-1.47197615,-31.870517,-4.44478572,-11.85114942,23.72170578,0.275621,-3.22637835,-13.53590134,-9.31078137,-14.53466222
50.675,-5.25804648,-9.69776722,-1.76111987,-33.42540664,-5.68442095,-11.76109427,23.7113774,0.71315803,-3.03947231,-14.36499751,-8.74791038,-14.54266993
50.68,-4.69262288,-10.12107443,-2.0296679,-35.00840747,-6.91426369,-11.70663118,23.66693071,1.13784702,-2.85331838,-15.13523591,-8.14943993,-14.56001678
50.685,-4.08874009,-10.53494109,-2.28221893,-36.60832601,-8.134833,-11.69652525,23.59885736,1.53906467,-2.69048007,-15.85564307,-7.51822104,-14.58713045
50.69,-3.46309737,-10.96549371,-2.49340531,-38.22633831,-9.29577015,-11.70013641,23.47449976,1.94325383,-2.51879401,-16.4959243,-6.87566266,-14.6411554
50.695,-2.80585678,-11.38885593,-2.67929847,-39.84779513,-10.41545992,-11.74721805,23.32190128,2.32400821,-2.37449573,-17.08380767,-6.22031691,-14.71280325
50.7,-2.12731164,-11.82019036,-2.82593207,-41.4677694,-11.45958875,-11.82173118,23.12250705,2.70115131,-2.22946402,-17.59817103,-5.56530166,-14.80654671
50.705,-1.42556029,-12.24832726,-2.93344958,-43.07817698,-12.42575057,-11.93356985,22.88490654,3.06369837,-2.09516692,-18.04720176,-4.91703048,-14.91991248
50.71,-0.69416935,-12.66054462,-3.00799124,-44.67153907,-13.31843929,-12.10075803,22.62644659,3.39643273,-2.00578838,-18.4486332,-4.28156046,-15.04985909
50.715,0.05109574,-13.06429225,-3.03729676,-46.23938076,-14.10477002,-12.29401055,22.32253671,3.71578327,-1.91170458,-18.77722616,-3.66656619,-15.19783302
50.72,0.81975345,-13.45259654,-3.0245823,-47.7732194,-14.79980022,-12.53626004,21.99373045,4.01111734,-1.85209171,-19.05424564,-3.07698972,-15.36263041
50.725,1.59850207,-13.81737137,-2.97199004,-49.2645442,-15.37877782,-12.80563065,21.62594441,4.28462776,-1.7927339,-19.26375923,-2.51988306,-15.54082279
50.73,2.40332282,-14.15531243,-2.87085138,-50.71222428,-15.86156135,-13.12416794,21.24064897,4.52491261,-1.77622669,-19.42824325,-2.00441344,-15.73095546
50.735,3.21134625,-14.46184437,-2.74264176,-52.10123089,-16.22557604,-13.46298177,20.82167049,4.74195186,-1.76208144,-19.5315193,-1.5227275,-15.93198838
50.74,4.0274309,-14.74185224,-2.5861142,-53.42779584,-16.48042547,-13.83604912,20.37713033,4.9378251,-1.76083361,-19.58345822,-1.0859352,-16.13667637
50.745,4.859173,-14.97543047,-2.38942121,-54.68733546,-16.63410697,-14.23701315,19.91560429,5.09394703,-1.78915962,-19.58809221,-0.69482595,-16.34913481
50.75,5.69020455,-15.16796411,-2.17728477,-55.86930125,-16.67682746,-14.65873409,19.43020698,5.22297601,-1.8200023,-19.54053149,-0.33908424,-16.56313062
50.755,6.53415255,-15.31516413,-1.93704093,-56.97627301,-16.63314197,-15.09594384,18.93866139,5.31312297,-1.89071275,-19.46391289,-0.04801071,-16.77203651
50.76,7.3692427,-15.42073165,-1.69893464,-57.99209802,-16.48508258,-15.54882623,18.42506171,5.379409,-1.94990383,-19.33474591,0.21285497,-16.97632916
50.765,8.19614751,-15.47483807,-1.46227234,-58.91677601,-16.24716014,-16.002335,17.89915368,5.40984133,-2.0164709,-19.17320084,0.4305641,-17.17179871
50.77,9.04596398,-15.48050335,-1.18657441,-59.75402681,-15.96005967,-16.45474277,17.37838223,5.40287869,-2.14717249,-18.9735968,0.58752517,-17.36202147
50.775,9.86577352,-15.44383395,-0.95318917,-60.48632286,-15.58003629,-16.90537217,16.8408386,5.37212204,-2.24294682,-18.74242871,0.72211832,-17.53732466
50.78,10.67716025,-15.36429798,-0.73058997,-61.11991513,-15.14134318,-17.34569905,16.30191493,5.31216759,-2.35275212,-18.48700424,0.81785388,-17.69992269
50.785,11.47391187,-15.24363111,-0.5285035,-61.64903843,-14.65199855,-17.76914683,15.76047313,5.22466621,-2.46706578,-18.20555465,0.88042535,-17.84752275
50.79,12.26727154,-15.08740664,-0.33103778,-62.07971725,-14.12740599,-18.16929505,15.22610858,5.11531847,-2.60231439,-17.90499314,0.90871099,-17.98265372
50.795,13.01890627,-14.88992447,-0.19494327,-62.3910988,-13.5589045,-18.54888313,14.67974704,4.97612897,-2.70758619,-17.57607649,0.9176158,-18.09917494
50.8,13.74712005,-14.66467876,-0.0868484,-62.60219005,-12.97152317,-18.90623343,14.13525435,4.82119022,-2.79936056,-17.23845065,0.90078777,-18.19316385
50.805,14.45259832,-14.41021361,-0.010851,-62.70166764,-12.37084414,-19.23651365,13.59228952,4.64464168,-2.90482169,-16.87637051,0.86383945,-18.2763003
50.81,15.14471552,-14.13527344,0.03778307,-62.68834805,-11.78331511,-19.50282393,13.05728886,4.44772736,-3.03455153,-16.49134329,0.81104515,-18.35814843
50.815,15.79919446,-13.83998745,0.04163329,-62.57838393,-11.18915533,-19.76053018,12.52262669,4.2412846,-3.1204278,-16.10489169,0.74134906,-18.41253136
50.82,16.421751,-13.5273389,0.00581049,-62.35502166,-10.61296472,-19.97797871,11.99130767,4.02013552,-3.20181373,-15.70366712,0.66174379,-18.45769972
50.825,17.00946642,-13.20017929,-0.07310426,-62.02677033,-10.05620676,-20.14421977,11.46215882,3.7819572,-3.28904152,-15.29590834,0.58001915,-18.50034312
50.83,17.56278773,-12.86425524,-0.19362319,-61.60201343,-9.52814135,-20.29331664,10.93604704,3.53772463,-3.33986226,-14.88068992,0.48429342,-18.52266771
50.835,18.07414098,-12.52000259,-0.35672718,-61.07332085,-9.03255216,-20.40363666,10.41029033,3.28194688,-3.38168724,-14.46289469,0.38999123,-18.54124607
50.84,18.5465475,-12.17232293,-0.55871096,-60.45207059,-8.57591375,-20.48716528,9.88432094,3.0201634,-3.4022546,-14.04061292,0.29588265,-18.55126325
50.845,18.97477969,-11.81942005,-0.79280965,-59.7386511,-8.15912468,-20.54449855,9.35462766,2.75202791,-3.39028304,-13.61746635,0.20511976,-18.55465415
50.85,19.35802816,-11.47246949,-1.06995818,-58.93297185,-7.79093931,-20.58332475,8.82347106,2.4818635,-3.3597921,-13.19480678,0.11927372,-18.55399214
50.855,19.7007163,-11.13476907,-1.37447336,-58.04466078,-7.46575339,-20.61551595,8.29007174,2.21587494,-3.31214327,-12.77294471,0.03602506,-18.54809634
50.86,20.01500317,-10.80040385,-1.70746945,-57.07501582,-7.18562073,-20.63318643,7.76907815,1.94535057,-3.26138374,-12.35671055,-0.05249023,-18.53938606
50.865,20.25825119,-10.48451553,-2.06740529,-56.02799999,-6.95130336,-20.66217202,7.21736039,1.68946132,-3.16360395,-11.94138474,-0.11112396,-18.53062669
50.87,20.51250642,-10.16302587,-2.41036871,-54.91446413,-6.75168409,-20.66704873,6.70216005,1.43000355,-3.07146147,-11.53048608,-0.18991928,-18.51658486
50.875,20.74480155,-9.86395209,-2.77457595,-53.73451487,-6.57927173,-20.67110126,6.20326945,1.18301112,-3.00338085,-11.13125185,-0.27764626,-18.49801703
50.88,20.90699406,-9.56584724,-3.13808281,-52.48670088,-6.45200484,-20.68892567,5.66956247,0.94200199,-2.84591123,-10.73257153,-0.31777981,-18.48438067
50.885,21.06900183,-9.28776789,-3.50303592,-51.18109886,-6.34272854,-20.69864431,5.16689174,0.71239332,-2.73432145,-10.34788775,-0.37768704,-18.46813255
50.89,21.1993233,-9.02171988,-3.85801552,-49.81977732,-6.25581652,-20.71843411,4.66282351,0.49589078,-2.59980127,-9.97198236,-0.42109168,-18.45158782
50.895,21.32047713,-8.77082526,-4.1952503,-48.40699104,-6.18003481,-20.73892884,4.17673097,0.29417731,-2.47702477,-9.60686275,-0.46489393,-18.43286336
50.9,21.41880211,-8.53319465,-4.50936249,-46.94387887,-6.1154071,-20.7684443,3.69481952,0.10913596,-2.34096584,-9.25340407,-0.49363042,-18.41424929
50.905,21.48877643,-8.31107267,-4.78738984,-45.4349215,-6.06115376,-20.81468826,3.20871039,-0.05431469,-2.19283214,-8.91131417,-0.49352499,-18.40165624
50.91,21.56545148,-8.09867334,-5.0585584,-43.8764474,-6.0009948,-20.84689726,2.76041172,-0.21312955,-2.06634412,-8.5861204,-0.51057715,-18.37986569
50.915,21.63902121,-7.90400396,-5.28812213,-42.2763401,-5.92958032,-20.88696906,2.33024474,-0.34835073,-1.95234673,-8.27254074,-0.52567637,-18.352518
50.92,21.67379252,-7.72972487,-5.47678607,-40.63417932,-5.86324447,-20.94827832,1.8869729,-0.45722219,-1.82415935,-7.97734737,-0.49127463,-18.33664903
50.925,21.74115081,-7.56092858,-5.63414377,-38.94991559,-5.76958871,-20.98800818,1.50011073,-0.55959902,-1.72706154,-7.69522494,-0.49629222,-18.30184331
50.93,21.77410763,-7.41517056,-5.75869412,-37.2223745,-5.67287807,-21.04516316,1.10677132,-0.636644,-1.61892638,-7.42895904,-0.46034617,-18.27107271
50.935,21.81664574,-7.28709493,-5.83163122,-35.45817533,-5.5527158,-21.0986417,0.74316915,-0.68947003,-1.53789557,-7.17795731,-0.42826081,-18.23524033
50.94,21.84319152,-7.17773463,-5.87145416,-33.65260097,-5.42162451,-21.15413163,0.3919776,-0.72320228,-1.45884809,-6.94518314,-0.37762207,-18.19556765
50.945,21.86306835,-7.08982465,-5.86987115,-31.8092522,-5.27601931,-21.20765071,0.05888541,-0.73317768,-1.39200103,-6.72834224,-0.31586253,-18.15095059
50.95,21.87701298,-7.02599378,-5.82719492,-29.92971675,-5.11630924,-21.2580504,-0.2559291,-0.71800988,-1.33757114,-6.52626979,-0.24287004,-18.10165767
50.955,21.88084737,-6.98720765,-5.74570507,-28.01543249,-4.94754915,-21.3028882,-0.55476804,-0.6778367,-1.29131815,-6.34129549,-0.15587378,-18.04687766
50.96,21.93412258,-6.98394329,-5.55427973,-26.08879409,-4.75542396,-21.3312607,-0.79787761,-0.58168366,-1.2933975,-6.17797825,-0.0702097,-18.03106562
50.965,21.86034705,-6.99878849,-5.47922055,-24.09611738,-4.59660348,-21.36737857,-1.10512327,-0.51620984,-1.21628962,-6.0180568,0.05586328,-17.92244126
50.97,21.88124915,-7.04624894,-5.24370882,-22.11228331,-4.41199577,-21.37154211,-1.32693962,-0.38285018,-1.22097254,-5.88220301,0.16639846,-17.90082962
50.975,21.85897798,-7.13533026,-5.02040926,-20.1042533,-4.23909576,-21.37281068,-1.56029403,-0.22604835,-1.20707545,-5.75768618,0.29049946,-17.84611089
50.98,21.80807252,-7.26484294,-4.79510127,-18.08541099,-4.08497709,-21.35699786,-1.79863587,-0.04308809,-1.18307715,-5.64650164,0.43927104,-17.77194979
50.985,21.73991953,-7.43317279,-4.56499056,-16.0678503,-3.94523266,-21.32135475,-2.03540613,0.16745396,-1.1570881,-5.54704185,0.60630378,-17.68427125
50.99,21.66700516,-7.63673276,-4.31519521,-14.06754315,-3.82158157,-21.25800699,-2.26564013,0.40551549,-1.1336947,-5.45808362,0.78558167,-17.60039407
50.995,21.58886831,-7.88066851,-4.06232876,-12.10121122,-3.71279554,-21.16895751,-2.49295119,0.67353356,-1.10745809,-5.37985304,0.97775103,-17.51197222
51,21.46185815,-8.1702505,-3.84017701,-10.18116348,-3.56706279,-21.04407129,-2.75680067,0.96414254,-1.0589167,-5.31329903,1.2099895,-17.3192868
51.005,21.39501409,-8.47642085,-3.58282923,-8.32752933,-3.522624,-20.87876763,-2.96931899,1.27912569,-1.05394656,-5.26354825,1.42933407,-17.27031425
51.01,21.29979773,-8.84303587,-3.37758234,-6.55936457,-3.39246985,-20.70272152,-3.21210987,1.62915797,-0.99365405,-5.21563893,1.66006628,-17.11801289
51.015,21.22487775,-9.18533042,-3.14580668,-4.87144555,-3.35908551,-20.46051736,-3.43694046,1.95938541,-0.96068541,-5.19681571,1.91183,-17.03337584
51.02,21.11689446,-9.5617528,-2.98047939,-3.29350993,-3.18071296,-20.11655915,-3.70224722,2.29577677,-0.89923063,-5.17792685,2.2059293,-16.79731451
51.025,21.04912424,-9.94058061,-2.81581176,-1.81865114,-3.13263067,-19.84206385,-3.93954862,2.63888016,-0.83625289,-5.17658309,2.46950426,-16.68143586
51.03,20.96550496,-10.28541488,-2.6960506,-0.45781477,-3.02680754,-19.43423609,-4.1967994,2.93727375,-0.7816964,-5.19518333,2.78713671,-16.48522272
51.035,20.91145668,-10.63308905,-2.55201472,0.78287376,-3.00472997,-19.14229379,-4.43974723,3.24078433,-0.6909603,-5.22561389,3.0543939,-16.36452489
51.04,20.85261112,-10.95564998,-2.44341658,1.89869641,-2.9702947,-18.78696595,-4.69122228,3.50858648,-0.60327826,-5.27840304,3.35226607,-16.20346145
51.045,20.79165501,-11.2320951,-2.36503092,2.88955331,-2.92885575,-18.39772289,-4.95183255,3.72830318,-0.51012751,-5.34860468,3.66537509,-16.01218873
51.05,20.73784704,-11.46776376,-2.2963713,3.75264355,-2.91872158,-18.0151499,-5.21183966,3.9062646,-0.41788298,-5.43939973,3.97805071,-15.82574847
51.055,20.67042348,-11.62474936,-2.2673116,4.48753307,-2.89402587,-17.56943149,-5.4868045,4.00285113,-0.34601962,-5.553723,4.32272643,-15.58271946
51.06,20.63805774,-11.78703063,-2.1979472,5.09275752,-2.9468758,-17.25857929,-5.7382751,4.10906338,-0.23035826,-5.68650355,4.60133545,-15.41848057
51.065,20.58112842,-11.85064173,-2.18000858,5.57380679,-2.98248684,-16.87376954,-6.00831021,4.1131162,-0.14738372,-5.84786018,4.92121635,-15.17518099
51.07,20.55366295,-11.90036991,-2.13522679,5.92764015,-3.08165407,-16.5742249,-6.25563685,4.10835563,-0.03155435,-6.03450326,5.19021171,-14.98949737
51.075,20.51728066,-11.87028457,-2.1179447,6.16155046,-3.19463319,-16.26079368,-6.50703691,4.02181688,0.05904242,-6.24789264,5.46657317,-14.76599973
51.08,20.49060984,-11.78567432,-2.08926746,6.27452124,-3.33176697,-15.98126579,-6.75335111,3.88915963,0.1367118,-6.48632677,5.70836367,-14.55150382
51.085,20.47596986,-11.65460593,-2.04781102,6.27987854,-3.50432868,-15.73574963,-6.98310632,3.71666363,0.20660062,-6.75799998,5.91236163,-14.35871225
51.09,20.46223706,-11.46891072,-2.01546614,6.16536424,-3.68655519,-15.51423823,-7.21029667,3.48653945,0.26958901,-7.05905011,6.08929948,-14.12983303
51.095,20.46728338,-11.23996201,-1.97192652,5.94447344,-3.90954538,-15.32077301,-7.42050818,3.22317905,0.32710515,-7.39016811,6.22293984,-13.92513135
51.1,20.47871266,-10.96730505,-1.92535059,5.62674587,-4.15959786,-15.15265197,-7.61637624,2.9197764,0.37060497,-7.75892237,6.3188181,-13.71752411
51.105,20.49536875,-10.65452034,-1.87643002,5.21758847,-4.43377222,-15.01144607,-7.79832892,2.57939719,0.39979822,-8.16677961,6.37558174,-13.50069937
51.11,20.52422932,-10.30300017,-1.8181444,4.72395038,-4.73465194,-14.89481547,-7.96034025,2.2073625,0.41153207,-8.61393932,6.38213546,-13.29205667
51.115,20.55912737,-9.91622397,-1.75503548,4.15448835,-5.05922927,-14.80698985,-8.10406659,1.80442915,0.40196005,-9.10341305,6.34348122,-13.07752218
51.12,20.63355695,-9.51238969,-1.66142548,3.50407549,-5.3845901,-14.70894311,-8.21381706,1.40274867,0.35164727,-9.6216357,6.17378934,-12.93698912
51.125,20.69886733,-9.06748766,-1.58943677,2.80175026,-5.72123317,-14.66293685,-8.30107042,0.95360775,0.30741161,-10.19557582,5.98535902,-12.75511637
51.13,20.70871251,-8.59406648,-1.50614645,2.07133717,-6.13095054,-14.74463987,-8.40137213,0.46821555,0.22490823,-10.83861936,5.8559927,-12.40269061
51.135,20.80615187,-8.13497317,-1.40475097,1.2635375,-6.42249441,-14.69405178,-8.42816335,0.02054561,0.14144408,-11.49804163,5.46550923,-12.28125824
51.14,20.86746077,-7.62289153,-1.28749138,0.44804111,-6.8151351,-14.77353678,-8.43752244,-0.47973695,0.0215476,-12.24427535,5.17546048,-12.08261781
51.145,20.95102352,-7.15226985,-1.18300092,-0.42088806,-7.07313196,-14.80531387,-8.42219497,-0.94044367,-0.09610601,-13.00028673,4.63341714,-11.89890434
51.15,21.00975112,-6.62776757,-1.01507622,-1.27171326,-7.46825784,-15.03379326,-8.36992717,-1.44442052,-0.27769236,-13.85511489,4.19074506,-11.65212119
51.155,21.08145703,-6.13023499,-0.87993531,-2.15637151,-7.70665373,-15.08340817,-8.2852454,-1.92056485,-0.45582601,-14.74411627,3.57067846,-11.52343908
51.16,21.14359856,-5.6276457,-0.72454944,-3.03882805,-7.93394809,-15.22386948,-8.16621544,-2.4011266,-0.65058226,-15.69139577,2.87853937,-11.36610794
51.165,21.191437,-5.13930261,-0.56315022,-3.91724857,-8.10716261,-15.37796957,-8.01441965,-2.86966015,-0.86197277,-16.69761478,2.10151596,-11.21339363
51.17,21.22958788,-4.65262978,-0.38152803,-4.78673937,-8.24417437,-15.56987585,-7.82580464,-3.334838,-1.08496092,-17.76221169,1.24940303,-11.07298111
51.175,21.25592782,-4.18372395,-0.17908444,-5.64877535,-8.33626544,-15.78877904,-7.60543483,-3.78130098,-1.3050843,-18.87870236,0.32731871,-10.95021607
51.18,21.25803351,-3.72934827,0.00047039,-6.49200362,-8.35011768,-15.99731357,-7.35135778,-4.22256007,-1.55230164,-20.05457215,-0.68502901,-10.83771973
51.185,21.2406835,-3.2834805,0.19519222,-7.31106193,-8.31086872,-16.21941425,-7.06074807,-4.65838472,-1.80090471,-21.28707947,-1.76849313,-10.7514973
51.19,21.2020034,-2.85316616,0.39722104,-8.10391877,-8.21497551,-16.45524236,-6.73420184,-5.08476571,-2.05070453,-22.5726547,-2.92020225,-10.69078187
51.195,21.14283301,-2.44282176,0.60760805,-8.87258042,-8.06355746,-16.70371368,-6.37199122,-5.49546218,-2.29235334,-23.9100107,-4.13477325,-10.6612109
51.2,21.05630769,-2.05214094,0.81238588,-9.61132523,-7.85289621,-16.95355881,-5.97723569,-5.89749027,-2.53005159,-25.29389582,-5.39881488,-10.65453752
51.205,20.95162423,-1.68695334,1.04645881,-10.31001918,-7.59374306,-17.23138836,-5.53483657,-6.27437671,-2.72815214,-26.72808553,-6.71931221,-10.73445688
51.21,20.81129038,-1.32998132,1.21819544,-10.99651494,-7.27770918,-17.46735317,-5.08358788,-6.66663892,-2.96310638,-28.19467845,-8.04637606,-10.74673794
51.215,20.64771234,-0.99496362,1.40657641,-11.63990951,-6.91511777,-17.71631615,-4.59077432,-7.04176512,-3.16019284,-29.70183247,-9.39954737,-10.83150653
51.22,20.47498343,-0.70852587,1.60008389,-12.25274056,-6.51002943,-17.99668964,-4.04820607,-7.36886851,-3.29813234,-31.24018354,-10.78808242,-11.070165
51.225,20.24828563,-0.39794927,1.75530168,-12.82383012,-6.0823786,-18.21624932,-3.50911722,-7.74546164,-3.47515887,-32.80237135,-12.10136571,-11.12298128
51.23,20.01679232,-0.14337047,1.91963705,-13.35452473,-5.60950126,-18.46697321,-2.90992688,-8.06163438,-3.55664559,-34.38900136,-13.43150841,-11.39623866
51.235,19.7598185,0.09456758,2.03527832,-13.86945486,-5.11766348,-18.70440095,-2.30056106,-8.37834088,-3.65061931,-35.98397919,-14.69928289,-11.61888985
51.24,19.46548054,0.3314957,2.15880123,-14.32376661,-4.62270298,-18.91999761,-1.66953057,-8.69956573,-3.71221756,-37.58791786,-15.88476111,-11.81037682
51.245,19.16509745,0.52656089,2.23349436,-14.76558253,-4.11144026,-19.13913122,-1.0099458,-8.98516269,-3.73913224,-39.18890361,-17.01434562,-12.08824121
51.25,18.82465925,0.73638459,2.312437,-15.1530959,-3.61858646,-19.33749912,-0.35089513,-9.28962386,-3.77646662,-40.77885585,-18.03318514,-12.2585579
51.255,18.48424622,0.87495205,2.33727869,-15.51073752,-3.10265377,-19.53487012,0.35954406,-9.52152416,-3.70730571,-42.35880446,-18.97011498,-12.60440305
51.26,18.10465584,1.0363887,2.37562016,-15.82715586,-2.61559117,-19.71756255,1.050726,-9.77798008,-3.6825063,-43.90798647,-19.78398306,-12.803244
51.265,17.71551183,1.15730525,2.3705066,-16.10827059,-2.13573416,-19.88975298,1.77042115,-9.99119999,-3.5943469,-45.42913517,-20.4869834,-13.07770915
51.27,17.31066157,1.25168292,2.33753647,-16.35180704,-1.67334978,-20.0406286,2.50206057,-10.17170763,-3.47701127,-46.91146106,-21.06897442,-13.35660537
51.275,16.89343066,1.30915902,2.26995044,-16.56937475,-1.23448611,-20.17006859,3.24323779,-10.31407439,-3.33564242,-48.34740746,-21.51809192,-13.62905452
51.28,16.45195117,1.36231074,2.20127116,-16.73408058,-0.81933376,-20.28610181,3.98035117,-10.43968712,-3.18925595,-49.728167,-21.84407995,-13.87052415
51.285,15.99606527,1.38681168,2.11404149,-16.86632404,-0.43343345,-20.38779593,4.71904839,-10.52756421,-3.02521186,-51.04845563,-22.03767719,-14.09588446
51.29,15.53870322,1.38612118,1.97895712,-16.97900667,-0.08356053,-20.4525621,5.46367376,-10.58530688,-2.85146268,-52.30560571,-22.11688579,-14.3118841
51.295,15.05775895,1.36621774,1.86113425,-17.0370669,0.24132711,-20.50889035,6.19742949,-10.60703589,-2.67683398,-53.48462746,-22.06869649,-14.49788336
51.3,14.58316577,1.32541621,1.68928128,-17.08791119,0.52929238,-20.51928478,6.93602337,-10.60470892,-2.49921029,-54.5927354,-21.92395232,-14.65461132
51.305,14.09238485,1.2664322,1.53022183,-17.09307905,0.79050542,-20.51761103,7.66043216,-10.56892153,-2.33311519,-55.61402063,-21.66284173,-14.786587
51.31,13.59255558,1.19066296,1.36821238,-17.06242724,1.01910346,-20.49479945,8.3739414,-10.50474897,-2.17742449,-56.54475271,-21.30431537,-14.89237973
51.315,13.09205686,1.09704873,1.19489507,-17.00984751,1.21661255,-20.44857894,9.07649807,-10.41452112,-2.04064,-57.38478036,-20.86322214,-14.96766847
51.32,12.60249952,0.99431202,0.96537651,-16.94761529,1.41973031,-20.32808523,9.78699335,-10.31155235,-1.88917198,-58.1426463,-20.35194979,-14.938739
51.325,12.10054929,0.87207951,0.78257361,-16.84856837,1.57358916,-20.22098351,10.46356367,-10.17652987,-1.79112045,-58.7903065,-19.75793658,-14.93228681
51.33,11.5980847,0.73836556,0.63257307,-16.72906033,1.67711551,-20.11281284,11.11319088,-10.01939944,-1.73948048,-59.33434972,-19.09930001,-14.94793861
51.335,11.10190189,0.59730558,0.41316166,-16.58909144,1.81667468,-19.92147991,11.76586271,-9.85747647,-1.67064818,-59.78399832,-18.38994766,-14.7969019
51.34,10.60711273,0.44067905,0.24997929,-16.43078513,1.90077379,-19.74451215,12.38375098,-9.67292173,-1.66905767,-60.11961476,-17.64588703,-14.70013788
51.345,10.12074115,0.27870019,0.09183374,-16.26463836,1.96930211,-19.54038039,12.98344596,-9.48091629,-1.69495384,-60.35506261,-16.87876026,-14.561344
51.35,9.64197355,0.11048861,-0.05900312,-16.09170843,2.03325182,-19.29859494,13.56375005,-9.28088137,-1.74536323,-60.4890394,-16.09464434,-14.36512359
51.355,9.17092184,-0.06488141,-0.18517559,-15.90871296,2.07472614,-19.04511159,14.11838554,-9.07367826,-1.83599391,-60.51532936,-15.3117825,-14.16418621
51.36,8.70847883,-0.25151191,-0.26595135,-15.71251861,2.08436455,-18.80846397,14.64608414,-8.85386755,-1.97367043,-60.43174051,-14.54119523,-13.9924938
51.365,8.25138678,-0.43636493,-0.38234583,-15.51587965,2.11613497,-18.50977361,15.14423345,-8.65060558,-2.14559666,-60.24516911,-13.77921667,-13.71438907
51.37,7.80878435,-0.63243105,-0.42142988,-15.31328691,2.11181517,-18.23756432,15.62125862,-8.42853973,-2.34822524,-59.9570562,-13.04619599,-13.4957762
51.375,7.37365975,-0.82821595,-0.46282487,-15.11120415,2.11166411,-17.93635527,16.06436603,-8.21833801,-2.59461784,-59.56625342,-12.34476402,-13.23079518
51.38,6.94810209,-1.02778367,-0.47737891,-14.91076536,2.10818733,-17.62776169,16.47840857,-8.00927515,-2.87158433,-59.07659049,-11.68232036,-12.95891818
51.385,6.53232791,-1.22602499,-0.46947321,-14.70936004,2.09494498,-17.31731925,16.86622783,-7.80583983,-3.17375414,-58.49458268,-11.07268516,-12.69689479
51.39,6.12716707,-1.42676119,-0.43366466,-14.51545555,2.07704484,-17.01003251,17.22225147,-7.60667186,-3.50738603,-57.81734851,-10.51010066,-12.44004767
51.395,5.73000077,-1.62888035,-0.36736083,-14.32338348,2.05826819,-16.70167216,17.54710406,-7.41099792,-3.86609847,-57.05128038,-9.99798384,-12.18785565
51.4,5.34295061,-1.82969323,-0.27859623,-14.13650668,2.03455714,-16.40371979,17.84284756,-7.22214638,-4.2484427,-56.19934543,-9.53890065,-11.95308361
51.405,4.96527849,-2.02814609,-0.16668199,-13.95495513,2.00853414,-16.11802841,18.11000425,-7.0406833,-4.65046251,-55.26609749,-9.13301596,-11.73599448
51.41,4.59776112,-2.22142678,-0.03395452,-13.77915248,1.97633696,-15.84654336,18.35090506,-6.86765023,-5.06471005,-54.25500932,-8.77675473,-11.54113941
51.415,4.23756246,-2.41137657,0.12379775,-13.60876716,1.94661868,-15.59079314,18.56299791,-6.70094303,-5.4920873,-53.16962663,-8.46895145,-11.36447199
51.42,3.88630188,-2.59387088,0.29839968,-13.44387348,1.91418816,-15.35563663,18.75133241,-6.54320657,-5.92376029,-52.0154254,-8.20626106,-11.21300482
51.425,3.54250672,-2.76699531,0.49112351,-13.28289191,1.88174735,-15.14232217,18.91672169,-6.39393221,-6.35542619,-50.7963514,-7.98491301,-11.08612972
51.43,3.20536968,-2.93209824,0.70195181,-13.12788944,1.85313137,-14.95435797,19.05802563,-6.25308465,-6.78747561,-49.5157898,-7.80054772,-10.9826106
51.435,2.8792712,-3.08431026,0.91622761,-12.97805916,1.82115386,-14.79560271,19.18457181,-6.12365897,-7.21180114,-48.1792645,-7.64608357,-10.90551257
51.44,2.5571017,-3.22262517,1.14637457,-12.83008317,1.79138697,-14.66278946,19.29153965,-6.00441238,-7.62418276,-46.7902075,-7.51875802,-10.85397043
51.445,2.24706822,-3.34879843,1.37757985,-12.68929322,1.76763041,-14.5659715,19.38656527,-5.89484914,-8.02543364,-45.35216992,-7.41250163,-10.82382981
51.45,1.94250569,-3.45747848,1.61545554,-12.54947183,1.74528007,-14.49796592,19.46785711,-5.79741979,-8.40656024,-43.86884003,-7.32223402,-10.81877025
51.455,1.64560022,-3.5508457,1.85500025,-12.41240541,1.72911666,-14.4639553,19.53942203,-5.71046964,-8.76892646,-42.34387831,-7.24371669,-10.83523717
51.46,1.35596357,-3.62654405,2.09465327,-12.27714716,1.71893249,-14.46289168,19.60277536,-5.6351866,-9.10756537,-40.78023011,-7.17237276,-10.87301976
51.465,1.0739382,-3.68339418,2.33063303,-12.14287705,1.71431669,-14.49339434,19.66095397,-5.57198892,-9.41854502,-39.18127863,-7.10298999,-10.93087988
51.47,0.79758467,-3.72106417,2.56352521,-12.00954615,1.71782877,-14.55650168,19.7126133,-5.52148707,-9.70210315,-37.54910995,-7.03358316,-11.00775879
51.475,0.52785858,-3.73905147,2.78963228,-11.87604069,1.72975411,-14.64992792,19.76160863,-5.48363616,-9.95496818,-35.88667092,-6.95981513,-11.10197798
51.48,0.28117173,-3.73600491,2.97535221,-11.74085127,1.72455259,-14.7348861,19.83259252,-5.45518269,-10.15560297,-34.20315443,-6.82359727,-11.22561738
51.485,0.01959837,-3.72116493,3.21232847,-11.61262593,1.79055247,-14.90831631,19.86368419,-5.44128861,-10.36575706,-32.47840533,-6.76214626,-11.35107046
51.49,-0.23555764,-3.6773595,3.40721028,-11.47559859,1.83226368,-15.07497043,19.9068389,-5.44412744,-10.51577362,-30.73750183,-6.64700186,-11.49869775
51.495,-0.48855021,-3.61541356,3.60538789,-11.34193725,1.91304197,-15.28400226,19.94249516,-5.45982118,-10.63983836,-28.97016758,-6.55623381,-11.64760413
51.5,-0.7366954,-3.53327529,3.7811617,-11.20367116,1.98767155,-15.4932647,19.98098446,-5.48965259,-10.72426592,-27.18288149,-6.44313435,-11.80767944
51.505,-0.97934703,-3.42639466,3.95218686,-11.07212786,2.10085575,-15.7274784,20.01628358,-5.53897901,-10.77321019,-25.3781304,-6.31991187,-11.98233414
51.51,-1.22591147,-3.30401694,4.11588259,-10.93143238,2.2106417,-15.96738199,20.04427788,-5.60225065,-10.79884209,-23.55232452,-6.21050952,-12.16173054
51.515,-1.46715196,-3.15407895,4.25812933,-10.79494102,2.34986125,-16.2102038,20.07464873,-5.68792623,-10.78201137,-21.71764396,-6.0890694,-12.34078553
51.52,-1.70852182,-2.98364748,4.39194874,-10.65719259,2.50474599,-16.45117027,20.10085461,-5.7934279,-10.73812324,-19.87302881,-5.97312038,-12.52366634
51.525,-1.96828294,-2.807182,4.52398918,-10.50518135,2.60417567,-16.72045687,20.09959916,-5.91083487,-10.69496626,-18.01151873,-5.897713,-12.7523147
51.53,-2.21459853,-2.59221867,4.64134448,-10.36749137,2.79718369,-16.96445222,20.11649818,-6.06069807,-10.59239268,-16.16917061,-5.7890496,-12.95273952
51.535,-2.46375468,-2.35663623,4.75644201,-10.23329861,3.0067436,-17.1994367,20.12677249,-6.23363776,-10.4633532,-14.33811451,-5.69793476,-13.15994906
51.54,-2.7139004,-2.0954602,4.85639458,-10.10285926,3.25200219,-17.41574761,20.13839685,-6.43699685,-10.31873342,-12.53536464,-5.61092495,-13.35394766
51.545,-2.95267209,-1.82238205,4.95867223,-9.98829445,3.56845738,-17.60844187,20.15943311,-6.65618636,-10.15445819,-10.76692339,-5.52643037,-13.47002773
51.55,-3.23099476,-1.50847292,5.05537883,-9.85196749,3.79683772,-17.79877328,20.15221708,-6.92431187,-9.96482793,-9.04361481,-5.48066242,-13.7412954
51.555,-3.48251897,-1.20522749,5.16133125,-9.74850361,4.15411185,-17.97487123,20.16739081,-7.18881501,-9.78236234,-7.37717046,-5.44022767,-13.84118669
51.56,-3.7664934,-0.85758937,5.24588874,-9.62730154,4.43479985,-18.10660321,20.16970153,-7.50366683,-9.56006331,-5.7812834,-5.41061042,-14.08824106
51.565,-4.04358907,-0.51977007,5.34129386,-9.52692991,4.77888391,-18.2290175,20.18164656,-7.81699819,-9.33415983,-4.25868538,-5.41525731,-14.2719773
51.57,-4.32329289,-0.18211218,5.43263142,-9.43826107,5.14413973,-18.3175352,20.19933482,-8.14102213,-9.1146927,-2.82201735,-5.4277052,-14.43056621
51.575,-4.60859596,0.15096849,5.52449391,-9.36106894,5.52567953,-18.37271588,20.22113828,-8.4697369,-8.89192361,-1.47768163,-5.45981437,-14.58366182
51.58,-4.89838303,0.47191287,5.61508346,-9.2977822,5.92171535,-18.39480635,20.24738149,-8.79621412,-8.67249443,-0.23216112,-5.5127276,-14.72817546
51.585,-5.18304779,0.75990594,5.72511605,-9.26242007,6.34544514,-18.44050204,20.27842076,-9.10056603,-8.48714134,0.91219493,-5.59454566,-14.78124306
51.59,-5.48887479,1.03437134,5.77091346,-9.22132378,6.79026646,-18.29426825,20.31382362,-9.39197793,-8.22010729,1.94683426,-5.7338712,-15.07743228
51.595,-5.78737161,1.29236668,5.87419378,-9.20633321,7.17785755,-18.24872918,20.35428624,-9.68719399,-8.05645305,2.86118373,-5.82015799,-15.12605107
51.6,-6.09056694,1.50798303,5.96645686,-9.21368053,7.59460029,-18.13649819,20.39413971,-9.9457899,-7.88184665,3.66398961,-5.95801755,-15.228921
51.605,-6.39487555,1.67485151,6.04889005,-9.24451869,8.0259846,-17.9683403,20.43550505,-10.16232845,-7.71096137,4.35135177,-6.13811677,-15.34891497
51.61,-6.69672397,1.79784777,6.12820147,-9.2972558,8.43791015,-17.79520319,20.48253097,-10.34083168,-7.57195385,4.91925465,-6.33895824,-15.43794034
51.615,-6.99786061,1.87053623,6.20411219,-9.37603269,8.84501492,-17.58228881,20.52964689,-10.47594202,-7.44589929,5.36883374,-6.57237566,-15.52777543
51.62,-7.29429634,1.89095031,6.27522953,-9.48281204,9.22595161,-17.34930732,20.57994481,-10.56153385,-7.34234787,5.70072425,-6.83019412,-15.60558677
51.625,-7.58592873,1.85515143,6.33324061,-9.6167183,9.5896058,-17.09556122,20.63387522,-10.59768485,-7.25176966,5.9109014,-7.11966409,-15.67495224
51.63,-7.860041,1.77620186,6.39055925,-9.79473601,9.9005024,-16.85114576,20.69224208,-10.59211975,-7.1876776,6.01127861,-7.43602955,-15.72001995
51.635,-8.14491638,1.62843227,6.41174659,-9.97496362,10.20413456,-16.55688783,20.75882119,-10.51467795,-7.11765197,5.98420393,-7.75625616,-15.78699615
51.64,-8.39671077,1.44867931,6.4584577,-10.2080592,10.41966226,-16.29863762,20.83789033,-10.41065365,-7.08725818,5.85272544,-8.12307937,-15.81576397
51.645,-8.63885122,1.21840641,6.48142231,-10.47109673,10.59533085,-16.03122139,20.92435338,-10.25341608,-7.05938214,5.61376108,-8.50417655,-15.84556863
51.65,-8.86677032,0.94357837,6.48678405,-10.77383621,10.72767549,-15.74498184,21.01747621,-10.04974472,-7.03671983,5.26920318,-8.89879598,-15.8812122
51.655,-9.07347809,0.63172445,6.48390183,-11.1151158,10.79390797,-15.46770638,21.12441249,-9.80625871,-7.02067008,4.82829772,-9.30544015,-15.90861274
51.66,-9.25843521,0.28250287,6.462146,-11.49983141,10.80394226,-15.18602657,21.24218169,-9.52115682,-7.00884559,4.29389587,-9.72762357,-15.93699297
51.665,-9.43764102,-0.10110758,6.40381977,-11.93297354,10.80954598,-14.83982511,21.35211686,-9.19906733,-6.99402344,3.67481923,-10.16404889,-16.00325941
51.67,-9.55883467,-0.50473978,6.36425448,-12.39997257,10.63159179,-14.61942409,21.51252019,-8.84551937,-6.97962841,2.9772227,-10.57718475,-15.9962751
51.675,-9.66082342,-0.94211148,6.29408275,-12.92198199,10.43196035,-14.34902941,21.66927349,-8.45660184,-6.97101913,2.21152702,-10.99600936,-16.02820625
51.68,-9.7482696,-1.39817571,6.1785853,-13.49948204,10.2190915,-14.01782732,21.82100415,-8.04356335,-6.95732405,1.38213162,-11.41715156,-16.10661264
51.685,-9.78565801,-1.85579588,6.08725867,-14.11865892,9.83177142,-13.78755411,22.00401142,-7.61512938,-6.91785083,0.50272129,-11.76782928,-16.11308022
51.69,-9.79379402,-2.3288588,5.95996655,-14.796057,9.40869507,-13.52437225,22.18794843,-7.16599836,-6.88418148,-0.42145639,-12.10317362,-16.15433316
51.695,-9.77020284,-2.80535261,5.8129647,-15.52882545,8.91408137,-13.2553324,22.37408469,-6.7044211,-6.83611815,-1.3786335,-12.39594798,-16.203213
51.7,-9.71091125,-3.28307216,5.64561275,-16.31834808,8.34113268,-12.98469279,22.56216527,-6.2321787,-6.776426,-2.36161776,-12.63781042,-16.25591991
51.705,-9.61564394,-3.75626253,5.45407184,-17.16403277,7.69636138,-12.70722094,22.74995384,-5.75484162,-6.70660598,-3.36144925,-12.82596236,-16.31782028
51.71,-9.48517205,-4.22011109,5.25622594,-18.07034637,6.96131206,-12.43738113,22.92692917,-5.27807117,-6.61533444,-4.3641296,-12.93752543,-16.36960993
51.715,-9.31555805,-4.68066064,5.03330753,-19.0338337,6.16193425,-12.16398368,23.10009203,-4.79531276,-6.51737178,-5.3687157,-12.98988214,-16.42804546
51.72,-9.10860082,-5.12819721,4.79605564,-20.0596595,5.28375491,-11.88804804,23.25543407,-4.31816563,-6.40258536,-6.35876474,-12.96445068,-16.48448168
51.725,-8.86457567,-5.56267123,4.53841431,-21.14375948,4.33976006,-11.60828993,23.39591969,-3.84744337,-6.27919136,-7.33567331,-12.86885558,-16.54294473
51.73,-8.58191716,-5.99001401,4.26644844,-22.27967588,3.32911332,-11.32926539,23.52335691,-3.37547867,-6.14336419,-8.29404211,-12.70000484,-16.59923416
51.735,-8.26133338,-6.40410145,3.98738418,-23.47767288,2.25556091,-11.04848732,23.6211287,-2.91368678,-5.98920007,-9.21598229,-12.45465606,-16.65278293
51.74,-7.90206818,-6.80616938,3.6925086,-24.73258738,1.12734719,-10.77099198,23.69384938,-2.46128491,-5.82904699,-10.10271795,-12.13849888,-16.70462593
51.745,-7.50647656,-7.19534469,3.39099007,-26.03891568,-0.04845852,-10.49699565,23.73980104,-2.01847012,-5.66202523,-10.95297963,-11.75539245,-16.75553883
51.75,-7.07031729,-7.58167092,3.07673829,-27.39612337,-1.26180528,-10.24051399,23.76238415,-1.58528999,-5.48696369,-11.76965163,-11.31285439,-16.79897569
51.755,-6.59820878,-7.95471973,2.76394961,-28.79918466,-2.507024,-9.99465306,23.75228192,-1.16281725,-5.30684731,-12.53354457,-10.81100335,-16.84290057
51.76,-6.0591753,-8.2828985,2.44852503,-30.24620252,-3.80117216,-9.79381173,23.75415996,-0.79017713,-5.12706213,-13.27906455,-10.23377655,-16.85426867
51.765,-5.54110723,-8.66987851,2.14370788,-31.72956437,-5.04955229,-9.56483324,23.6476871,-0.37050635,-4.94999892,-13.93164751,-9.65747378,-16.92329251
51.77,-4.97002218,-9.03365031,1.83731823,-33.24544114,-6.31450921,-9.38682121,23.53776548,0.02063868,-4.77332899,-14.55015519,-9.03519371,-16.97379675
51.775,-4.33675778,-9.34901627,1.55602147,-34.788691,-7.59136349,-9.27516851,23.43375088,0.35464326,-4.60508438,-15.14195769,-8.35343718,-16.99297999
51.78,-3.72174438,-9.72258853,1.27274524,-36.35231219,-8.78266338,-9.13640883,23.2374945,0.73660326,-4.44102647,-15.64524408,-7.70460404,-17.07326797
51.785,-3.06070969,-10.07743636,1.01322243,-37.93004777,-9.9505986,-9.06856432,23.03011142,1.09038912,-4.27727729,-16.10620037,-7.03432245,-17.13931033
51.79,-2.3623048,-10.41414401,0.76918284,-39.51409479,-11.07261862,-9.06627637,22.81120635,1.41481752,-4.13958312,-16.53167646,-6.35369275,-17.19722404
51.795,-1.64309483,-10.74666094,0.55364307,-41.09602498,-12.1233082,-9.10443234,22.55701714,1.72778677,-4.0044786,-16.89988364,-5.67996782,-17.26284423
51.8,-0.8975976,-11.05773549,0.3605583,-42.67053172,-13.09993571,-9.19679987,22.28415611,2.0076997,-3.89997135,-17.23120183,-5.01276027,-17.33357132
51.805,-0.1102469,-11.3395074,0.22292231,-44.22794496,-14.0098868,-9.37188528,22.00048511,2.25395696,-3.79921677,-17.51223636,-4.34946376,-17.38282052
51.81,0.63054848,-11.6705474,0.05662083,-45.75368334,-14.76498834,-9.52176683,21.63193739,2.54888539,-3.68189781,-17.71734905,-3.75586304,-17.48632159
51.815,1.4249562,-11.95923137,-0.06213787,-47.25272618,-15.46093483,-9.7949285,21.28018049,2.79321106,-3.61414939,-17.89751869,-3.18545236,-17.56484352
51.82,2.23799088,-12.21995357,-0.15544905,-48.7102862,-16.06068037,-10.12420587,20.917127,3.00375896,-3.57656143,-18.04697494,-2.64004395,-17.6382425
51.825,3.05157663,-12.45932901,-0.22276744,-50.11766885,-16.54224386,-10.48765327,20.52205024,3.19763822,-3.53583647,-18.14311497,-2.13386529,-17.71396611
51.83,3.87641522,-12.67050396,-0.26590501,-51.47159151,-16.92090299,-10.90266822,20.11400664,3.36219559,-3.52129604,-18.20612964,-1.67498797,-17.78328694
51.835,4.69669041,-12.86309136,-0.29157969,-52.75721835,-17.18269856,-11.35461032,19.67499901,3.51783711,-3.49620394,-18.21069019,-1.25093543,-17.85479198
51.84,5.52876831,-13.01864766,-0.30340311,-53.98163432,-17.35285994,-11.84996583,19.23853601,3.63421139,-3.52257156,-18.20676458,-0.8793209,-17.91790556
51.845,6.35453939,-13.15069911,-0.30173065,-55.12418816,-17.40825761,-12.37748838,18.77654637,3.7389312,-3.53659206,-18.14574195,-0.54365343,-17.9760325
51.85,7.17182724,-13.25353174,-0.2953129,-56.18534787,-17.35978548,-12.92315389,18.29951467,3.81900747,-3.55967348,-18.05756154,-0.25549892,-18.02725763
51.855,7.99638242,-13.31264306,-0.27242882,-57.16876892,-17.23355075,-13.48870659,17.82875639,3.86260948,-3.6265888,-17.95833031,-0.01236621,-18.06682146
51.86,8.80060563,-13.35556733,-0.26506015,-58.05267885,-16.9999972,-14.06629781,17.33451707,3.89973525,-3.6678819,-17.81001776,0.19331739,-18.09603579
51.865,9.58675338,-13.35901982,-0.26509778,-58.84435816,-16.67095186,-14.63645925,16.83310479,3.90782002,-3.71707255,-17.64868393,0.35984636,-18.12106503
51.87,10.37297379,-13.33310623,-0.25550026,-59.53899611,-16.28690963,-15.2110431,16.33300541,3.89384197,-3.78706556,-17.46218047,0.48868554,-18.1274495
51.875,11.15053117,-13.28044644,-0.25370304,-60.12803169,-15.84189531,-15.77896543,15.83119414,3.85895709,-3.86835322,-17.24686124,0.58935678,-18.11725942
51.88,11.84257924,-13.20024044,-0.31597915,-60.60047874,-15.29838349,-16.26835321,15.28139672,3.80456243,-3.91324722,-17.01555696,0.64694266,-18.12676082
51.885,12.63634688,-13.09318186,-0.30280214,-60.99174513,-14.77642412,-16.82550022,14.81507499,3.73203512,-4.02830506,-16.77092769,0.70293329,-18.06866382
51.89,13.30184066,-12.97958374,-0.39366198,-61.2567953,-14.16569128,-17.29393078,14.27444934,3.65606351,-4.07244817,-16.51136119,0.70574297,-18.04990452
51.895,13.97216741,-12.84177373,-0.48225191,-61.42079019,-13.53755911,-17.74706966,13.75489117,3.56203166,-4.12391404,-16.24329186,0.6930302,-18.01161712
51.9,14.63106022,-12.68284811,-0.57926749,-61.47802878,-12.90049928,-18.16574939,13.24661573,3.45148637,-4.18556617,-15.96528006,0.66602362,-17.95781891
51.905,15.27017001,-12.50927885,-0.69366944,-61.4261793,-12.26411352,-18.54190413,12.74502293,3.33049892,-4.24486809,-15.67458312,0.62702708,-17.89179825
51.91,15.90131384,-12.272443,-0.83176012,-61.26976867,-11.59146564,-18.79361377,12.27685629,3.14925148,-4.29202329,-15.40228039,0.62279427,-17.76282098
51.915,16.47619244,-12.07242492,-1.01173182,-61.00775818,-10.94704139,-19.05156539,11.78475033,3.00047104,-4.32637053,-15.11369483,0.58031527,-17.65176102
51.92,17.01273187,-11.85915789,-1.21890739,-60.64122698,-10.32382161,-19.26120702,11.29213086,2.83850752,-4.34596373,-14.82657185,0.52637645,-17.54557271
51.925,17.54362174,-11.67459148,-1.40072323,-60.19431169,-9.75870368,-19.50873996,10.80445234,2.71211303,-4.3870035,-14.52664484,0.43609861,-17.46291184
51.93,17.98049602,-11.40770086,-1.7142399,-59.60742811,-9.17583449,-19.5461221,10.31629563,2.48533375,-4.33754421,-14.25589714,0.40719345,-17.33289956
51.935,18.40129331,-11.18222528,-2.00135584,-58.9523061,-8.64615793,-19.62592236,9.82201538,2.30608658,-4.28908579,-13.97214112,0.3529104,-17.20069034
51.94,18.78738275,-10.96172336,-2.30444214,-58.19967614,-8.17529575,-19.68408575,9.33456799,2.12771162,-4.23859713,-13.69975291,0.2951554,-17.08066649
51.945,19.14197364,-10.73893095,-2.63966351,-57.36334387,-7.75131347,-19.72126536,8.85653699,1.93983417,-4.1844705,-13.43374862,0.23254522,-16.96367815
51.95,19.43581178,-10.52272455,-2.98267912,-56.44422365,-7.37607603,-19.73700216,8.35427133,1.76134038,-4.07732175,-13.17075159,0.20616524,-16.83738799
51.955,19.73325165,-10.29910746,-3.32893853,-55.44840137,-7.06029807,-19.74063495,7.88944226,1.57316546,-3.9775756,-12.91722242,0.14153648,-16.72424545
51.96,19.9809,-10.09187851,-3.69860566,-54.37731702,-6.7884933,-19.74341323,7.41697073,1.39415109,-3.85946607,-12.67573929,0.09754966,-16.6091972
51.965,20.20122787,-9.89137964,-4.06939267,-53.23727186,-6.5648609,-19.74537012,6.95145002,1.22015461,-3.73416219,-12.44471588,0.05708291,-16.49971213
51.97,20.39307147,-9.69784232,-4.44153018,-52.03161533,-6.38235702,-19.75165228,6.49277938,1.05150008,-3.5974519,-12.22604722,0.0205815,-16.39314401
51.975,20.54643945,-9.52016952,-4.81197628,-50.76481738,-6.23867405,-19.77679013,6.0283356,0.89638986,-3.45756667,-12.01951886,0.0030023,-16.29291353
51.98,20.70388524,-9.33775373,-5.17140355,-49.43956495,-6.12999357,-19.78694581,5.59982976,0.73808029,-3.30180224,-11.82563783,-0.02771754,-16.19800981
51.985,20.82862466,-9.172147,-5.51900785,-48.05897438,-6.04675473,-19.822544,5.16899468,0.59661754,-3.13827877,-11.64380651,-0.04269669,-16.10637391
51.99,20.94744756,-9.01806305,-5.85445572,-46.6302397,-5.97842276,-19.86722246,4.76156438,0.46449402,-2.99660665,-11.47884304,-0.06618316,-16.02145972
51.995,21.0361049,-8.86900959,-6.16558645,-45.150497,-5.93311707,-19.93109629,4.35156546,0.34300585,-2.81970777,-11.32412337,-0.05885399,-15.94324606
52,21.11795765,-8.73138576,-6.44800726,-43.62506241,-5.89444818,-20.00796481,3.95982908,0.23484498,-2.6538653,-11.18350192,-0.04847572,-15.87224107
52.005,21.19135547,-8.60420881,-6.69979255,-42.05659627,-5.85978447,-20.09859286,3.58438753,0.14118496,-2.48943218,-11.05719396,-0.02532286,-15.80950851
52.01,21.25865204,-8.48909045,-6.92120182,-40.4455198,-5.82407029,-20.20036164,3.22698783,0.06164697,-2.32806446,-10.9438671,0.00726129,-15.75351695
52.015,21.32170246,-8.38066935,-7.10959332,-38.79198891,-5.77621226,-20.31326366,2.89304477,-0.00891651,-2.17225569,-10.84885577,0.03826128,-15.70032887
52.02,21.37722674,-8.28693239,-7.25824152,-37.09943224,-5.72173231,-20.43787727,2.57225699,-0.06047653,-2.02003232,-10.76430929,0.09003267,-15.65717853
52.025,21.43148816,-8.20559152,-7.36706446,-35.36829466,-5.65303264,-20.56818664,2.27336386,-0.09754524,-1.87484532,-10.69369073,0.14972986,-15.61991258
52.03,21.47968269,-8.13863985,-7.43744589,-33.59887858,-5.57512138,-20.70381115,1.99099458,-0.11837521,-1.73097191,-10.63399462,0.22555815,-15.58890921
52.035,21.52516191,-8.08697875,-7.4623705,-31.79246229,-5.47794172,-20.843912,1.72886067,-0.12256021,-1.59880144,-10.58917235,0.30985412,-15.56345575
52.04,21.56577927,-8.05319989,-7.4466138,-29.95041476,-5.36994329,-20.98321366,1.48330686,-0.108806,-1.47007373,-10.55305549,0.40904093,-15.54338192
52.045,21.60348975,-8.03925902,-7.38858449,-28.07656832,-5.24835093,-21.11984753,1.2549312,-0.0764539,-1.34849835,-10.52591032,0.52035981,-15.5280331
52.05,21.63565692,-8.05143252,-7.28319754,-26.16908549,-5.1191294,-21.24543988,1.04154101,-0.01816827,-1.23236598,-10.50495692,0.64579462,-15.51737623
52.055,21.65770182,-8.08866767,-7.1435455,-24.23415118,-4.98296167,-21.3665982,0.8390088,0.05929071,-1.11894364,-10.49588577,0.78503166,-15.50909176
52.06,21.67641185,-8.15825778,-6.96666264,-22.2793766,-4.83971824,-21.47234909,0.64906037,0.16366573,-1.01449084,-10.48981189,0.93782611,-15.50542122
52.065,21.71443544,-8.25047758,-6.70717072,-20.31721851,-4.67550223,-21.52417249,0.48224923,0.29648272,-0.9520353,-10.49003336,1.09632982,-15.5257279
52.07,21.68819919,-8.39925596,-6.52414023,-18.32776543,-4.56977794,-21.61699957,0.29098839,0.44760737,-0.80162258,-10.48974456,1.28415693,-15.50049313
52.075,21.68079982,-8.57281082,-6.26391143,-16.3471007,-4.44249799,-21.64870838,0.11397327,0.62858176,-0.70814885,-10.48990603,1.48166203,-15.50342481
52.08,21.67218817,-8.77710141,-5.9714244,-14.38140429,-4.32727117,-21.63113244,-0.05696866,0.83207137,-0.62739473,-10.49540868,1.69298656,-15.51655428
52.085,21.64841401,-9.03465115,-5.69490569,-12.44467966,-4.23035583,-21.5911082,-0.23855573,1.06878482,-0.52457327,-10.49601841,1.92170555,-15.51435346
52.09,21.61357702,-9.332648,-5.426785,-10.54934142,-4.14668217,-21.51235886,-0.43007582,1.33012778,-0.41646537,-10.49500238,2.16504875,-15.50356188
52.095,21.57209721,-9.66648432,-5.1698645,-8.71061378,-4.07186956,-21.38694261,-0.63242025,1.61258049,-0.30463336,-10.49060892,2.42298929,-15.48381987
52.1,21.52745469,-10.0301907,-4.93282977,-6.9448569,-3.99680228,-21.21002609,-0.84713967,1.90969176,-0.18736309,-10.48144418,2.69186333,-15.45020071
52.105,21.48089766,-10.41911115,-4.71781776,-5.26281568,-3.92335361,-20.97185378,-1.07463943,2.21935649,-0.06796163,-10.47413653,2.97427237,-15.40311242
52.11,21.42235009,-10.83894008,-4.57286883,-3.68214678,-3.75249339,-20.63962603,-1.32617458,2.5343438,0.08629757,-10.45494602,3.25405474,-15.28712233
52.115,21.3627193,-11.22065452,-4.45413308,-2.1994878,-3.60287686,-20.14974073,-1.59294504,2.80910974,0.19878617,-10.44565306,3.58145323,-15.17996936
52.12,21.32462243,-11.62378997,-4.30902076,-0.8233068,-3.54580005,-19.79019852,-1.86137892,3.10640415,0.32401799,-10.43095974,3.87411282,-15.08476812
52.125,21.28077552,-12.00644872,-4.20715369,0.43867104,-3.47175912,-19.34388743,-2.14714465,3.37378401,0.44872699,-10.42115917,4.18227554,-14.95184953
52.13,21.2279565,-12.34845251,-4.15317734,1.58212288,-3.37068401,-18.80517253,-2.45412882,3.59318202,0.56519421,-10.41409295,4.50560519,-14.77601305
52.135,21.17791533,-12.65994701,-4.10612241,2.60759743,-3.31003625,-18.28045167,-2.76974752,3.782164,0.67691362,-10.41633453,4.81514359,-14.59032482
52.14,21.11168676,-12.88929875,-4.11120179,3.50959422,-3.21901794,-17.64563605,-3.10983671,3.88736582,0.75262065,-10.42796034,5.15238177,-14.35414652
52.145,21.07043529,-13.13685692,-4.07091576,4.2883819,-3.21987077,-17.17175112,-3.43847753,4.0139014,0.86932178,-10.44866312,5.41532321,-14.13253495
52.15,21.0132626,-13.30211116,-4.07818362,4.94588243,-3.21084067,-16.60511196,-3.78396138,4.05782373,0.95708871,-10.48720759,5.7011245,-13.85300772
52.155,20.95632405,-13.40293231,-4.08372176,5.47898745,-3.22369025,-16.05426175,-4.13506723,4.0435184,1.02025355,-10.54393864,5.96221927,-13.55796097
52.16,20.90190698,-13.44388731,-4.08404936,5.88999518,-3.25983465,-15.5322493,-4.487689,3.97718858,1.06375673,-10.62198851,6.19351735,-13.24865617
52.165,20.85195388,-13.43103937,-4.08030106,6.1819945,-3.33190213,-15.03445133,-4.83099935,3.85852302,1.09985572,-10.72699271,6.38540681,-12.91621666
52.17,20.80926047,-13.35850861,-4.06366498,6.35557773,-3.43511712,-14.57386532,-5.16834223,3.692428,1.11085776,-10.86201418,6.53514321,-12.5816672
52.175,20.76131235,-13.23213068,-4.02836699,6.41048431,-3.52658486,-14.14476599,-5.50716352,3.4807207,1.10030477,-11.03404054,6.66730835,-12.22028847
52.18,20.75509825,-13.05732736,-3.9732931,6.36242192,-3.72403313,-13.7812191,-5.80134411,3.23362531,1.09228995,-11.23100386,6.67408906,-11.91393987
52.185,20.72150939,-12.82410314,-3.91681212,6.20291986,-3.88852608,-13.41533185,-6.10061059,2.93171688,1.04449254,-11.49830008,6.70113883,-11.52487229
52.19,20.69504262,-12.55480061,-3.83781099,5.93341326,-4.07967843,-13.08707935,-6.39522663,2.60638453,0.96521244,-11.79784636,6.69017184,-11.1200344
52.195,20.71379305,-12.23424716,-3.72778049,5.57659668,-4.33206101,-12.82856564,-6.62698384,2.24418356,0.89608527,-12.14621188,6.53558634,-10.80497677
52.2,20.72608867,-11.87204829,-3.60472713,5.1259761,-4.59755187,-12.59612029,-6.84864784,1.85216488,0.78335161,-12.55522312,6.35232719,-10.43686411
52.205,20.74819162,-11.47553673,-3.4568699,4.59154514,-4.8830403,-12.40737666,-7.04233581,1.43642126,0.64354686,-13.02213499,6.10280685,-10.06997906
52.21,20.78512058,-11.05006537,-3.28461459,3.98069546,-5.18625128,-12.26454585,-7.20113664,1.00317866,0.48213485,-13.5489307,5.77039161,-9.71788682
52.215,20.83079423,-10.59259047,-3.08748809,3.3017403,-5.50421935,-12.16947422,-7.32356001,0.55110526,0.29139031,-14.14483099,5.36127247,-9.36591042
52.22,20.87108822,-10.11480349,-2.83647304,2.56442191,-5.84188942,-12.175829,-7.42698462,0.09112087,0.04587047,-14.806493,4.90073796,-8.92966612
52.225,20.94558018,-9.62130471,-2.61072188,1.77113984,-6.15967156,-12.14162533,-7.45655414,-0.37760316,-0.16521371,-15.54348779,4.30216166,-8.67125088
52.23,21.01685125,-9.10993904,-2.33651151,0.93511236,-6.48633944,-12.19724544,-7.45769029,-0.85140306,-0.42667802,-16.35117205,3.6422927,-8.36287965
52.235,21.08994628,-8.58965681,-2.03059269,0.06527884,-6.80541616,-12.31546603,-7.41653077,-1.32515979,-0.71299412,-17.23280337,2.88955387,-8.05652083
52.24,21.16205164,-8.07151185,-1.70912289,-0.83151147,-7.10161769,-12.47290917,-7.33190199,-1.7922994,-1.01354151,-18.18705993,2.0465131,-7.77725364
52.245,21.23075555,-7.54820128,-1.35722162,-1.74568619,-7.37795745,-12.68782727,-7.20180561,-2.25758426,-1.32901753,-19.21620507,1.11362005,-7.51632972
52.25,21.29356355,-7.0259036,-0.98135037,-2.66813094,-7.62456875,-12.9495963,-7.02573505,-2.71819305,-1.65456914,-20.31749245,0.08518029,-7.28153391
52.255,21.35086736,-6.50774641,-0.6068556,-3.61117375,-7.83049192,-13.2382807,-6.81346388,-3.17380404,-1.98516482,-21.4765411,-1.03273125,-7.07761479
52.26,21.3991766,-6.02059095,-0.16790665,-4.5343904,-8.02272804,-13.69899721,-6.53748043,-3.59452195,-2.32370471,-22.72376051,-2.23645306,-6.90347564
52.265,21.40431049,-5.50969391,0.17216137,-5.44851966,-8.10882701,-13.94434443,-6.24132803,-4.06360831,-2.66506669,-24.02627059,-3.51032106,-6.76444509
52.27,21.40759895,-5.02040549,0.62157127,-6.33444432,-8.18881708,-14.38348422,-5.8834782,-4.4966053,-2.99044303,-25.39597688,-4.87352595,-6.69706874
52.275,21.37392686,-4.54359371,0.96218318,-7.22012536,-8.17781572,-14.72846502,-5.50564978,-4.94745132,-3.33431013,-26.81597334,-6.28239741,-6.61509611
52.28,21.33915052,-4.09973413,1.40494083,-8.071219,-8.16124395,-15.27173411,-5.06227286,-5.35156533,-3.63085512,-28.29222343,-7.7632739,-6.66255327
52.285,21.25841148,-3.64920033,1.7761886,-8.88827694,-8.05745418,-15.69755276,-4.59493093,-5.79056229,-3.92499491,-29.81429358,-9.26196427,-6.70379156
52.29,21.14119631,-3.20534011,2.1342887,-9.66028833,-7.89523015,-16.08798632,-4.09307961,-6.23895104,-4.19488671,-31.37766965,-10.77486198,-6.77096322
52.295,21.01189359,-2.79723344,2.46668056,-10.41787853,-7.6920322,-16.55725166,-3.55394793,-6.66186306,-4.44914616,-32.9683416,-12.30736033,-6.92865083
52.3,20.83472687,-2.39197372,2.78249832,-11.11410872,-7.42670348,-16.95195716,-2.98625964,-7.10242083,-4.66064479,-34.59191343,-13.79664287,-7.06282373
52.305,20.6471733,-2.02929756,3.06677087,-11.79032851,-7.13049797,-17.42143304,-2.38297402,-7.50907565,-4.84781868,-36.22515909,-15.28124672,-7.30647572
52.31,20.40931056,-1.64370071,3.30413633,-12.4105311,-6.78186869,-17.75600013,-1.76941363,-7.96315523,-5.02626619,-37.87320497,-16.66041278,-7.45074528
52.315,20.16144345,-1.32552239,3.54484114,-12.97851621,-6.40562489,-18.20164761,-1.09583289,-8.34793779,-5.09934954,-39.52947646,-18.00655597,-7.80537985
52.32,19.87818097,-1.01554302,3.73678614,-13.50756948,-5.99649118,-18.57775865,-0.41644114,-8.74163681,-5.16922692,-41.17670627,-19.23594428,-8.08193873
52.325,19.56707168,-0.71878924,3.89041564,-13.99543633,-5.56412724,-18.91711966,0.27488339,-9.13142974,-5.22551515,-42.8062261,-20.36501574,-8.33876979
52.33,19.2352589,-0.46337564,4.01056064,-14.4245961,-5.115701,-19.2618528,1.0016469,-9.48161831,-5.20923744,-44.41840137,-21.37664373,-8.67622466
52.335,18.87693158,-0.24126136,4.10528827,-14.81675568,-4.65126246,-19.57718066,1.73602541,-9.80130122,-5.16642086,-45.99930039,-22.24588983,-8.97820846
52.34,18.50113726,-0.05525497,4.15692674,-15.15786294,-4.18397983,-19.87241495,2.49605138,-10.08429585,-5.07326971,-47.54519546,-22.98167831,-9.31524446
52.345,18.10275176,0.10225358,4.18201499,-15.44837102,-3.71620796,-20.13572949,3.2651869,-10.33402672,-4.95436016,-49.04555093,-23.57346389,-9.63292781
52.35,17.69383226,0.21246919,4.15603842,-15.70117307,-3.25938418,-20.36877625,4.05330228,-10.53422432,-4.79774258,-50.496932,-24.01622335,-9.95502891
52.355,17.26077109,0.30489931,4.12133472,-15.89179906,-2.80499432,-20.56948223,4.84531749,-10.70497787,-4.62518816,-51.88827446,-24.31526104,-10.25169434
52.36,16.82340165,0.35098959,4.03737134,-16.05269757,-2.37496122,-20.73165156,5.65196214,-10.82458329,-4.42820982,-53.21869025,-24.4678341,-10.53364576
52.365,16.36952597,0.36343788,3.93853158,-16.16481035,-1.96281433,-20.8632144,6.4555096,-10.89693855,-4.22611357,-54.47484476,-24.47538928,-10.78111466
52.37,15.90530984,0.34105117,3.82094188,-16.23529823,-1.57547183,-20.96575993,7.26017956,-10.92428622,-4.02216786,-55.6556801,-24.35002964,-10.99764522
52.375,15.44671769,0.289173,3.65749224,-16.27428507,-1.21224203,-21.01457571,8.0788631,-10.91165934,-3.80491162,-56.76005066,-24.11694723,-11.17288035
52.38,14.95805991,0.20721455,3.53057445,-16.25997033,-0.88403373,-21.075952,8.86350695,-10.85329902,-3.63088307,-57.76959916,-23.74295115,-11.34196966
52.385,14.49745765,0.10507058,3.32119535,-16.21849741,-0.56057861,-21.04217333,9.68813194,-10.76575233,-3.41307781,-58.70062042,-23.28283673,-11.42675351
52.39,14.01842953,-0.02669199,3.15178241,-16.14976858,-0.28912353,-21.02243275,10.4720497,-10.63546423,-3.25647175,-59.53280683,-22.70899109,-11.51511876
52.395,13.53984297,-0.1760343,2.95842734,-16.02856679,-0.02738425,-20.95644171,11.2570038,-10.47942252,-3.11012408,-60.26493127,-22.05045566,-11.54596152
52.4,13.04715221,-0.34736551,2.81924612,-15.88612471,0.15359413,-20.91397629,11.99657725,-10.29005032,-3.03206333,-60.89120765,-21.32035097,-11.62506416
52.405,12.57186681,-0.53411755,2.64406946,-15.7223606,0.32991399,-20.81879495,12.74354157,-10.07788218,-2.95473676,-61.42483923,-20.52422402,-11.61538595
52.41,12.11758443,-0.73125111,2.417314,-15.532385,0.53952292,-20.63994932,13.50160957,-9.85918013,-2.88731014,-61.85930437,-19.67888106,-11.45684403
52.415,11.65158864,-0.94018531,2.2538494,-15.32149124,0.67516166,-20.48381249,14.21214016,-9.62058108,-2.88682242,-62.18478209,-18.80748308,-11.3686899
52.42,11.19069481,-1.1561739,2.1028533,-15.08986697,0.78527049,-20.30946533,14.89988234,-9.37385085,-2.92763103,-62.40337523,-17.91299645,-11.24390107
52.425,10.73185977,-1.38009084,1.9709519,-14.83839296,0.86841811,-20.12650907,15.55766624,-9.12218935,-3.0195705,-62.51460112,-17.00856298,-11.10089163
52.43,10.27986503,-1.60483383,1.86193867,-14.57201905,0.92319788,-19.93633983,16.19096451,-8.87202346,-3.15171327,-62.52006217,-16.11896797,-10.95242222
52.435,9.83885051,-1.82767512,1.76780893,-14.30082046,0.98433291,-19.69704128,16.80679461,-8.62375859,-3.30259333,-62.43277786,-15.23854229,-10.72240287
52.44,9.39735932,-2.05200438,1.7012108,-14.01258494,1.01494173,-19.46716632,17.38526971,-8.38284364,-3.50861419,-62.23765118,-14.39006471,-10.51592346
52.445,8.96097499,-2.27624895,1.65759074,-13.71741585,1.02912973,-19.23960366,17.9305722,-8.15000754,-3.75814602,-61.94113535,-13.57968342,-10.30193565
52.45,8.52774887,-2.49789994,1.65199759,-13.41176025,1.02912699,-19.0127624,18.44429375,-7.92473207,-4.0411542,-61.54779823,-12.81224956,-10.08905738
52.455,8.09759371,-2.70929595,1.67240701,-13.10052708,1.01206097,-18.78409328,18.92873824,-7.71592117,-4.34937671,-61.06252823,-12.09755458,-9.88378056
52.46,7.67081663,-2.91694182,1.71460678,-12.7884223,0.99583673,-18.54829921,19.37506749,-7.52108686,-4.69295684,-60.48222839,-11.43533839,-9.65846274
52.465,7.24425559,-3.11845557,1.7819052,-12.46985903,0.97584177,-18.31688473,19.79013163,-7.34191221,-5.06443401,-59.82033897,-10.83356824,-9.43980426
52.47,6.81716517,-3.31093834,1.87501198,-12.15068005,0.95028146,-18.09120658,20.1681,-7.17723485,-5.45380705,-59.0706363,-10.29165036,-9.23258638
52.475,6.38654119,-3.49341314,1.99272675,-11.82756948,0.92016355,-17.87154361,20.51103588,-7.02702919,-5.85502686,-58.24150445,-9.81232455,-9.04072452
52.48,5.95948772,-3.67152017,2.12939319,-11.50590619,0.88818901,-17.67521724,20.82264989,-6.88864128,-6.27532508,-57.33477255,-9.38491209,-8.86788277
52.485,5.5296834,-3.83658838,2.28422831,-11.18309481,0.84907226,-17.48761871,21.10167913,-6.76632575,-6.69956482,-56.3553688,-9.01024389,-8.71598878
52.49,5.09643742,-3.99191698,2.45777641,-10.85885802,0.81230225,-17.31647511,21.34929487,-6.65580462,-7.12400711,-55.30723787,-8.6881448,-8.58231214
52.495,4.66115714,-4.13851704,2.64539559,-10.53538286,0.77729137,-17.16334101,21.56604984,-6.55535161,-7.54723803,-54.19345261,-8.41062359,-8.46842515
52.5,4.2247674,-4.27078172,2.83689157,-10.21282291,0.74017253,-17.02900854,21.75865038,-6.46786599,-7.95834272,-53.01827899,-8.17217679,-8.37931243
52.505,3.7862171,-4.39147162,3.03777285,-9.89036123,0.70526494,-16.91248639,21.92582124,-6.38882978,-8.35472857,-51.78511805,-7.96849376,-8.31112043
52.51,3.34719867,-4.50153966,3.24165757,-9.57105143,0.67624956,-16.81779846,22.06905116,-6.31776701,-8.73641767,-50.49627119,-7.79347102,-8.26249958
52.515,2.90849656,-4.59704885,3.44296207,-9.25405871,0.65065712,-16.74257833,22.19442654,-6.25556568,-9.09521362,-49.15680044,-7.6411616,-8.23546365
52.52,2.47185894,-4.68020072,3.640559,-8.93892806,0.62850389,-16.68503233,22.30149292,-6.19934129,-9.42698049,-47.76687092,-7.50583816,-8.22876859
52.525,2.0381059,-4.7495888,3.83091858,-8.62886228,0.61492919,-16.64754767,22.39429215,-6.14966698,-9.7317508,-46.33075564,-7.38300445,-8.24050548
52.53,1.60679858,-4.80533432,4.0134357,-8.32291068,0.60989671,-16.62817782,22.47273909,-6.10549092,-10.00670043,-44.84967344,-7.26857731,-8.2706224
52.535,1.18025455,-4.84705801,4.18481584,-8.02333005,0.61368252,-16.62541536,22.53925775,-6.06640598,-10.24849768,-43.3259979,-7.15810696,-8.31837935
52.54,0.76155876,-4.87308907,4.34129176,-7.73061099,0.62863588,-16.63750269,22.59788428,-6.03262504,-10.45353141,-41.76094181,-7.04718996,-8.3825865
52.545,0.38559336,-4.86539648,4.44782022,-7.44372487,0.61063027,-16.62288412,22.69741449,-6.01302764,-10.58765978,-40.17156301,-6.87752739,-8.47515226
52.55,-0.02952753,-4.87873014,4.60125146,-7.16793891,0.67347984,-16.67755875,22.71681721,-5.97957322,-10.74658564,-38.51911122,-6.76842767,-8.57318315
52.555,-0.45090877,-4.85507503,4.72269724,-6.90095964,0.74842538,-16.74143766,22.72189532,-5.96912524,-10.8529671,-36.83427759,-6.69296462,-8.66870918
52.56,-0.83801148,-4.81539329,4.81771138,-6.64345382,0.81717187,-16.79138468,22.74906683,-5.96021652,-10.90709816,-35.1192391,-6.5600992,-8.79007522
52.565,-1.21147034,-4.75774856,4.89361259,-6.3997922,0.90415378,-16.84559896,22.76989775,-5.96203737,-10.93052178,-33.36927179,-6.41787271,-8.92733357
52.57,-1.5767548,-4.6814814,4.95707001,-6.16784924,1.00871348,-16.89985586,22.78135106,-5.97321158,-10.91618083,-31.58551704,-6.26971622,-9.077005
52.575,-1.83689295,-4.5317924,4.97686894,-5.94988041,1.13727664,-16.94138154,22.90877194,-6.03747459,-10.81436643,-29.80640397,-6.09118921,-9.13384081
52.58,-2.26268606,-4.46559311,5.03842507,-5.74982574,1.27807795,-17.005888,22.78964902,-6.03923967,-10.79230901,-27.92807058,-5.9573705,-9.41061934
52.585,-2.55702386,-4.31589387,5.07463542,-5.575695,1.45777879,-17.06179947,22.81462025,-6.09890661,-10.65309409,-26.07116234,-5.73184925,-9.56781261
52.59,-2.88672142,-4.1508542,5.10363719,-5.40851348,1.6527918,-17.10195326,22.77778916,-6.17741791,-10.5136734,-24.17549568,-5.58607987,-9.76360168
52.595,-3.22139985,-3.97833861,5.08974026,-5.24534432,1.84698882,-17.11336674,22.7170139,-6.26338013,-10.36780667,-22.25221573,-5.4689602,-9.97030902
52.6,-3.49160583,-3.76475089,5.12367779,-5.1283326,2.09340435,-17.15366624,22.69457775,-6.38769748,-10.17164747,-20.33403219,-5.29242036,-10.13063041
52.605,-3.78503338,-3.52428233,5.13796557,-5.01731673,2.3464998,-17.16061898,22.63167541,-6.54114843,-9.96657031,-18.40297171,-5.16277574,-10.33093154
52.61,-4.10481039,-3.28134042,5.10466447,-4.90517447,2.60708781,-17.1137825,22.52985817,-6.69709769,-9.75058038,-16.46351272,-5.06754356,-10.59142837
52.615,-4.35715851,-2.99768452,5.15597337,-4.84942309,2.92294835,-17.12993295,22.46341829,-6.90343985,-9.52076471,-14.55121171,-4.95247569,-10.73706832
52.62,-4.62994411,-2.68265153,5.18414637,-4.80136809,3.23678136,-17.09853155,22.36757707,-7.14620285,-9.28285899,-12.66458513,-4.86056068,-10.93010684
52.625,-4.95808845,-2.38604623,5.13064085,-4.74980691,3.6041174,-16.93056801,22.21554487,-7.36113265,-8.99416876,-10.79752453,-4.84168258,-11.28027833
52.63,-5.19656363,-2.02340361,5.20480572,-4.75512084,3.9562415,-16.92073043,22.12705891,-7.67443003,-8.77699071,-9.01272662,-4.76257697,-11.38370443
52.635,-5.48869242,-1.65932165,5.22068374,-4.7559209,4.33071768,-16.75363673,21.99369457,-7.979912,-8.48450599,-7.28044406,-4.71463266,-11.65911414
52.64,-5.75206575,-1.27687489,5.26901559,-4.78921456,4.72509199,-16.6556499,21.8804556,-8.32288042,-8.26181152,-5.63351708,-4.67845213,-11.82591853
52.645,-6.01745548,-0.9027086,5.33210802,-4.85012687,5.13447753,-16.51014658,21.75913367,-8.66435232,-8.01702715,-4.06756463,-4.66426645,-12.00992002
52.65,-6.28034219,-0.53085643,5.40000711,-4.93157309,5.55416966,-16.36269867,21.64108272,-9.01298403,-7.80234101,-2.59571253,-4.6644277,-12.17312986
52.655,-6.540677,-0.17162831,5.48023787,-5.03839467,5.97599668,-16.21081844,21.52586564,-9.35809005,-7.60730431,-1.22749667,-4.68003146,-12.31684541
52.66,-6.78391113,0.16213371,5.6075661,-5.18531717,6.39842521,-16.11854678,21.4194834,-9.68674954,-7.44048019,0.03574253,-4.73562887,-12.38093934
52.665,-7.07091871,0.44619239,5.65775719,-5.33052714,6.89058666,-15.75387133,21.27965017,-9.96984909,-7.22885873,1.19778909,-4.80955578,-12.66146161
52.67,-7.30818909,0.73669011,5.78620268,-5.51684618,7.27222038,-15.68084801,21.19243905,-10.26349048,-7.10527106,2.22645224,-4.88133457,-12.67692095
52.675,-7.59233906,0.95039982,5.86036858,-5.71706952,7.74868786,-15.31340893,21.05091204,-10.4956499,-6.9682636,3.15335163,-4.98990279,-12.91366863
52.68,-7.83967327,1.16267063,5.98825002,-5.94525724,8.10366356,-15.1354562,20.95783624,-10.72475606,-6.85806422,3.94173126,-5.08036938,-12.98383842
52.685,-8.09413778,1.30817167,6.11167135,-6.20429536,8.48670039,-14.90015344,20.84920103,-10.89446629,-6.77329391,4.61771361,-5.22825747,-13.09093297
52.69,-8.3480551,1.39442935,6.22839125,-6.48947971,8.85712753,-14.64772078,20.74115908,-11.00623467,-6.70604644,5.17352888,-5.41027006,-13.19609083
52.695,-8.59845908,1.42254648,6.34109473,-6.80139543,9.20728851,-14.38824518,20.63657156,-11.06093736,-6.65308584,5.60793556,-5.62568837,-13.29457722
52.7,-8.83837556,1.40084506,6.44476443,-7.14817869,9.51832546,-14.13741852,20.54030853,-11.06595317,-6.62248258,5.9191479,-5.87066347,-13.38292357
52.705,-9.07373928,1.31532289,6.54133121,-7.5165959,9.79526209,-13.8855246,20.45442188,-11.0048902,-6.59175823,6.1083091,-6.14849427,-13.46375291
52.71,-9.29928034,1.17720752,6.62169135,-7.91414685,10.02971921,-13.63547235,20.37869379,-10.88801182,-6.57192503,6.18214449,-6.45651327,-13.54091989
52.715,-9.51040044,0.98739084,6.68453955,-8.34379233,10.21106862,-13.39247597,20.32010693,-10.71383132,-6.55065474,6.13927258,-6.78777138,-13.6113988
52.72,-9.70946045,0.74937873,6.72863408,-8.80320093,10.34326892,-13.14862516,20.27663093,-10.48984152,-6.53132297,5.98002349,-7.14561601,-13.68294412
52.725,-9.88566257,0.46600557,6.76361513,-9.29415721,10.41041805,-12.92138826,20.25638987,-10.21219058,-6.49598874,5.72148037,-7.5318614,-13.73674603
52.73,-10.07342702,0.14210137,6.74648083,-9.83945043,10.49055204,-12.6134776,20.21749388,-9.89455989,-6.46432955,5.3527745,-7.93502724,-13.85225842
52.735,-10.21750955,-0.22571832,6.72735436,-10.41052492,10.47010492,-12.35699737,20.22593987,-9.52342022,-6.41968406,4.89327535,-8.3686133,-13.93111083
52.74,-10.3165747,-0.62682156,6.69835979,-11.01860565,10.33377991,-12.15766224,20.279195,-9.1106202,-6.36182607,4.34187541,-8.80279714,-13.96737772
52.745,-10.43255839,-1.06784981,6.60782257,-11.67580318,10.2480128,-11.8309838,20.30959579,-8.65439666,-6.29213426,3.70540012,-9.28187526,-14.10603105
52.75,-10.48008167,-1.5222888,6.52679598,-12.37122436,9.98021277,-11.62667574,20.40704541,-8.17140099,-6.20004437,2.98929097,-9.70750776,-14.14078932
52.755,-10.51309013,-2.00850219,6.401581,-13.11618328,9.69939921,-11.361301,20.50816909,-7.65210511,-6.09830777,2.20601152,-10.14830881,-14.22801575
52.76,-10.51846095,-2.50912561,6.2439583,-13.91016615,9.35919553,-11.0764697,20.62672766,-7.10907547,-5.97223089,1.36214861,-10.56906795,-14.32412257
52.765,-10.49105758,-3.01973858,6.05474493,-14.75415061,8.95296887,-10.77661437,20.76481281,-6.54755696,-5.82546243,0.46180862,-10.96096673,-14.42519747
52.77,-10.42798881,-3.54128339,5.8429612,-15.65197674,8.47512637,-10.46906484,20.91819,-5.9669455,-5.66063614,-0.4789281,-11.30946147,-14.52339228
52.775,-10.33251333,-4.06811273,5.56194183,-16.6039568,7.99766744,-10.06145454,21.08983487,-5.37042993,-5.46490922,-1.46384512,-11.65660854,-14.69702284
52.78,-10.1968982,-4.58656381,5.32531568,-17.60961891,7.33862221,-9.77639478,21.2623307,-4.78045421,-5.27977036,-2.4658314,-11.86576328,-14.75036636
52.785,-10.0202118,-5.11338464,5.05018144,-18.6767292,6.64425047,-9.44289808,21.44199167,-4.17705056,-5.07738812,-3.48493074,-12.0291426,-14.82376882
52.79,-9.79662232,-5.62628685,4.71086798,-19.79839187,5.95027735,-8.97707867,21.64540403,-3.57537294,-4.8275963,-4.52686347,-12.16751942,-14.97145402
52.795,-9.55926848,-6.13735155,4.42182273,-20.97202601,5.09170569,-8.67053828,21.80862456,-2.98520836,-4.6393139,-5.56439546,-12.16106174,-15.00630245
52.8,-9.27669787,-6.6400956,4.09588597,-22.19833516,4.2079888,-8.29094601,21.98167299,-2.39550459,-4.42362654,-6.60598024,-12.09821271,-15.05795888
52.805,-8.95246326,-7.13350029,3.77005189,-23.48536886,3.26116556,-7.88995204,22.13806535,-1.81848068,-4.19452792,-7.62762814,-11.95143642,-15.10649936
52.81,-8.5890995,-7.61539457,3.43664312,-24.82855748,2.26071638,-7.48388235,22.27842393,-1.25594799,-3.97243465,-8.63135395,-11.72483271,-15.14660571
52.815,-8.18602429,-8.08872706,3.09709938,-26.22251477,1.21233324,-7.07397077,22.40370839,-0.70907557,-3.75914867,-9.61729679,-11.41981793,-15.17659958
52.82,-7.74105246,-8.54705061,2.75420152,-27.66643571,0.12347501,-6.66679645,22.51501272,-0.18370196,-3.562727,-10.58119335,-11.03815736,-15.19379623
52.825,-7.22893491,-8.97255997,2.43921849,-29.15867961,-0.99610458,-6.23480507,22.63224919,0.30366284,-3.34885095,-11.51930408,-10.5603702,-15.17866185
52.83,-6.7447334,-9.43089111,2.14774832,-30.68121421,-2.17491904,-5.89506148,22.64709576,0.80624941,-3.17630057,-12.39357257,-10.05868749,-15.19441687
52.835,-6.19901505,-9.86755294,1.85472251,-32.24146608,-3.36221598,-5.5490295,22.66873911,1.27677163,-3.01117941,-13.24447265,-9.48068521,-15.18059598
52.84,-5.62305003,-10.28470224,1.6052693,-33.83408143,-4.55792118,-5.22327018,22.64955276,1.71769579,-2.84755866,-14.04235736,-8.85563132,-15.17343579
52.845,-5.0073735,-10.69103143,1.36927014,-35.44990243,-5.74797782,-4.93905577,22.61178406,2.13540655,-2.70925032,-14.8006209,-8.18645465,-15.1530413
52.85,-4.35428655,-11.08462839,1.1560913,-37.08284629,-6.92207032,-4.70300719,22.55211302,2.52474586,-2.59837902,-15.51836941,-7.47984328,-15.12081687
52.855,-3.66696973,-11.46245065,0.97631421,-38.72544526,-8.07042973,-4.51874413,22.46770013,2.8817535,-2.51326885,-16.19486176,-6.74170451,-15.0806141
52.86,-2.96362307,-11.8266762,0.8363278,-40.37026794,-9.17483792,-4.37754457,22.33432705,3.21973707,-2.42905584,-16.80435272,-6.00185549,-15.06017189
52.865,-2.23921631,-12.17893246,0.72483683,-42.0069773,-10.22801194,-4.28905598,22.16692255,3.53541901,-2.36074014,-17.36015459,-5.25856284,-15.05083523
52.87,-1.50278771,-12.51467979,0.65058987,-43.62904431,-11.21111504,-4.24981979,21.95412256,3.83427935,-2.28444072,-17.8496011,-4.53041287,-15.05775206
52.875,-0.72259764,-12.82969294,0.59801279,-45.23165532,-12.1323425,-4.30659674,21.74477565,4.09100466,-2.27695252,-18.31630574,-3.79364704,-15.0339886
52.88,0.06029868,-13.12010991,0.57959203,-46.80473776,-12.95788508,-4.40586393,21.48630517,4.32769702,-2.25513593,-18.71228458,-3.09334199,-15.03170063
52.885,0.85035944,-13.39501606,0.58320311,-48.33619914,-13.69889961,-4.56351056,21.19117509,4.54919669,-2.23675259,-19.04797249,-2.41938287,-15.04661579
52.89,1.65553398,-13.63692602,0.61356372,-49.82495023,-14.34036217,-4.78895472,20.87446057,4.73438245,-2.24782773,-19.33901145,-1.78053075,-15.05879206
52.895,2.46813397,-13.84981714,0.66844327,-51.26147923,-14.88074633,-5.07193343,20.52872235,4.89423271,-2.26551059,-19.57518849,-1.18129422,-15.07286436
52.9,3.27785776,-14.03847057,0.73224548,-52.63563529,-15.31765478,-5.40599672,20.1493264,5.03675708,-2.28270414,-19.75215088,-0.62389343,-15.10201512
52.905,4.09013094,-14.19436617,0.81023461,-53.94538772,-15.65024325,-5.7944912,19.74749696,5.15167202,-2.3146007,-19.8849825,-0.11446491,-15.13182825
52.91,4.91008408,-14.32035615,0.90272918,-55.18378978,-15.88859995,-6.24457333,19.32802222,5.24039768,-2.35962088,-19.96787207,0.33865535,-15.14530677
52.915,5.71675608,-14.416129,0.98957173,-56.34451579,-16.0172004,-6.72419384,18.88076009,5.30961129,-2.40096601,-20.00360552,0.74347246,-15.16951638
52.92,6.50932814,-14.48376281,1.07241343,-57.41653558,-16.03420474,-7.24398291,18.40172899,5.36357358,-2.42437686,-19.97487898,1.10440026,-15.20015419
52.925,7.31161348,-14.51862974,1.15744716,-58.41264813,-15.99419917,-7.80674648,17.93102082,5.38371597,-2.49866623,-19.93980274,1.40038201,-15.20384138
52.93,8.0985746,-14.52128893,1.23545078,-59.31086835,-15.85633912,-8.39369401,17.43494861,5.38546107,-2.55757462,-19.84444554,1.65839343,-15.20232756
52.935,8.85267076,-14.50843208,1.26776322,-60.11062749,-15.60044505,-8.98554634,16.91395071,5.38171827,-2.57984842,-19.7069517,1.86274351,-15.20841792
52.94,9.60121929,-14.4631663,1.29882375,-60.81766026,-15.28881966,-9.59652871,16.39054993,5.351431,-2.6253924,-19.54663508,2.02094998,-15.19800161
52.945,10.35054107,-14.38347244,1.33346262,-61.41941044,-14.95747341,-10.23916352,15.86457233,5.29251219,-2.70220194,-19.34143028,2.14955709,-15.1518482
52.95,11.02384328,-14.30536876,1.27782302,-61.9132052,-14.44357102,-10.7607506,15.29898965,5.23950772,-2.70729647,-19.11095093,2.21233836,-15.14952099
52.955,11.75330587,-14.17846103,1.27134505,-62.31451016,-14.04985334,-11.47523814,14.77856377,5.14773585,-2.77836142,-18.85791185,2.27783693,-15.0478464
52.96,12.39955633,-14.07055498,1.17272589,-62.60340142,-13.46330016,-11.99127517,14.2144581,5.0714821,-2.78872269,-18.57537123,2.26950956,-15.00904496
52.965,13.05677544,-13.90323694,1.07172565,-62.78471735,-12.96380103,-12.63613996,13.67785002,4.94449483,-2.81593199,-18.28106797,2.28217935,-14.87976846
52.97,13.6728656,-13.77084446,0.9401148,-62.87076409,-12.35070989,-13.13062582,13.1204798,4.84847861,-2.83602881,-17.95987744,2.21685886,-14.80314713
52.975,14.26994777,-13.61629024,0.77585779,-62.85143492,-11.74276692,-13.62913164,12.57209797,4.73157135,-2.8459492,-17.62484352,2.14027758,-14.6982951
52.98,14.81611921,-13.38797851,0.54147607,-62.70890068,-11.1974051,-14.15005029,12.02711358,4.54381962,-2.80641736,-17.29386959,2.11267778,-14.49323048
52.985,15.37005035,-13.23682538,0.34200405,-62.48979906,-10.59873178,-14.58280453,11.48510517,4.42682766,-2.83528224,-16.93014528,1.99354222,-14.36351621
52.99,15.83551506,-13.00170927,0.01488844,-62.14069996,-10.04675716,-14.9821597,10.93523521,4.21858272,-2.76878343,-16.58244086,1.9386041,-14.13249984
52.995,16.2947743,-12.80229174,-0.28970677,-61.71256648,-9.50473187,-15.34222561,10.38778188,4.044901,-2.7300286,-16.21570168,1.8425237,-13.91747688
53,16.72014511,-12.59009615,-0.61734173,-61.18944713,-8.99083311,-15.65232915,9.84208607,3.85774332,-2.66762345,-15.84404521,1.74833196,-13.68999019
53.005,17.11892818,-12.38261938,-0.96956785,-60.57784776,-8.5060678,-15.92530885,9.30399092,3.66916297,-2.60897539,-15.47024845,1.64324753,-13.45708378
53.01,17.48552337,-12.17373312,-1.34377269,-59.87637245,-8.06051381,-16.15656397,8.77109043,3.47416215,-2.53730248,-15.09647802,1.53817052,-13.21377099
53.015,17.81886421,-11.96585612,-1.73450942,-59.09525461,-7.65323885,-16.3601309,8.23733758,3.27525357,-2.45992584,-14.72088433,1.44047364,-12.95698767
53.02,18.1322615,-11.75715727,-2.1361024,-58.23493211,-7.29052669,-16.52261948,7.71618423,3.07335041,-2.37336373,-14.34496687,1.33553519,-12.69834891
53.025,18.41403314,-11.55054235,-2.54547858,-57.2997631,-6.9684046,-16.66197765,7.19656992,2.87097796,-2.27973407,-13.97102495,1.23931455,-12.43125849
53.03,18.66741266,-11.34482613,-2.95972195,-56.29292257,-6.6882989,-16.77831293,6.68013227,2.66671582,-2.18258347,-13.5989118,1.15219539,-12.15984146
53.035,18.89934379,-11.14234511,-3.37166465,-55.21836656,-6.44812646,-16.87235962,6.1719534,2.46449869,-2.08234332,-13.23054743,1.06819003,-11.88800833
53.04,19.10794228,-10.9435438,-3.77615477,-54.08055428,-6.24454962,-16.95166615,5.66821448,2.26696155,-1.97961273,-12.86417559,0.99453403,-11.6168151
53.045,19.30085766,-10.74563449,-4.17050169,-52.88244577,-6.07217406,-17.01565301,5.17574051,2.07037702,-1.87862206,-12.50189084,0.92059804,-11.3484834
53.05,19.47605174,-10.55213349,-4.54913278,-51.62840314,-5.93116218,-17.0688964,4.68951393,1.88089226,-1.77465915,-12.14200494,0.86077507,-11.08637866
53.055,19.6398586,-10.36269805,-4.90816621,-50.32078758,-5.81372198,-17.11304691,4.21515857,1.69827908,-1.67430733,-11.78670463,0.80496742,-10.83253415
53.06,19.79435051,-10.18238811,-5.25377836,-48.9618675,-5.71471715,-17.15008358,3.75651321,1.52432326,-1.59027774,-11.44015235,0.74852717,-10.59019432
53.065,19.93913652,-10.00171153,-5.55796315,-47.5554218,-5.62973504,-17.18682161,3.30417988,1.36049235,-1.49682383,-11.09249651,0.7079943,-10.35763453
53.07,20.06740471,-9.81985409,-5.82922217,-46.10225361,-5.5567128,-17.22747494,2.85514623,1.20297233,-1.39707442,-10.74953735,0.6902256,-10.13255995
53.075,20.20726086,-9.65454457,-6.08116375,-44.60505191,-5.48581804,-17.25653709,2.43884262,1.0608431,-1.33060393,-10.41619586,0.65171241,-9.93217697
53.08,20.33797128,-9.49088875,-6.29141417,-43.06504772,-5.41517057,-17.29275893,2.03040657,0.92995513,-1.25640959,-10.08665194,0.63160783,-9.74388185
53.085,20.45336238,-9.32978558,-6.4635894,-41.4809462,-5.34853386,-17.33590662,1.62591879,0.80884387,-1.17006249,-9.76239393,0.64129598,-9.56698311
53.09,20.5695197,-9.17847403,-6.58581829,-39.85832466,-5.27216888,-17.38495916,1.23789953,0.70708408,-1.09934118,-9.4475213,0.65568823,-9.41038049
53.095,20.7541441,-9.05971417,-6.60195245,-38.22032075,-5.13947521,-17.42475774,0.90701712,0.6615934,-1.11186371,-9.13052978,0.60444974,-9.30978467
53.1,20.80796505,-8.9093546,-6.7527933,-36.49046461,-5.09413927,-17.48273038,0.53205447,0.54164992,-0.9808155,-8.84316736,0.69230334,-9.16284636
53.105,20.91857867,-8.79532514,-6.76388631,-34.75082682,-4.98501528,-17.54742597,0.19485835,0.49115106,-0.9373496,-8.55231862,0.71532571,-9.05873862
53.11,21.07311986,-8.71185447,-6.66762341,-32.99479659,-4.82574468,-17.60382483,-0.10193512,0.49476111,-0.93401481,-8.26717102,0.73781535,-9.00912092
53.115,21.12231526,-8.60632631,-6.691411,-31.15558652,-4.75174237,-17.68887242,-0.42840699,0.43489954,-0.82780173,-8.00219136,0.82942767,-8.91947183
53.12,21.25147772,-8.55782787,-6.53483231,-29.32625847,-4.57782213,-17.75539564,-0.70283767,0.47445404,-0.81847349,-7.74164058,0.88153806,-8.89386394
53.125,21.33752496,-8.50742111,-6.40597289,-27.44517079,-4.43110451,-17.83790282,-0.97669854,0.49562578,-0.77212762,-7.49568036,0.95665401,-8.86576908
53.13,21.39621129,-8.48343506,-6.2644456,-25.53171252,-4.30218906,-17.93493843,-1.25035042,0.53651733,-0.70854847,-7.26355845,1.06140717,-8.84744787
53.135,21.44330791,-8.49312844,-6.09547807,-23.59633672,-4.18001813,-18.03388706,-1.51716929,0.60842909,-0.63930631,-7.04000808,1.18154558,-8.8418965
53.14,21.47728227,-8.53466884,-5.90001287,-21.64366776,-4.06065603,-18.13470291,-1.77467497,0.70916552,-0.56859942,-6.8350573,1.31342086,-8.84961407
53.145,21.49443964,-8.60892663,-5.69482614,-19.67989509,-3.95885417,-18.24051821,-2.02989662,0.83419899,-0.48619893,-6.63776868,1.46145532,-8.8668235
53.15,21.47506497,-8.72344756,-5.51262231,-17.70631636,-3.89857052,-18.38531442,-2.2985876,0.9838008,-0.37649739,-6.44832868,1.6185965,-8.88918033
53.155,21.48474424,-8.85723056,-5.2533764,-15.75594809,-3.79769807,-18.43939722,-2.53150471,1.1620615,-0.30175967,-6.28843451,1.79840981,-8.92729041
53.16,21.46404096,-9.04382076,-5.02481327,-13.82451854,-3.73025311,-18.51680518,-2.77784094,1.37459055,-0.19204783,-6.13573452,1.99479377,-8.96121423
53.165,21.42515403,-9.26073531,-4.81023028,-11.92796714,-3.68298979,-18.58995202,-3.02972102,1.60594018,-0.07048542,-5.99930012,2.2042451,-8.99851756
53.17,21.34455941,-9.51198666,-4.64139286,-10.07272422,-3.6604836,-18.71681109,-3.30899958,1.85142275,0.09003164,-5.86594876,2.40413139,-9.03565088
53.175,21.30121711,-9.77264744,-4.42486633,-8.29673047,-3.64033536,-18.7079369,-3.55810873,2.11513925,0.21033859,-5.76811263,2.66665781,-9.08039193
53.18,21.21021643,-10.08276945,-4.28605434,-6.5926712,-3.60897535,-18.77433729,-3.84265077,2.3993053,0.39426925,-5.6746484,2.90138076,-9.10056779
53.185,21.12988503,-10.39055386,-4.1444522,-4.97957327,-3.59782164,-18.7687003,-4.12069348,2.6809587,0.56719538,-5.60724082,3.17479614,-9.12624114
53.19,21.0678076,-10.69390217,-3.99947895,-3.46662658,-3.60760049,-18.70502218,-4.38618551,2.9603638,0.72344275,-5.56822955,3.48219785,-9.1520361
53.195,20.94084389,-11.00321022,-3.94833801,-2.04600746,-3.58488174,-18.68475449,-4.70155995,3.21320975,0.95709541,-5.53282904,3.75811925,-9.13656851
53.2,20.88848994,-11.29872179,-3.84399598,-0.75406979,-3.60688836,-18.58922535,-4.96795578,3.47786698,1.11136008,-5.53655576,4.09150933,-9.14965505
53.205,20.76983655,-11.58761553,-3.84503404,0.43620285,-3.57041278,-18.54243366,-5.27826537,3.69991325,1.34861944,-5.55219798,4.38805688,-9.08476061
53.21,20.6722568,-11.83684288,-3.83066279,1.50505728,-3.58267919,-18.44471293,-5.57670616,3.89339418,1.55772065,-5.59985696,4.71992562,-9.03634257
53.215,20.57238509,-12.05342177,-3.83711071,2.45460018,-3.60256545,-18.34338994,-5.87553117,4.0508077,1.76849448,-5.67253928,5.05269597,-8.96590516
53.22,20.5174857,-12.22593493,-3.7826534,3.27229153,-3.67711915,-18.21492366,-6.14336941,4.18538291,1.92928105,-5.78267265,5.39361464,-8.94108485
53.225,20.3490572,-12.34204664,-3.91292192,3.99649671,-3.69889912,-18.10930672,-6.48200579,4.21354101,2.17232424,-5.90218147,5.73009757,-8.75050259
53.23,20.27077513,-12.45581681,-3.93034202,4.57390911,-3.751075,-18.03057714,-6.75791706,4.27008521,2.37288711,-6.06123833,6.03887417,-8.63243848
53.235,20.17543986,-12.49973025,-3.97868951,5.03984811,-3.84737109,-17.94064112,-7.03672014,4.25314309,2.56431915,-6.25366141,6.35530766,-8.48149508
53.24,20.08818652,-12.49590844,-4.0220035,5.38520023,-3.96320978,-17.85795315,-7.3049651,4.19131483,2.73666851,-6.4765374,6.64941157,-8.3143047
53.245,20.01917669,-12.45315608,-4.05372985,5.61879469,-4.11038897,-17.78076626,-7.55019352,4.10097434,2.86179923,-6.73762007,6.92514252,-8.16989367
53.25,19.93993864,-12.34186082,-4.0992223,5.72940357,-4.27329711,-17.7266085,-7.80031252,3.93259363,3.01738639,-7.02229009,7.15560118,-7.93014716
53.255,19.88223485,-12.19768581,-4.12156844,5.73574409,-4.46855832,-17.67558218,-8.0242331,3.74347944,3.12607789,-7.34682998,7.36162176,-7.71425297
53.26,19.84303158,-12.01362769,-4.1228099,5.64235899,-4.69457249,-17.63417805,-8.22120643,3.51855994,3.21484011,-7.70681145,7.5212526,-7.50229898
53.265,19.80968197,-11.78982956,-4.12403437,5.44150423,-4.94452473,-17.61713099,-8.40451985,3.25656352,3.27550451,-8.11119109,7.63994983,-7.24381763
53.27,19.79676812,-11.53034368,-4.0996215,5.14666795,-5.22582873,-17.60636924,-8.56207738,2.9657487,3.31199939,-8.55149643,7.71101796,-6.98632769
53.275,19.78668749,-11.24283748,-4.04759265,4.76410524,-5.5439716,-17.62178597,-8.70835091,2.65258447,3.30770807,-9.03417052,7.75663131,-6.67620064
53.28,19.82093795,-10.91335606,-3.98557962,4.29832942,-5.87104779,-17.62272047,-8.79902956,2.30455831,3.2987811,-9.55990702,7.69702894,-6.43821609
53.285,19.85825668,-10.55964331,-3.90140047,3.75994429,-6.23428666,-17.65463345,-8.87323709,1.93628805,3.24383773,-10.13171538,7.60163403,-6.1448724
53.29,19.91070823,-10.18135538,-3.78742709,3.1547593,-6.61565346,-17.70330953,-8.91808036,1.55119344,3.15279599,-10.75256354,7.44637111,-5.83714085
53.295,19.97957444,-9.78090641,-3.64652767,2.48940947,-7.00830805,-17.76567241,-8.932038,1.15232153,3.02431365,-11.42106686,7.21777137,-5.52197338
53.3,20.06106923,-9.36189788,-3.47982458,1.77552028,-7.40629718,-17.8423106,-8.91206542,0.74032152,2.8607967,-12.1409842,6.91571372,-5.20033651
53.305,20.15466676,-8.93033385,-3.28686481,1.0131876,-7.79982177,-17.93444845,-8.86240504,0.32253532,2.66643424,-12.90881251,6.54146292,-4.87235598
53.31,20.25594156,-8.4849573,-3.0664141,0.21858833,-8.18639264,-18.04932936,-8.77754571,-0.10248424,2.43215872,-13.7338088,6.09167794,-4.53205267
53.315,20.36124587,-8.03163827,-2.82487113,-0.60568884,-8.54749334,-18.17053667,-8.66203106,-0.53003688,2.16993101,-14.61130266,5.5560027,-4.19568028
53.32,20.47100096,-7.57600222,-2.54552699,-1.45073707,-8.88844874,-18.35062134,-8.50930941,-0.95514338,1.8689657,-15.54852904,4.94694873,-3.82232892
53.325,20.56745281,-7.10874905,-2.28312878,-2.30805827,-9.17471712,-18.46015505,-8.33450106,-1.38933381,1.55500334,-16.53751358,4.23893537,-3.51633649
53.33,20.66449684,-6.6381817,-1.97934761,-3.17176237,-9.43173029,-18.63018405,-8.11949241,-1.82344689,1.20305377,-17.58833067,3.47185714,-3.1738522
53.335,20.75172742,-6.17518755,-1.64493344,-4.0361833,-9.63013567,-18.84384699,-7.87067309,-2.24879784,0.84818418,-18.69690445,2.61847728,-2.81772134
53.34,20.81771544,-5.70316966,-1.35990955,-4.91005682,-9.77410359,-18.99200191,-7.60919469,-2.68795103,0.45616189,-19.85103786,1.67933547,-2.52272865
53.345,20.86929332,-5.23762619,-1.03567699,-5.7639737,-9.85902114,-19.18528516,-7.30636094,-3.1204468,0.04991097,-21.07103385,0.67806835,-2.21607547
53.35,20.89540203,-4.78134433,-0.71343764,-6.60316067,-9.87722633,-19.38927338,-6.97526027,-3.55090865,-0.35682254,-22.34693839,-0.38846222,-1.92748115
53.355,20.89844596,-4.32749323,-0.39550792,-7.42799484,-9.83347895,-19.59591846,-6.61730885,-3.98501736,-0.76734346,-23.67438506,-1.51227138,-1.66307718
53.36,20.87576899,-3.8816548,-0.07819739,-8.22582655,-9.72328066,-19.81618519,-6.22741434,-4.4191907,-1.18009619,-25.05572144,-2.68953465,-1.42213776
53.365,20.83780074,-3.44333264,0.26930984,-8.99740574,-9.55706276,-20.07322702,-5.79741968,-4.84642314,-1.57751267,-26.48897443,-3.89176696,-1.21651232
53.37,20.76228783,-3.01949399,0.56460015,-9.7496434,-9.32561818,-20.30923677,-5.3521076,-5.27841109,-1.96759118,-27.96234473,-5.13384913,-1.0459208
53.375,20.6445115,-2.60474175,0.81188853,-10.4734366,-9.03866784,-20.51019328,-4.89363301,-5.72169411,-2.34935741,-29.4716422,-6.4007922,-0.89830427
53.38,20.50548387,-2.20121185,1.07047026,-11.16178795,-8.69590363,-20.72916545,-4.39967912,-6.15866056,-2.70263433,-31.02018138,-7.65841809,-0.80185351
53.385,20.33682422,-1.81566798,1.30695044,-11.81617911,-8.3057574,-20.95282099,-3.87965027,-6.59100007,-3.02681916,-32.59933285,-8.90229135,-0.74101037
53.39,20.14354171,-1.44526778,1.5280211,-12.43488471,-7.87919582,-21.17369856,-3.3312039,-7.01836839,-3.31943751,-34.20294187,-10.1160255,-0.730622
53.395,19.92989829,-1.10010946,1.73345006,-13.01383614,-7.40875439,-21.39839281,-2.74689766,-7.42917476,-3.56217485,-35.82780471,-11.28327324,-0.78637261
53.4,19.67508039,-0.76487199,1.88546118,-13.55909865,-6.92361586,-21.60432064,-2.16030177,-7.84857878,-3.79251971,-37.45636771,-12.40294026,-0.82241211
53.405,19.40099325,-0.45472656,2.02206231,-14.06006912,-6.41281384,-21.80284607,-1.54029976,-8.2481955,-3.96624671,-39.09266349,-13.43968152,-0.92463748
53.41,19.10383712,-0.1682781,2.12799568,-14.52104243,-5.88415085,-21.99364364,-0.89770063,-8.63133028,-4.0971526,-40.72429109,-14.39690826,-1.05590882
53.415,18.80188076,0.0760747,2.18819526,-14.94226513,-5.3303031,-22.15752276,-0.20980459,-8.97794473,-4.1538509,-42.35048358,-15.24900682,-1.27391629
53.42,18.45060436,0.31842468,2.24990312,-15.31702168,-4.80656567,-22.32505516,0.45635474,-9.3237731,-4.21758812,-43.94454537,-16.00992088,-1.40590869
53.425,18.09311999,0.52379166,2.26385306,-15.64988775,-4.26833162,-22.47558966,1.16231817,-9.63558721,-4.21286834,-45.51748748,-16.65427352,-1.61175984
53.43,17.71921008,0.69555627,2.25169525,-15.93822538,-3.74360404,-22.60435965,1.88507441,-9.91141208,-4.16839345,-47.05586357,-17.18058419,-1.82524032
53.435,17.34541465,0.81502651,2.18125323,-16.19207006,-3.22096404,-22.69326249,2.64149337,-10.13159883,-4.06105136,-48.55309617,-17.57709703,-2.05971926
53.44,16.92858577,0.94178297,2.15239176,-16.38421593,-2.73557006,-22.80357481,3.37461182,-10.34526209,-3.97077413,-49.99062683,-17.87202563,-2.26233223
53.445,16.52287772,1.00994471,2.04758478,-16.55442949,-2.2692185,-22.8734285,4.14342983,-10.4991249,-3.82240303,-51.3763321,-18.03873085,-2.48223238
53.45,16.09482632,1.05819465,1.95785677,-16.66373881,-1.827199,-22.93129331,4.91252831,-10.61679368,-3.65983454,-52.69394821,-18.08740056,-2.69694118
53.455,15.67035118,1.06425746,1.82519654,-16.7492601,-1.42138803,-22.95772948,5.6937815,-10.68444621,-3.48140498,-53.94408294,-18.03359847,-2.89378511
53.46,15.23209494,1.04656322,1.69598669,-16.78398244,-1.04423732,-22.9726032,6.47378388,-10.7122433,-3.29545699,-55.11387436,-17.86512066,-3.08846549
53.465,14.79103248,0.99563554,1.55684708,-16.78679719,-0.70801786,-22.96524986,7.25332153,-10.696645,-3.11174369,-56.19922854,-17.61623289,-3.25990277
53.47,14.35972221,0.91996923,1.38661122,-16.75562297,-0.38650531,-22.91482973,8.04973563,-10.64548301,-2.91454201,-57.20201788,-17.29909693,-3.40709206
53.475,13.89249673,0.82100206,1.27082571,-16.66894724,-0.13531934,-22.89909034,8.7975342,-10.55136697,-2.76721733,-58.09772318,-16.85463559,-3.58060111
53.48,13.47730967,0.69943626,1.06595201,-16.58029666,0.14210623,-22.78581826,9.60567305,-10.4327514,-2.57338243,-58.92042975,-16.39782686,-3.68111452
53.485,13.03770641,0.55631997,0.90975875,-16.4487541,0.36216405,-22.68779148,10.36816323,-10.27757176,-2.43499021,-59.63176256,-15.84976388,-3.80124925
53.49,12.57439571,0.3993455,0.80282557,-16.28606554,0.49887763,-22.62735293,11.08271872,-10.09701676,-2.35138642,-60.234481,-15.23974757,-3.94945873
53.495,12.15323641,0.21547118,0.61937473,-16.09311326,0.68139857,-22.47716229,11.83963455,-9.88980858,-2.24967025,-60.73795372,-14.60552203,-4.00739746
53.5,11.72014544,0.02691563,0.48837334,-15.88862807,0.80414506,-22.33817555,12.55401587,-9.66837532,-2.19843767,-61.1376001,-13.94060089,-4.09855559
53.505,11.31557706,-0.17948201,0.34769814,-15.67943913,0.93802072,-22.13835279,13.27540381,-9.42292119,-2.1557721,-61.44029402,-13.26028952,-4.13863353
53.51,10.85128142,-0.35973356,0.23868356,-15.42213704,0.92553299,-22.05701721,13.91258446,-9.20496184,-2.17961275,-61.6238166,-12.59895863,-4.30813022
53.515,10.46847196,-0.61817299,0.15531291,-15.17559751,1.05635062,-21.81723318,14.59039275,-8.91033523,-2.23833651,-61.69529288,-11.87611322,-4.25405473
53.52,10.07425718,-0.8463621,0.06736908,-14.91783537,1.1415654,-21.55510627,15.23379449,-8.64455323,-2.31479748,-61.67396722,-11.19724453,-4.27541109
53.525,9.63056825,-1.03319655,-0.02405656,-14.62020882,1.06758052,-21.4300464,15.81568464,-8.42066299,-2.41098146,-61.55161385,-10.55536535,-4.41942037
53.53,9.25725937,-1.31991622,-0.01215946,-14.35168154,1.16518083,-21.17370271,16.38849607,-8.10784327,-2.60969319,-61.29665589,-9.89256216,-4.34294546
53.535,8.86019847,-1.55835957,-0.03358091,-14.06563722,1.19324498,-20.92274293,16.92187456,-7.85103328,-2.81557542,-60.95398956,-9.28888953,-4.36264398
53.54,8.45870393,-1.79189571,-0.01232725,-13.76855157,1.18164023,-20.70066189,17.42378472,-7.59391682,-3.02970257,-60.51462008,-8.71251421,-4.39496091
53.545,8.06276568,-2.03799236,0.01935681,-13.4752527,1.1848089,-20.4620055,17.88232448,-7.34149493,-3.30355248,-59.97096224,-8.18625001,-4.40403186
53.55,7.66232981,-2.28007089,0.07735642,-13.17824501,1.1832484,-20.22299019,18.30506747,-7.10033401,-3.60318261,-59.33810208,-7.70470038,-4.41797013
53.555,7.25973677,-2.51759036,0.15527225,-12.88422387,1.17320643,-19.98763787,18.68717684,-6.8703157,-3.92599397,-58.61149443,-7.26624159,-4.43575602
53.56,6.85258883,-2.75260318,0.25454527,-12.59043496,1.1602811,-19.75639616,19.02844827,-6.65096305,-4.27236636,-57.79652276,-6.8722463,-4.45499049
53.565,6.43969097,-2.98059834,0.37048385,-12.29687154,1.14480946,-19.5329246,19.33036597,-6.44550415,-4.63508061,-56.89857458,-6.52361232,-4.47698243
53.57,6.01911155,-3.20206259,0.50405153,-12.00543767,1.12867603,-19.31341032,19.59052065,-6.25248679,-5.0108374,-55.91995447,-6.21899546,-4.50148473
53.575,5.59261068,-3.41570148,0.64841581,-11.71675969,1.1108575,-19.10585483,19.81321293,-6.07358281,-5.39663929,-54.86619282,-5.94975959,-4.52776509
53.58,5.15787479,-3.62004481,0.80600232,-11.43030316,1.09270115,-18.90591256,19.99718425,-5.9082224,-5.78610431,-53.74057089,-5.71586255,-4.55588258
53.585,4.71030235,-3.81278002,0.97441245,-11.14513349,1.07878207,-18.71265886,20.14060516,-5.75665924,-6.17340414,-52.5466046,-5.51848162,-4.5864261
53.59,4.26173048,-3.99590494,1.14317972,-10.86521821,1.06456168,-18.53765411,20.25450024,-5.6181214,-6.55905113,-51.2892682,-5.33866097,-4.61378144
53.595,3.80322231,-4.16450719,1.31545862,-10.5879154,1.05192476,-18.37124428,20.33447039,-5.49501841,-6.93582544,-49.972911,-5.18205691,-4.64259346
53.6,3.33886906,-4.31996201,1.48553439,-10.31386295,1.04179426,-18.2171484,20.38492248,-5.38533873,-7.30045466,-48.59964242,-5.03990703,-4.66964468
53.605,2.86800332,-4.46049382,1.65274025,-10.04360804,1.0362852,-18.07427491,20.40734661,-5.28940255,-7.6495905,-47.17428515,-4.90916762,-4.69535162
53.61,2.39041507,-4.58388784,1.81163189,-9.77588198,1.03404098,-17.94128804,20.40383519,-5.20821654,-7.97839898,-45.70039128,-4.78521042,-4.72043822
53.615,1.90797278,-4.6920644,1.9645483,-9.51317737,1.03887714,-17.81932229,20.37618692,-5.13943344,-8.28612312,-44.17936814,-4.66311709,-4.74301032
53.62,1.42364414,-4.78101407,2.10135782,-9.25505506,1.04870006,-17.70789978,20.33024671,-5.08643086,-8.56967245,-42.61659304,-4.53845189,-4.7647488
53.625,0.93899606,-4.85267031,2.22712192,-9.0015832,1.064401,-17.60535496,20.26721693,-5.04611066,-8.8271913,-41.012577,-4.40633699,-4.7850096
53.63,0.45359602,-4.90436045,2.33472215,-8.75373281,1.08902745,-17.51233029,20.18824963,-5.02134382,-9.05819606,-39.37105962,-4.26661464,-4.80518122
53.635,-0.02872886,-4.93618418,2.42932303,-8.5113793,1.12114639,-17.42624457,20.09822768,-5.01062554,-9.25895857,-37.69431235,-4.11359431,-4.82560009
53.64,-0.50970578,-4.94695406,2.50097801,-8.27588429,1.16326896,-17.34740582,19.99524257,-5.01624859,-9.43353708,-35.98396032,-3.94905532,-4.84766246
53.645,-0.98250135,-4.9364274,2.55290852,-8.04788335,1.21737992,-17.27585565,19.88807948,-5.03718994,-9.57688839,-34.24288253,-3.77251192,-4.87156342
53.65,-1.450682,-4.90463845,2.59524701,-7.82715464,1.27821721,-17.20466967,19.76960591,-5.07353402,-9.69243096,-32.47045901,-3.57559391,-4.90233794
53.655,-1.90984046,-4.85020062,2.61339748,-7.61559401,1.35381971,-17.14005293,19.64799295,-5.12689248,-9.77937672,-30.67073359,-3.37079607,-4.93679556
53.66,-2.35855524,-4.77410332,2.61434871,-7.41271648,1.44091161,-17.07664838,19.52297128,-5.19695487,-9.84015004,-28.84413651,-3.15400871,-4.97879682
53.665,-2.79556862,-4.67356915,2.60089203,-7.22114508,1.54261852,-17.01564813,19.3954112,-5.28651491,-9.8754806,-26.99420436,-2.929213,-5.02998742
53.67,-3.17642227,-4.5392381,2.57444926,-7.04403049,1.62236759,-16.95212416,19.31347333,-5.40298567,-9.8742838,-25.13524479,-2.64956801,-5.11904612
53.675,-3.61297457,-4.38274841,2.54975116,-6.87656751,1.77354222,-16.8958083,19.15529304,-5.54347887,-9.87239817,-23.24369856,-2.43996001,-5.18491971
53.68,-4.00959959,-4.2147963,2.49928315,-6.72006283,1.91925045,-16.83836428,19.02664554,-5.68930047,-9.84572359,-21.33972044,-2.21906857,-5.25871415
53.685,-4.38234843,-4.0068573,2.45435183,-6.58439018,2.08686506,-16.78441892,18.90746714,-5.87388325,-9.79895283,-19.43349901,-2.00929183,-5.34644495
53.69,-4.751474,-3.7817759,2.39693274,-6.45817923,2.26948454,-16.72746741,18.78030815,-6.07381736,-9.74280362,-17.52091721,-1.81641136,-5.4390414
53.695,-5.1008842,-3.53120285,2.34185217,-6.34951258,2.46836753,-16.67171986,18.66136155,-6.29908733,-9.67626478,-15.61815338,-1.63939632,-5.53676293
53.7,-5.44541857,-3.253869,2.28354618,-6.25578885,2.68526237,-16.60876829,18.53873488,-6.55113988,-9.60123624,-13.73361955,-1.48172742,-5.6433805
53.705,-5.77832271,-2.95492634,2.22608181,-6.17900389,2.91912499,-16.54194405,18.42112629,-6.82576863,-9.51955646,-11.88040333,-1.34490229,-5.75315545
53.71,-6.09800812,-2.63372423,2.17465621,-6.12241972,3.16987053,-16.47196353,18.31165364,-7.12372425,-9.43205008,-10.07063015,-1.2316714,-5.86319187
53.715,-6.45619523,-2.30288493,2.07796406,-6.06808017,3.44681907,-16.33066448,18.17302991,-7.42592213,-9.31258283,-8.31496475,-1.11555811,-6.03986764
53.72,-6.72643636,-1.94866389,2.07530935,-6.06226498,3.73825554,-16.28659075,18.10396969,-7.76551993,-9.23803478,-6.62607536,-1.09023804,-6.10228267
53.725,-7.03673872,-1.57351144,2.0099318,-6.05660165,4.03744602,-16.14028719,18.01732213,-8.11812923,-9.10049466,-5.02388121,-1.01600165,-6.28175631
53.73,-7.29703715,-1.21121605,2.02158301,-6.09390024,4.35715908,-16.08614331,17.96531223,-8.46955793,-9.02008227,-3.49618956,-1.04948532,-6.3407799
53.735,-7.57982411,-0.83583178,1.9746673,-6.13504309,4.68507944,-15.90972819,17.91585944,-8.82842381,-8.86518918,-2.07620734,-1.03381543,-6.53863423
53.74,-7.83498603,-0.48360597,1.97124548,-6.2136245,5.02983041,-15.77975507,17.8883111,-9.17082344,-8.74052176,-0.7496334,-1.09975748,-6.66746784
53.745,-8.08066112,-0.14838906,1.97831283,-6.31899666,5.37770386,-15.63803352,17.87561694,-9.50065809,-8.60764906,0.46796135,-1.18796573,-6.8047966
53.75,-8.31215209,0.14792618,2.02539934,-6.46289062,5.71346347,-15.57532045,17.87221119,-9.79768623,-8.51190884,1.57632081,-1.33139833,-6.84499887
53.755,-8.54007514,0.42102639,2.00046183,-6.61798081,6.11478073,-15.30541968,17.89541834,-10.06519057,-8.3161497,2.56245984,-1.49000201,-7.12676035
53.76,-8.76677431,0.67196504,2.05617829,-6.80618239,6.41446252,-15.18482081,17.9134736,-10.32543256,-8.19647472,3.42510491,-1.64374642,-7.19909966
53.765,-8.98259798,0.87117396,2.10303105,-7.03016688,6.74928086,-15.01011346,17.94342259,-10.53401589,-8.04787144,4.16837636,-1.85767789,-7.3393642
53.77,-9.18644815,1.01458987,2.1667883,-7.29800162,7.03885199,-14.93201716,17.98357515,-10.68678944,-7.92514828,4.78229053,-2.10411987,-7.36331113
53.775,-9.39484738,1.12087916,2.21265532,-7.57402659,7.35556546,-14.66469184,18.02360156,-10.81078952,-7.76258307,5.2818034,-2.36946429,-7.57964171
53.78,-9.58992777,1.15741075,2.25817986,-7.89947768,7.64441181,-14.4681253,18.07440058,-10.85951592,-7.600994,5.65150258,-2.6890264,-7.69742134
53.785,-9.77722472,1.14641667,2.30792826,-8.26441198,7.88617783,-14.28662559,18.12930343,-10.86399149,-7.45645538,5.8924037,-3.02013327,-7.7893717
53.79,-9.9585079,1.07630115,2.34863051,-8.66106019,8.09980072,-14.09855409,18.18855796,-10.80796108,-7.30501497,6.01323433,-3.37687867,-7.87557506
53.795,-10.12877636,0.95568442,2.38600266,-9.09737129,8.26421451,-13.918378,18.25488987,-10.6987966,-7.15163721,6.01336241,-3.74994896,-7.93641912
53.8,-10.2885382,0.78120673,2.41577681,-9.57235241,8.38207317,-13.73428354,18.32897683,-10.53468384,-6.99681717,5.89044106,-4.14091891,-7.98603107
53.805,-10.44249841,0.55934472,2.41243569,-10.09994156,8.48464936,-13.50361107,18.39696488,-10.32128465,-6.81649579,5.65650536,-4.53113111,-8.06022465
53.81,-10.57919987,0.29024565,2.41442198,-10.66151078,8.51716346,-13.2929585,18.48089806,-10.05635534,-6.64969819,5.30954557,-4.95497405,-8.09423538
53.815,-10.68235883,-0.00894176,2.42076755,-11.2575081,8.42806421,-13.16599924,18.6006566,-9.75081796,-6.48565529,4.84972691,-5.37977459,-8.04460071
53.82,-10.77314683,-0.37826643,2.38837652,-11.92907895,8.34777814,-12.94518003,18.69348011,-9.3818655,-6.3263143,4.31255454,-5.81627129,-8.07445581
53.825,-10.84839028,-0.7673814,2.33015656,-12.63689267,8.20104543,-12.72614163,18.80769866,-8.97998858,-6.14513397,3.66943317,-6.24739453,-8.07538297
53.83,-10.89758279,-1.18601492,2.25936842,-13.39667164,7.98864808,-12.50734217,18.93311008,-8.54190341,-5.96006096,2.94240843,-6.66347861,-8.06618856
53.835,-10.93369902,-1.64175174,2.12895873,-14.20928397,7.76866935,-12.21435561,19.058131,-8.05888589,-5.75993343,2.13810654,-7.08914736,-8.09770287
53.84,-10.91283908,-2.10271074,2.03446062,-15.0714169,7.35876018,-12.04105261,19.21589209,-7.565258,-5.56764338,1.26908567,-7.44198004,-8.03636848
53.845,-10.86725707,-2.58893802,1.89553792,-15.99308885,6.92911351,-11.8200474,19.37607034,-7.03940179,-5.37080142,0.34007564,-7.78010783,-8.00650444
53.85,-10.78895701,-3.08456484,1.73440252,-16.97000422,6.42785214,-11.58378952,19.54242439,-6.49736241,-5.16509448,-0.6365497,-8.07509859,-7.98001069
53.855,-10.67309814,-3.58803941,1.54755614,-18.00618681,5.86057873,-11.33640837,19.71500155,-5.9413572,-4.95515468,-1.65176343,-8.32400647,-7.95988176
53.86,-10.51682262,-4.09524888,1.34592242,-19.09902136,5.2136483,-11.08610857,19.89141276,-5.37769856,-4.74078806,-2.69476871,-8.51409354,-7.94080139
53.865,-10.31873203,-4.59864538,1.12090357,-20.24973891,4.4981352,-10.82894821,20.07219948,-4.8123085,-4.52472545,-3.75784881,-8.64679882,-7.93030597
53.87,-10.07696001,-5.10140723,0.88905333,-21.45671701,3.6987205,-10.57534281,20.24983843,-4.24789551,-4.30737643,-4.82886777,-8.70855954,-7.92188333
53.875,-9.78774755,-5.60031975,0.64665616,-22.71708567,2.8284047,-10.31936312,20.42924162,-3.68460565,-4.0829716,-5.90189515,-8.70599666,-7.92136562
53.88,-9.45782637,-6.0892571,0.40988015,-24.03320515,1.87523314,-10.07150348,20.5892869,-3.13376384,-3.85977855,-6.95596476,-8.62257542,-7.92350965
53.885,-9.07648799,-6.57636482,0.15982709,-25.40482875,0.85672125,-9.83131144,20.74400431,-2.58841901,-3.6414195,-7.99469249,-8.47341009,-7.93469498
53.89,-8.64552891,-7.05319062,-0.09495316,-26.82684628,-0.22856292,-9.60045824,20.88764562,-2.05928881,-3.4269619,-9.00731186,-8.2547966,-7.9573937
53.895,-8.17507726,-7.52652444,-0.33373977,-28.29289945,-1.37750981,-9.37902679,21.00680061,-1.54278528,-3.21310834,-9.98792925,-7.9651299,-7.98823547
53.9,-7.65159304,-7.99085861,-0.57606108,-29.80213013,-2.58121928,-9.18031387,21.11683296,-1.0439913,-3.01291348,-10.93451665,-7.61573201,-8.03052986
53.905,-7.08968414,-8.45262586,-0.79357469,-31.35081352,-3.82915483,-9.00078132,21.19252252,-0.55539208,-2.81072273,-11.8255988,-7.20234793,-8.08006917
53.91,-6.47449785,-8.90303436,-1.0104301,-32.93091276,-5.11753819,-8.85749123,21.26260486,-0.09283045,-2.6364751,-12.68372574,-6.74194815,-8.14234576
53.915,-5.83008556,-9.35755162,-1.19205485,-34.53763309,-6.42819577,-8.73072568,21.28679167,0.36010651,-2.45381071,-13.47896748,-6.22775106,-8.2134269
53.92,-5.13301977,-9.79341829,-1.3612765,-36.16482642,-7.76217871,-8.6483727,21.30545697,0.77597904,-2.30901782,-14.23929952,-5.67695992,-8.29914338
53.925,-4.42753949,-10.24479865,-1.49875416,-37.80384792,-9.07438369,-8.58220236,21.25941499,1.20035747,-2.15227725,-14.91955406,-5.08905557,-8.39014339
53.93,-3.68228663,-10.68114406,-1.61296171,-39.44971303,-10.37734867,-8.56012362,21.19460904,1.59194159,-2.02496695,-15.55525596,-4.47817052,-8.495336
53.935,-2.86662614,-11.06847769,-1.66313164,-41.09773867,-11.67958187,-8.60579013,21.13773813,1.92210024,-1.92039265,-16.14840892,-3.83845436,-8.60825394
53.94,-2.11881322,-11.52632006,-1.74699962,-42.72706902,-12.86510384,-8.62245439,20.95800912,2.31648425,-1.79800133,-16.64686716,-3.20151687,-8.72792875
53.945,-1.29828946,-11.93444082,-1.78031367,-44.34440768,-14.0391451,-8.74189366,20.8029511,2.64152588,-1.7432933,-17.12431411,-2.56418875,-8.86291844
53.95,-0.43900493,-12.29197629,-1.74129286,-45.93967726,-15.14942861,-8.90407756,20.62709559,2.91428181,-1.68421864,-17.54175485,-1.91520701,-8.99831257
53.955,0.36784046,-12.70143501,-1.74182918,-47.4944705,-16.127624,-9.0722115,20.36185963,3.23532706,-1.61312467,-17.88434399,-1.29870207,-9.13424892
53.96,1.2207026,-13.04965328,-1.68310246,-49.01666269,-17.04163234,-9.31327144,20.0982497,3.48646704,-1.59293375,-18.19574406,-0.69833802,-9.28446228
53.965,2.07459061,-13.3703353,-1.597157,-50.48903898,-17.8467712,-9.58522809,19.79693828,3.71290551,-1.573515,-18.45059031,-0.11687521,-9.43429009
53.97,2.93029568,-13.66386165,-1.49000031,-51.90728002,-18.54190452,-9.89753584,19.46308774,3.91368258,-1.56676393,-18.65532907,0.43376584,-9.58535787
53.975,3.78422405,-13.92425081,-1.36713189,-53.26741547,-19.12012442,-10.24358722,19.09978479,4.08482623,-1.57205867,-18.81611443,0.94798727,-9.73809621
53.98,4.63427695,-14.15132948,-1.23078718,-54.56049109,-19.5804234,-10.62308983,18.70779929,4.22846773,-1.58761605,-18.93164322,1.42427881,-9.89143765
53.985,5.48110096,-14.33738686,-1.08059042,-55.78212573,-19.92204342,-11.03197078,18.29229704,4.33857971,-1.61538301,-19.00591866,1.85772063,-10.04345003
53.99,6.31638805,-14.48869227,-0.93104059,-56.9270693,-20.14055438,-11.46324084,17.8518855,4.42277968,-1.64584937,-19.04076327,2.24548897,-10.19297912
53.995,7.14319517,-14.59710519,-0.77913537,-57.99048223,-20.24270064,-11.9125246,17.39185367,4.47418295,-1.68526641,-19.04025537,2.58571058,-10.33945613
54,7.94500868,-14.66549175,-0.64248216,-58.95984373,-20.20919096,-12.36894733,16.90110915,4.4999063,-1.70700271,-18.98697085,2.89536676,-10.48844435
54.005,8.74550007,-14.69863031,-0.50876805,-59.84603829,-20.08548345,-12.84511719,16.41021705,4.49601573,-1.7590088,-18.92106497,3.14001167,-10.62771021
54.01,9.53353539,-14.69560732,-0.38777436,-60.63876604,-19.86343994,-13.3240861,15.91110403,4.46579264,-1.81460438,-18.82857211,3.33677157,-10.7601925
54.015,10.30206542,-14.65488709,-0.28937943,-61.33393842,-19.53900898,-13.79634964,15.40201853,4.40845651,-1.86924061,-18.70989401,3.4930082,-10.8893054
54.02,11.05167822,-14.58138977,-0.21085702,-61.92840665,-19.12822304,-14.25800873,14.88503359,4.32883655,-1.92184065,-18.56290231,3.6069243,-11.01299927
54.025,11.77396544,-14.4775632,-0.16903226,-62.4180956,-18.63116679,-14.70144628,14.35948488,4.22778684,-1.96174446,-18.3903734,3.68495444,-11.12871093
54.03,12.47922656,-14.34381006,-0.14942599,-62.80269978,-18.06681395,-15.13078618,13.832126,4.10440811,-2.00637705,-18.19075398,3.7255938,-11.24388068
54.035,13.15034007,-14.20225164,-0.17726115,-63.07750428,-17.44846415,-15.54195208,13.29762797,3.9753318,-2.03577126,-17.97243788,3.73718958,-11.33962809
54.04,13.80174885,-14.03237936,-0.23791773,-63.24607035,-16.78056111,-15.93779801,12.76708302,3.82314525,-2.07177339,-17.73087653,3.71920921,-11.43451045
54.045,14.4458593,-13.79872793,-0.29621108,-63.30781474,-16.06372725,-16.21854995,12.24745976,3.62096948,-2.10457434,-17.47008852,3.66177605,-11.57693549
54.05,15.05068042,-13.58486439,-0.41316805,-63.26945525,-15.32241868,-16.52116929,11.7260351,3.43842347,-2.10221843,-17.20055539,3.58691033,-11.67259854
54.055,15.61575443,-13.34938199,-0.58148724,-63.11596335,-14.56161585,-16.74990252,11.20028801,3.22925576,-2.10008948,-16.91128205,3.49443782,-11.78511858
54.06,16.14830542,-13.10629118,-0.78675902,-62.85699861,-13.79728248,-16.94341767,10.67736854,3.01404188,-2.07614411,-16.609759,3.38473128,-11.89077588
54.065,16.64616063,-12.85739905,-1.03334827,-62.4964833,-13.04180079,-17.10012221,10.15515158,2.78907985,-2.04345012,-16.29573224,3.26200565,-11.99449935
54.07,17.10013381,-12.60520953,-1.30875755,-62.03844449,-12.29467224,-17.19775765,9.62209138,2.56175464,-1.9789782,-15.96719755,3.13092985,-12.10756337
54.075,17.532375,-12.34674404,-1.62069687,-61.47876481,-11.59626395,-17.28718286,9.10410464,2.32315824,-1.91130388,-15.62868465,2.99066018,-12.20551742
54.08,17.92231365,-12.09014322,-1.96600602,-60.82293919,-10.92795447,-17.33780697,8.58150709,2.08161537,-1.82098447,-15.28231287,2.84705591,-12.30559577
54.085,18.27550342,-11.83496634,-2.33949745,-60.078436,-10.30228888,-17.36352948,8.05635295,1.83739327,-1.71478572,-14.9236631,2.70183361,-12.40673528
54.09,18.59575502,-11.58763979,-2.73401965,-59.24773013,-9.72932673,-17.37572999,7.53129249,1.59607471,-1.59837566,-14.5574926,2.55669722,-12.50433134
54.095,18.88679936,-11.34310857,-3.14400582,-58.33440139,-9.21053689,-17.37820002,7.00912748,1.35431127,-1.47151185,-14.18422812,2.41296806,-12.59671149
54.1,19.15208632,-11.10864473,-3.57718074,-57.34154755,-8.74646534,-17.37697094,6.49712159,1.11273462,-1.35868508,-13.81202114,2.26857147,-12.68299402
54.105,19.34833237,-10.89144012,-4.01943574,-56.27469481,-8.32894047,-17.37532794,5.94490172,0.89086845,-1.17799737,-13.42093879,2.14133679,-12.783411
54.11,19.57405638,-10.6487157,-4.43871592,-55.1381243,-7.98068686,-17.36156079,5.4455041,0.64647416,-1.03470253,-13.03464252,2.01151664,-12.85546044
54.115,19.74797678,-10.43401652,-4.8784937,-53.93508373,-7.67398077,-17.36606802,4.92843072,0.42168279,-0.8714168,-12.64525232,1.89362549,-12.92824733
54.12,19.91402127,-10.23249297,-5.31253248,-52.67135342,-7.4101726,-17.38133454,4.43014419,0.20516787,-0.74257562,-12.26199528,1.77423959,-12.99100959
54.125,20.01557631,-10.04301839,-5.73337666,-51.34807781,-7.18894416,-17.42789801,3.8916035,0.00711417,-0.54991854,-11.8675329,1.68421064,-13.06512873
54.13,20.1649348,-9.84279826,-6.12748923,-49.97108229,-7.00548015,-17.44827882,3.4230925,-0.20193093,-0.41767659,-11.48644013,1.58404431,-13.1089505
54.135,20.26473588,-9.66107132,-6.50971156,-48.54059126,-6.84528309,-17.51153925,2.93177678,-0.3911382,-0.24844176,-11.10482139,1.50020275,-13.14848041
54.14,20.35433727,-9.49344439,-6.86031848,-47.06396076,-6.71483684,-17.58925688,2.449339,-0.56180637,-0.08920581,-10.72881478,1.43882968,-13.186626
54.145,20.4383787,-9.33196916,-7.1860637,-45.53996563,-6.59547163,-17.6828825,1.98463509,-0.72535921,0.05628067,-10.36121428,1.38013116,-13.21228306
54.15,20.5206087,-9.18178973,-7.47552734,-43.97353611,-6.48403116,-17.79179766,1.53837384,-0.87286732,0.19192576,-10.00359242,1.33239856,-13.22631621
54.155,20.59240786,-9.0419041,-7.73168802,-42.36352782,-6.37949572,-17.91936549,1.10500223,-1.00645027,0.32432348,-9.65797808,1.30236676,-13.23315288
54.16,20.66510134,-8.91337409,-7.94676401,-40.71362442,-6.26870935,-18.0598555,0.69316991,-1.12310772,0.44209922,-9.32525772,1.28048805,-13.22864324
54.165,20.73156101,-8.79789167,-8.12633451,-39.02270981,-6.15668448,-18.21323874,0.29859318,-1.2232856,0.5539156,-9.00663845,1.27773548,-13.2170869
54.17,20.79128389,-8.69604825,-8.26718349,-37.29298336,-6.03736455,-18.3810916,-0.07892574,-1.30626223,0.65269085,-8.7042894,1.29560806,-13.20022011
54.175,20.8560759,-8.60356199,-8.36510753,-35.52473704,-5.90324155,-18.54984316,-0.42676188,-1.37543871,0.74675813,-8.41886228,1.3149253,-13.16876184
54.18,20.91923918,-8.52829437,-8.421916,-33.71975793,-5.75122719,-18.72616658,-0.75107473,-1.42443633,0.82995302,-8.15343545,1.34585713,-13.12957017
54.185,21.02550171,-8.49257592,-8.36491198,-31.90325834,-5.51856528,-18.88583552,-1.03395243,-1.40976177,0.84498127,-7.90584772,1.37856078,-13.10643269
54.19,21.02945693,-8.43002394,-8.41954175,-30.0008,-5.41558167,-19.08677509,-1.33467466,-1.46509023,0.97456476,-7.68118729,1.46933579,-13.04051269
54.195,21.11467617,-8.43218787,-8.28904911,-28.11305802,-5.16863979,-19.2364155,-1.58239505,-1.41184683,0.99007195,-7.47170251,1.53176515,-13.01549695
54.2,21.11140742,-8.41939009,-8.26143808,-26.14972737,-5.03464179,-19.44732614,-1.83832268,-1.41616016,1.09241782,-7.28743329,1.64792683,-12.92618017
54.205,21.1685175,-8.4589632,-8.06810424,-24.19806275,-4.78858945,-19.57684733,-2.05185203,-1.33149205,1.11247283,-7.12109443,1.74369747,-12.90206493
54.21,21.18985609,-8.51793664,-7.896615,-22.21010568,-4.57466451,-19.73120419,-2.25548804,-1.24773045,1.16105723,-6.97582023,1.86227211,-12.84727552
54.215,21.19037674,-8.60971606,-7.71047568,-20.20225334,-4.38937989,-19.88091105,-2.44917561,-1.14113535,1.22163044,-6.85260682,2.0109763,-12.78034915
54.22,21.18064858,-8.73743578,-7.49218896,-18.18720787,-4.21113644,-20.00813641,-2.63132898,-1.00293751,1.27981359,-6.74934495,2.1736431,-12.71624362
54.225,21.14758455,-8.91116192,-7.28951006,-16.16740651,-4.0793141,-20.15743559,-2.80583055,-0.83775928,1.36094732,-6.66654453,2.36760915,-12.60871122
54.23,21.12149079,-9.09717959,-7.00406615,-14.17123577,-3.90864667,-20.21256192,-2.96927854,-0.64932064,1.39980325,-6.60384548,2.55176847,-12.57591933
54.235,21.07961257,-9.34649562,-6.74016203,-12.20542011,-3.77070652,-20.27268253,-3.12999309,-0.41943662,1.47322628,-6.55458738,2.75856055,-12.51111534
54.24,21.0266147,-9.63158186,-6.47011701,-10.28339274,-3.65253746,-20.30627841,-3.28919065,-0.16443173,1.55025987,-6.52765697,2.98388619,-12.44373314
54.245,20.96818149,-9.9455983,-6.19615357,-8.42120514,-3.54895585,-20.30344055,-3.44816743,0.10977214,1.63017881,-6.51848319,3.22147942,-12.38196423
54.25,20.90705711,-10.28986226,-5.92704116,-6.63466702,-3.45746236,-20.27210879,-3.60849186,0.40193005,1.72009639,-6.52474059,3.47328798,-12.31557887
54.255,20.84447731,-10.66043853,-5.66615839,-4.93504502,-3.37537086,-20.211936,-3.77100417,0.70915136,1.81858336,-6.55122597,3.73724957,-12.24208625
54.26,20.78320485,-11.046553,-5.41959175,-3.33279316,-3.29084062,-20.12617103,-3.93628343,1.02006187,1.92905048,-6.59237273,4.00878754,-12.15325812
54.265,20.72172947,-11.42623462,-5.16642045,-1.83376668,-3.25369608,-19.98494778,-4.1114779,1.32441989,2.02835222,-6.6559483,4.29875069,-12.09684328
54.27,20.66320361,-11.82648432,-4.95254239,-0.45354951,-3.15855858,-19.84621731,-4.28672204,1.62849982,2.16511688,-6.73231888,4.57880075,-11.97480652
54.275,20.60777692,-12.17931395,-4.72120971,0.81452505,-3.15774483,-19.65082356,-4.47119065,1.89439441,2.26949342,-6.83569519,4.88237497,-11.91934591
54.28,20.55293523,-12.53098878,-4.50635601,1.95644178,-3.14668967,-19.45705012,-4.66517378,2.15123507,2.39413287,-6.95405903,5.17706576,-11.83940411
54.285,20.4937616,-12.86793737,-4.33479528,2.96888097,-3.08736689,-19.25248983,-4.86759163,2.37777553,2.5476961,-7.08565108,5.46512258,-11.68700625
54.29,20.43975487,-13.14934699,-4.15097711,3.85632104,-3.10078691,-19.02460206,-5.07592896,2.55752341,2.67855705,-7.24357865,5.76198848,-11.57220637
54.295,20.38767418,-13.39106508,-3.97185406,4.61314921,-3.13642518,-18.80065543,-5.29019624,2.69772316,2.80923821,-7.42412411,6.04793213,-11.44855118
54.3,20.35550228,-13.57215132,-3.76999612,5.23658685,-3.23394481,-18.58316804,-5.49934035,2.79219643,2.90716421,-7.63336735,6.31179058,-11.3794709
54.305,20.2917638,-13.73249047,-3.62376361,5.73617621,-3.28697899,-18.37752312,-5.73351301,2.8429377,3.06792464,-7.85125574,6.57811335,-11.17087856
54.31,20.27415772,-13.80914307,-3.42473964,6.10311572,-3.42871703,-18.17314632,-5.94541816,2.84251082,3.14319585,-8.10086395,6.79786256,-11.0978895
54.315,20.20506113,-13.85015266,-3.29294609,6.34749353,-3.55670248,-17.98371347,-6.18943206,2.7784169,3.2927466,-8.37682352,7.04562782,-10.82657413
54.32,20.16915228,-13.80909198,-3.12529306,6.46695868,-3.74087123,-17.7985191,-6.4205576,2.65994192,3.37344647,-8.6774667,7.24290727,-10.6312943
54.325,20.15282918,-13.72142282,-2.94443173,6.46140769,-3.95270212,-17.63928512,-6.64027702,2.50371068,3.4474388,-9.00572771,7.38915386,-10.44412713
54.33,20.15097665,-13.58388202,-2.75016454,6.34295333,-4.19149802,-17.49130011,-6.84709544,2.30595972,3.50543976,-9.36496477,7.48765909,-10.26185324
54.335,20.16489219,-13.38589483,-2.56421038,6.09559061,-4.46136272,-17.35998131,-7.05130602,2.05917893,3.5499477,-9.75144853,7.54923549,-10.05216934
54.34,20.17869702,-13.13804316,-2.3734686,5.75784104,-4.75245141,-17.24542227,-7.24068713,1.7694869,3.57090015,-10.18767026,7.57004283,-9.81545486
54.345,20.21434482,-12.84367426,-2.17611152,5.31048225,-5.07124595,-17.13653662,-7.41692257,1.44626255,3.57182295,-10.65252662,7.53883349,-9.57687869
54.35,20.25924394,-12.5003873,-1.97808633,4.77114829,-5.41629515,-17.04380773,-7.57918783,1.08485657,3.54311279,-11.16095367,7.46424147,-9.31124863
54.355,20.32534686,-12.11816872,-1.77690884,4.14166479,-5.77470294,-16.95405431,-7.7205998,0.69654163,3.49239665,-11.7045944,7.32182669,-9.05006273
54.36,20.4216452,-11.71830768,-1.5619527,3.42659918,-6.13061459,-16.83242179,-7.83845742,0.30750145,3.4050496,-12.2764148,7.05162533,-8.8352085
54.365,20.48848528,-11.22946814,-1.37218426,2.65895158,-6.53540805,-16.82247779,-7.94467537,-0.17001651,3.28926637,-12.93151374,6.89072613,-8.45734605
54.37,20.57451293,-10.74406795,-1.13875598,1.82520413,-6.93317855,-16.80385436,-8.03812794,-0.62675532,3.11779965,-13.60872974,6.57825955,-8.06748427
54.375,20.69702823,-10.23776338,-0.9569668,0.93068915,-7.28379112,-16.73435903,-8.07237569,-1.09780379,2.95878751,-14.3439596,6.15615189,-7.80903938
54.38,20.81639531,-9.70719725,-0.75987581,-0.00376267,-7.62994754,-16.69846872,-8.09071768,-1.58379361,2.75238641,-15.12653912,5.67630679,-7.48616667
54.385,20.93345977,-9.16341706,-0.55077036,-0.96872803,-7.95493436,-16.69012078,-8.0843194,-2.07429808,2.51616688,-15.96284738,5.1344674,-7.13114093
54.39,21.05206288,-8.61125437,-0.35177965,-1.95958636,-8.2413434,-16.68821274,-8.04598957,-2.56837799,2.2504322,-16.85335835,4.502376,-6.78400576
54.395,21.16572936,-8.05572674,-0.15757913,-2.96451684,-8.48669231,-16.69789371,-7.97479211,-3.0618565,1.95518279,-17.80247601,3.7971325,-6.44069262
54.4,21.26886139,-7.50186085,0.04493497,-3.97412642,-8.6808864,-16.73100302,-7.874668,-3.55187676,1.64554064,-18.80356009,3.00859593,-6.08489734
54.405,21.36019218,-6.94786101,0.24093776,-4.98168404,-8.82323735,-16.77583739,-7.74027253,-4.04152367,1.3107861,-19.86298012,2.1438144,-5.74311325
54.41,21.43455512,-6.39590862,0.44327787,-5.97627673,-8.90604247,-16.84207733,-7.57138645,-4.53011588,0.96049299,-20.97911052,1.19498592,-5.40426196
54.415,21.48962197,-5.85519973,0.64261306,-6.96004087,-8.93020163,-16.92125361,-7.37264136,-5.01023198,0.60232514,-22.14467538,0.17618034,-5.0869135
54.42,21.5217893,-5.32432369,0.83382884,-7.91941195,-8.88582247,-17.02232918,-7.13759908,-5.48839258,0.225697,-23.3692364,-0.92835964,-4.78778092
54.425,21.52468057,-4.80734763,1.01786382,-8.8488706,-8.78009136,-17.13108109,-6.87050066,-5.96119964,-0.15481141,-24.64423861,-2.09690611,-4.5203664
54.43,21.4996823,-4.29784881,1.21253747,-9.7403165,-8.61442786,-17.25881325,-6.56684266,-6.43351443,-0.53748263,-25.97194491,-3.32553722,-4.28451668
54.435,21.44457384,-3.79954811,1.40593472,-10.59484129,-8.38659337,-17.40457616,-6.23131756,-6.90358354,-0.91229026,-27.34155139,-4.61436593,-4.08347632
54.44,21.35512045,-3.32323822,1.58445638,-11.40547059,-8.10650774,-17.55960706,-5.86136412,-7.36892138,-1.29145468,-28.75920743,-5.94385702,-3.92391124
54.445,21.2350199,-2.85385927,1.77174088,-12.16991102,-7.77362355,-17.72945116,-5.45767033,-7.83563505,-1.65093373,-30.21365591,-7.31285126,-3.81685589
54.45,21.08078267,-2.40176272,1.94964555,-12.88611748,-7.39439075,-17.91054755,-5.02262764,-8.29940529,-1.99525487,-31.69976068,-8.7050953,-3.7581017
54.455,20.89998542,-1.97474218,2.13457669,-13.55339666,-6.96364028,-18.12389463,-4.54895415,-8.7442211,-2.30443059,-33.21501606,-10.11601262,-3.82122803
54.46,20.67262692,-1.55454217,2.28732831,-14.1640374,-6.5183186,-18.30171868,-4.05568801,-9.20970812,-2.60583532,-34.75147604,-11.50181107,-3.81006609
54.465,20.4183647,-1.15227879,2.43146919,-14.72631191,-6.03561899,-18.49938859,-3.53151458,-9.66548087,-2.87597878,-36.30036497,-12.86763964,-3.89112857
54.47,20.1338524,-0.77305093,2.57134373,-15.23241517,-5.52984505,-18.7031388,-2.97465901,-10.10807322,-3.10479228,-37.86009449,-14.19821001,-4.03769903
54.475,19.81963245,-0.41750765,2.69624806,-15.68555291,-5.008742,-18.91015186,-2.39096971,-10.53796216,-3.29774042,-39.42045941,-15.47052822,-4.22328928
54.48,19.48029665,-0.10130061,2.80229497,-16.0787892,-4.46194524,-19.12505417,-1.76699874,-10.93338962,-3.41596569,-40.97928777,-16.67780356,-4.53496372
54.485,19.11062268,0.21688688,2.89954787,-16.42908561,-3.94821716,-19.3154482,-1.1444287,-11.34129701,-3.56221485,-42.51563635,-17.78846718,-4.71504834
54.49,18.71748295,0.50114425,2.97752181,-16.71906353,-3.42476214,-19.51282697,-0.48601551,-11.71749444,-3.63804568,-44.03638861,-18.8031921,-4.99862948
54.495,18.31078005,0.72677222,3.00932726,-16.96332617,-2.8988211,-19.70842486,0.20923714,-12.0383266,-3.64111336,-45.53263518,-19.70498794,-5.3740829
54.5,17.87203103,0.96032983,3.06941929,-17.15092511,-2.41230994,-19.88047235,0.89793343,-12.36355826,-3.66621675,-46.9850275,-20.49461868,-5.6306157
54.505,17.41652274,1.15365425,3.09799403,-17.2839983,-1.93926151,-20.05216577,1.61184957,-12.64330612,-3.63669577,-48.3974787,-21.15737882,-5.93409587
54.51,16.95522662,1.30059315,3.08616286,-17.38313398,-1.49540466,-20.20548975,2.35079764,-12.87642006,-3.56787513,-49.76496108,-21.68957219,-6.26460902
54.515,16.47529497,1.42181092,3.0734077,-17.42614504,-1.0757404,-20.34486616,3.09794847,-13.07168801,-3.47911895,-51.074364,-22.09400101,-6.5647724
54.52,15.98030453,1.50758466,3.0489077,-17.41735837,-0.68883838,-20.47014477,3.85392506,-13.22167989,-3.37005765,-52.32075623,-22.36111165,-6.84727161
54.525,15.48483371,1.55598968,2.99223537,-17.37809947,-0.34176554,-20.57058269,4.62449333,-13.32567362,-3.24290148,-53.50413097,-22.50080992,-7.11901526
54.53,14.99172446,1.56674851,2.91038793,-17.31250402,-0.033264,-20.64370429,5.4055225,-13.38257525,-3.10653635,-54.61854517,-22.5214308,-7.35724074
54.535,14.44943355,1.53701797,2.89857362,-17.1980941,0.23269358,-20.7635492,6.1181448,-13.37467069,-3.03175696,-55.63038347,-22.42036869,-7.5097773
54.54,13.96160714,1.50266036,2.74817671,-17.02890351,0.47055963,-20.7491136,6.94777181,-13.36844572,-2.8457515,-56.59788171,-22.18384143,-7.74751228
54.545,13.45715968,1.41959717,2.64696566,-16.85164662,0.68167295,-20.75901327,7.72404532,-13.29386488,-2.72694752,-57.4647729,-21.86654972,-7.88119221
54.55,12.95563053,1.31492456,2.52276162,-16.6401524,0.86028035,-20.73478976,8.50302898,-13.18659739,-2.60815565,-58.24495188,-21.45567561,-7.97332013
54.555,12.45162133,1.18297978,2.38941823,-16.39509963,1.01347294,-20.69252027,9.27069831,-13.04602462,-2.51496669,-58.92832542,-20.95801811,-8.02626781
54.56,11.95667441,1.02963656,2.24889143,-16.13504329,1.1404556,-20.61985041,10.0305916,-12.87350539,-2.43933557,-59.52406951,-20.37900982,-8.03418936
54.565,11.4518575,0.85494059,2.1495023,-15.85875902,1.20938747,-20.54904232,10.75305856,-12.66671787,-2.40925586,-60.02118253,-19.72866437,-8.06430173
54.57,10.97490812,0.66206368,1.98034667,-15.55840055,1.30774086,-20.4070896,11.49697811,-12.44347899,-2.37412134,-60.42533754,-19.0134608,-7.94996062
54.575,10.48083551,0.44848757,1.85600662,-15.23540283,1.3450607,-20.2880252,12.18682174,-12.19451985,-2.40889014,-60.71778802,-18.26220877,-7.89397051
54.58,10.00900613,0.22604691,1.71782972,-14.91219465,1.38951798,-20.10812489,12.88009712,-11.93128645,-2.44334985,-60.92595553,-17.47252202,-7.73796483
54.585,9.53041856,-0.01136553,1.5998205,-14.56845552,1.39673744,-19.94347403,13.52963434,-11.65504348,-2.54011152,-61.02186703,-16.66727915,-7.61577708
54.59,9.06385451,-0.25737485,1.48514454,-14.22232472,1.40167846,-19.74184928,14.16267349,-11.36930923,-2.65773947,-61.02550219,-15.84891676,-7.43436948
54.595,8.60328103,-0.50974424,1.38289884,-13.87017155,1.39816025,-19.5212141,14.76909112,-11.07837673,-2.80722657,-60.93104501,-15.0348567,-7.2334707
54.6,8.14912516,-0.76010105,1.28769884,-13.51725011,1.40089184,-19.24821421,15.35084063,-10.79190936,-2.97786141,-60.74559204,-14.2354157,-6.98973223
54.605,7.69795396,-1.0244487,1.20863574,-13.15927059,1.37449235,-19.02304002,15.89516393,-10.49722777,-3.19603111,-60.45600937,-13.46437451,-6.7908922
54.61,7.25316181,-1.28642786,1.16167752,-12.80277015,1.34645043,-18.76853647,16.41386517,-10.20416228,-3.42791225,-60.08021584,-12.71799185,-6.57291054
54.615,6.81245386,-1.54426077,1.11881117,-12.44815583,1.32263451,-18.49636425,16.89976615,-9.92281594,-3.68982022,-59.61268846,-12.01564847,-6.34715364
54.62,6.37580332,-1.80148841,1.09731879,-12.0957889,1.29628261,-18.22196073,17.35507122,-9.6451203,-3.96837362,-59.05897591,-11.35927499,-6.13684277
54.625,5.94136397,-2.05033844,1.08427111,-11.75122188,1.27584104,-17.93062286,17.77588642,-9.38381215,-4.26861016,-58.4217412,-10.75795968,-5.93347554
54.63,5.51276769,-2.29660941,1.09497528,-11.41182538,1.24844599,-17.65343535,18.1680324,-9.12435743,-4.57388767,-57.70212448,-10.20661294,-5.76391262
54.635,5.08293487,-2.52964667,1.11942056,-11.08019561,1.22792406,-17.36018353,18.52418635,-8.88317008,-4.88914341,-56.90519567,-9.71903076,-5.61582296
54.64,4.66014322,-2.7590096,1.16484101,-10.75748887,1.20731762,-17.08711153,18.85557132,-8.64635958,-5.20741981,-56.03647559,-9.28130797,-5.50034919
54.645,4.24451043,-2.97723746,1.22812431,-10.44341615,1.18468858,-16.82550217,19.15980761,-8.42114794,-5.52370574,-55.09488365,-8.89359773,-5.41913213
54.65,3.82908353,-3.18144414,1.30551935,-10.13855467,1.1669466,-16.56678144,19.43432622,-8.21038251,-5.83397395,-54.08721353,-8.56407702,-5.37626439
54.655,3.42168597,-3.37122872,1.39513042,-9.84451656,1.14793876,-16.32811397,19.68816104,-8.01222493,-6.13068206,-53.0162689,-8.28061491,-5.37323923
54.66,3.01606034,-3.54186196,1.49505644,-9.56046119,1.13199035,-16.0993046,19.91692046,-7.82867806,-6.40738604,-51.88564224,-8.04840675,-5.41345434
54.665,2.62097934,-3.69747427,1.60527219,-9.28783623,1.11720961,-15.89523243,20.12965897,-7.65670436,-6.66482678,-50.69825066,-7.85216229,-5.49071888
54.67,2.23362063,-3.83689961,1.72935727,-9.0291938,1.10739175,-15.7118183,20.3218366,-7.49627773,-6.90247381,-49.45482357,-7.69248388,-5.60702058
54.675,1.85688261,-3.9551185,1.85699032,-8.78033592,1.09602908,-15.55130479,20.50203789,-7.35067243,-7.10894375,-48.16157612,-7.56017799,-5.76146584
54.68,1.48983301,-4.05303793,1.98998996,-8.54564782,1.08930609,-15.41518426,20.66804042,-7.21820685,-7.28550482,-46.81858572,-7.4542907,-5.95075017
54.685,1.13534209,-4.13168154,2.12854549,-8.32380967,1.08647201,-15.30446903,20.82298261,-7.09810453,-7.43160773,-45.42847391,-7.36715658,-6.17304586
54.69,0.79301095,-4.19029998,2.27125021,-8.1164177,1.08923773,-15.2202695,20.96664192,-6.99085291,-7.54628999,-43.99216255,-7.29567552,-6.42565297
54.695,0.4642183,-4.22708076,2.41290231,-7.92140177,1.09677796,-15.1626842,21.10275827,-6.89646378,-7.62301285,-42.51271264,-7.23241246,-6.70243124
54.7,0.15025742,-4.24510183,2.56166142,-7.74221925,1.11295009,-15.1324415,21.22989577,-6.81536881,-7.67157559,-40.99025287,-7.17770794,-7.00440347
54.705,-0.14780516,-4.24252913,2.70751347,-7.5758749,1.13456448,-15.12783581,21.35073947,-6.74636372,-7.68265435,-39.42571548,-7.12121829,-7.324047
54.71,-0.43016435,-4.2192508,2.85710513,-7.42480076,1.16515339,-15.1485763,21.46392711,-6.69256228,-7.66565077,-37.82074002,-7.06345468,-7.66341906
54.715,-0.69634667,-4.17522576,3.00423775,-7.28917415,1.2066702,-15.19433542,21.56963444,-6.65365549,-7.61472471,-36.17572742,-7.00058105,-8.01033904
54.72,-0.94701924,-4.11228615,3.15082187,-7.16822783,1.25929949,-15.26407955,21.66833079,-6.62746964,-7.532499,-34.49238616,-6.93154358,-8.36424086
54.725,-1.1820524,-4.02981608,3.29714136,-7.0620661,1.32503255,-15.35545415,21.75885177,-6.61737282,-7.42297015,-32.77064179,-6.85433713,-8.72141254
54.73,-1.40240374,-3.92910463,3.44378913,-6.97093474,1.40408639,-15.46723744,21.83972731,-6.62267608,-7.28717608,-31.01150646,-6.77055015,-9.07799723
54.735,-1.6087502,-3.81237285,3.59480828,-6.8952779,1.49520315,-15.59762902,21.91051585,-6.63962101,-7.11854881,-29.21553936,-6.6832429,-9.42654156
54.74,-1.80105554,-3.66915056,3.73372426,-6.83221274,1.61016149,-15.73928317,21.97165865,-6.68834031,-6.94770358,-27.38899037,-6.57297442,-9.77035556
54.745,-1.98164852,-3.51075461,3.87735262,-6.78397448,1.74176325,-15.89466114,22.02077696,-6.75029055,-6.74847075,-25.52986143,-6.46024269,-10.09892771
54.75,-2.15157966,-3.33857458,4.03139493,-6.7546786,1.88269061,-16.06219152,22.05448251,-6.82684207,-6.52364734,-23.64208925,-6.35623446,-10.41657162
54.755,-2.2998055,-3.13641759,4.15131124,-6.74484924,2.10736926,-16.22281475,22.09839842,-6.93127741,-6.27333129,-21.74597492,-6.17604722,-10.63724423
54.76,-2.45605659,-2.90682156,4.31309066,-6.7416925,2.30917829,-16.39154344,22.10320192,-7.07890585,-6.04030225,-19.82149602,-6.07032139,-10.92417461
54.765,-2.60993692,-2.67195151,4.46177701,-6.74106549,2.51561963,-16.56468063,22.09534422,-7.23615516,-5.80164798,-17.88070613,-5.97279248,-11.17739726
54.77,-2.75778695,-2.41676251,4.61261841,-6.76164432,2.75187854,-16.73682076,22.07449997,-7.42030264,-5.55771618,-15.9418368,-5.87588794,-11.40155196
54.775,-2.92079284,-2.14824654,4.77431917,-6.77195214,2.94780794,-16.91092875,22.02503845,-7.62963511,-5.32481475,-14.00251231,-5.81166218,-11.68350462
54.78,-3.0716445,-1.84715635,4.92784019,-6.81056493,3.2372334,-17.07166165,21.983569,-7.87455065,-5.07703542,-12.10221155,-5.7242368,-11.84829269
54.785,-3.22641842,-1.52730646,5.0892307,-6.85986635,3.54487067,-17.21753877,21.93238788,-8.14684359,-4.83299113,-10.23913074,-5.64821976,-11.99186126
54.79,-3.37770117,-1.19812877,5.24361867,-6.92733725,3.90854602,-17.35968239,21.88470905,-8.43463413,-4.60010696,-8.4319484,-5.58450367,-12.05206064
54.795,-3.54274725,-0.84487813,5.40750935,-6.99783962,4.2622262,-17.47142645,21.82609075,-8.75792072,-4.37977313,-6.68891186,-5.52313505,-12.12984059
54.8,-3.7148541,-0.49159864,5.57014946,-7.07706891,4.63018039,-17.57108995,21.76768475,-9.08917117,-4.17303941,-5.0230667,-5.47590531,-12.18671212
54.805,-3.89734129,-0.13758271,5.73382909,-7.16253671,5.0162973,-17.65392849,21.71049631,-9.42636751,-3.98102064,-3.44335779,-5.44261396,-12.21951362
54.81,-4.09689553,0.21832601,5.89270151,-7.2500784,5.39546177,-17.68194912,21.649223,-9.77517762,-3.80288097,-1.9602557,-5.40269623,-12.2717859
54.815,-4.30124897,0.55128873,6.05153256,-7.35739196,5.81704582,-17.70455237,21.59336433,-10.10270264,-3.64430034,-0.57800511,-5.39861641,-12.26927962
54.82,-4.50539754,0.85475511,6.2047696,-7.48315464,6.25512412,-17.7552874,21.55117673,-10.39972903,-3.51095604,0.69436932,-5.42994381,-12.21341172
54.825,-4.72833934,1.15181818,6.35683892,-7.61216727,6.68383719,-17.74293666,21.507302,-10.69581114,-3.39359799,1.84941007,-5.45541207,-12.16957782
54.83,-4.98000241,1.41211418,6.48920482,-7.74084279,7.12414738,-17.61386224,21.44878151,-10.96560745,-3.30668246,2.88716416,-5.47345224,-12.14879903
54.835,-5.23626388,1.62181532,6.61554686,-7.89306509,7.58784244,-17.49755359,21.39560228,-11.18009168,-3.24357624,3.80627991,-5.546187,-12.08984434
54.84,-5.50145539,1.79527858,6.73307577,-8.05769322,8.03545618,-17.36912095,21.34881764,-11.35690907,-3.20398642,4.59892858,-5.64114011,-12.02254836
54.845,-5.77886573,1.91974727,6.84017226,-8.23601731,8.47610876,-17.21027877,21.30102129,-11.48462717,-3.19047955,5.26678923,-5.76211811,-11.95164666
54.85,-6.07053531,1.98864398,6.93362451,-8.43042395,8.914043,-17.01282594,21.24854126,-11.55619297,-3.20315247,5.80937439,-5.91147815,-11.87805156
54.855,-6.36586658,2.01127296,7.01353968,-8.63758862,9.31702102,-16.81261689,21.20542763,-11.57793027,-3.23763346,6.2250634,-6.09002694,-11.80251565
54.86,-6.65239624,1.99039036,7.07986149,-8.88203839,9.6746166,-16.61936421,21.17624568,-11.55199939,-3.29508664,6.50662507,-6.30455782,-11.72594611
54.865,-6.96759005,1.8956204,7.13235127,-9.11532264,10.03396613,-16.36663252,21.13402599,-11.45211774,-3.36667399,6.67551828,-6.53495238,-11.65430684
54.87,-7.26232064,1.77037374,7.17189772,-9.38384446,10.3226571,-16.14346376,21.11324993,-11.31584961,-3.44649845,6.72689297,-6.80046609,-11.57869051
54.875,-7.56389195,1.58739452,7.18145655,-9.67731167,10.58349375,-15.8856793,21.09925764,-11.12024273,-3.55258467,6.63862463,-7.08132413,-11.51681493
54.88,-7.85260794,1.36941807,7.17951262,-9.99705117,10.78543483,-15.63518599,21.10319246,-10.88364445,-3.65839315,6.44045458,-7.38852768,-11.4544033
54.885,-8.15708425,1.11092719,7.14097992,-10.34968112,10.98298278,-15.31537995,21.09418659,-10.60575338,-3.77135332,6.12549982,-7.70231558,-11.40305292
54.89,-8.42656895,0.80876803,7.09990817,-10.73418793,11.08840214,-15.03608192,21.11894854,-10.28180652,-3.89726142,5.70801233,-8.05532441,-11.35981848
54.895,-8.63234742,0.50558009,7.04166319,-11.13416444,11.02983334,-14.8802986,21.23297136,-9.9363427,-3.97728482,5.17424215,-8.44135427,-11.28243862
54.9,-8.91691682,0.10197601,6.95961647,-11.61041991,11.12280042,-14.4420873,21.21244159,-9.52601792,-4.13417283,4.57747418,-8.8124979,-11.29856797
54.905,-9.09938208,-0.28551354,6.8758619,-12.10838601,10.99881278,-14.20930869,21.31915859,-9.1054448,-4.2345888,3.87105297,-9.18963752,-11.26715892
54.91,-9.27229195,-0.70533829,6.75760336,-12.64858771,10.83083063,-13.9209957,21.42338437,-8.65424205,-4.32779783,3.09123901,-9.56852419,-11.25674927
54.915,-9.42366925,-1.14437156,6.61408488,-13.23887102,10.61814278,-13.60253924,21.53490997,-8.18340009,-4.40810995,2.23960224,-9.93420614,-11.26452509
54.92,-9.5700729,-1.60071819,6.4219,-13.87974072,10.39361044,-13.17538229,21.6325719,-7.69590304,-4.46264399,1.33135933,-10.29315709,-11.31395076
54.925,-9.62876169,-2.04708837,6.26140405,-14.56849564,9.97916815,-12.92481442,21.80444822,-7.20824922,-4.49618553,0.36063079,-10.58693061,-11.31120986
54.93,-9.66634696,-2.51104547,6.06118377,-15.31446849,9.54298942,-12.59132673,21.96690563,-6.70485224,-4.5113437,-0.64719614,-10.8606333,-11.34255218
54.935,-9.66695686,-2.97625013,5.84291547,-16.11593571,9.03554959,-12.23528765,22.13609386,-6.19800156,-4.4976138,-1.68634676,-11.08433013,-11.37988182
54.94,-9.62721318,-3.44296873,5.60544921,-16.97598315,8.46257666,-11.86086161,22.30970125,-5.68783044,-4.45965796,-2.74717072,-11.2552555,-11.42106187
54.945,-9.54602198,-3.9069144,5.34602506,-17.89159743,7.82297434,-11.46254853,22.48796992,-5.17712902,-4.40083475,-3.82163511,-11.36719565,-11.46446488
54.95,-9.42049322,-4.36117671,5.0874519,-18.86809192,7.09407165,-11.06290798,22.66057672,-4.67578643,-4.31384463,-4.89466797,-11.40200184,-11.4961775
54.955,-9.24980795,-4.81473215,4.80626134,-19.90497854,6.30311135,-10.64252268,22.82908238,-4.17476323,-4.21077548,-5.96166327,-11.36940972,-11.52070039
54.96,-9.03366553,-5.25893343,4.49310067,-20.99536957,5.46754402,-10.17052315,23.00118774,-3.68123448,-4.09788116,-7.02880906,-11.27205351,-11.54154898
54.965,-8.77797329,-5.69719793,4.21450268,-22.1532377,4.52514841,-9.73941662,23.13210397,-3.19754779,-3.9611572,-8.04526884,-11.07971487,-11.54241874
54.97,-8.48101067,-6.13330793,3.9139747,-23.35429395,3.54014947,-9.27263961,23.26274475,-2.71793931,-3.81889719,-9.0572273,-10.82320317,-11.52460977
54.975,-8.13162515,-6.56850898,3.59947914,-24.62044747,2.5043272,-8.78794017,23.37169304,-2.24524204,-3.66478578,-10.0224631,-10.48857507,-11.48660353
54.98,-7.74307322,-6.9920574,3.28998534,-25.93845187,1.41506156,-8.29410087,23.45268851,-1.79095597,-3.5104541,-10.94833674,-10.08378603,-11.43719516
54.985,-7.3112371,-7.41284524,2.97809605,-27.30659116,0.28139827,-7.79445197,23.51225545,-1.34712014,-3.35738598,-11.83383067,-9.61103577,-11.36811583
54.99,-6.84162709,-7.83104361,2.67501998,-28.71593712,-0.88155685,-7.29800701,23.54026931,-0.91672833,-3.20553669,-12.66938171,-9.08078312,-11.28421106
54.995,-6.33466466,-8.2415029,2.38030601,-30.16781397,-2.07564252,-6.80324538,23.53738214,-0.504913,-3.06322197,-13.45555066,-8.49608095,-11.19444279
55,-5.78769909,-8.65055497,2.09254462,-31.65605946,-3.27974418,-6.32158428,23.50872795,-0.10736806,-2.93015609,-14.19301748,-7.86403636,-11.08796629
55.005,-5.20553784,-9.05765666,1.82140954,-33.17523271,-4.48503571,-5.8600504,23.44737837,0.27500553,-2.80462769,-14.8758414,-7.19534615,-10.97584787
55.01,-4.59183217,-9.46496662,1.56877071,-34.71888295,-5.68182111,-5.42342233,23.35212522,0.64297479,-2.68442915,-15.50418102,-6.49893773,-10.86361289
55.015,-3.94739829,-9.85997595,1.33289034,-36.28157099,-6.85232315,-5.01653883,23.22743693,0.98727421,-2.58515535,-16.08027811,-5.7826275,-10.75548512
55.02,-3.26930132,-10.25518759,1.11408028,-37.85597333,-7.98425389,-4.65257109,23.07792402,1.31611922,-2.5014625,-16.60567977,-5.0509998,-10.6388579
55.025,-2.56818277,-10.640988,0.92048964,-39.43590829,-9.06441304,-4.33112504,22.89440711,1.6237842,-2.42889473,-17.07669155,-4.31973121,-10.53595995
55.03,-1.83964544,-11.02011487,0.74721415,-41.01340862,-10.08092347,-4.06363761,22.68669928,1.91285089,-2.37500411,-17.49810704,-3.59159688,-10.43305882
55.035,-1.08479841,-11.38651642,0.59432932,-42.58198997,-11.02129366,-3.85289687,22.46107191,2.17415393,-2.35493612,-17.88139154,-2.87046542,-10.33112295
55.04,-0.32214599,-11.73534863,0.47199763,-44.13152879,-11.87752658,-3.69453933,22.1939469,2.41834312,-2.32639821,-18.20018378,-2.17697008,-10.25595297
55.045,0.45210577,-12.07576685,0.36995354,-45.65416337,-12.6407581,-3.60150801,21.89654422,2.65021876,-2.3022934,-18.46524092,-1.51625321,-10.19224304
55.05,1.24912458,-12.39872328,0.28741619,-47.14909418,-13.30362463,-3.57583636,21.58802438,2.85284608,-2.31334683,-18.69918001,-0.88187444,-10.12709917
55.055,2.04835936,-12.68852533,0.2285395,-48.60268295,-13.85677257,-3.60349451,21.2492526,3.02614501,-2.3299904,-18.88356026,-0.28527469,-10.08184352
55.06,2.85811699,-12.95930324,0.19038993,-50.00991475,-14.30339982,-3.69900264,20.89070285,3.18121569,-2.35801148,-19.0222159,0.2712519,-10.03929581
55.065,3.6629576,-13.20847786,0.15765695,-51.36450183,-14.63721808,-3.85382772,20.50532698,3.318392,-2.38554471,-19.11848862,0.77580605,-10.01132018
55.07,4.47141703,-13.42417351,0.14439876,-52.65804003,-14.86050623,-4.06388975,20.10051441,3.42849785,-2.42146759,-19.17042241,1.24667481,-9.99229879
55.075,5.28014491,-13.60846376,0.13473344,-53.89099389,-14.97322889,-4.32363365,19.68666616,3.50768409,-2.48553619,-19.20123847,1.65721454,-9.97006481
55.08,6.07510916,-13.76317951,0.1300546,-55.04673889,-14.97194807,-4.63498237,19.24069152,3.57275894,-2.52436246,-19.17331732,2.03463313,-9.96174495
55.085,6.87461838,-13.8894734,0.12994802,-56.13175981,-14.8767804,-4.99051733,18.79538292,3.61087786,-2.59223881,-19.12955171,2.35471529,-9.93988132
55.09,7.65322349,-13.98070733,0.1189768,-57.13370233,-14.67733277,-5.37477985,18.32737767,3.62636726,-2.64969457,-19.04879281,2.6311579,-9.9258757
55.095,8.42955672,-14.04676044,0.10506887,-58.05218581,-14.39240652,-5.79892679,17.85708571,3.62238617,-2.72188563,-18.94464631,2.8658214,-9.90020952
55.1,9.19324381,-14.0801195,0.0828642,-58.88506491,-14.02746772,-6.24211092,17.37979405,3.59737321,-2.7931157,-18.81752933,3.0581628,-9.86699531
55.105,9.95098382,-14.0823549,0.05861263,-59.62701411,-13.59482201,-6.70520932,16.89941503,3.54989701,-2.87390927,-18.66243096,3.21715919,-9.81792086
55.11,10.62330609,-14.05956536,-0.03129092,-60.25521989,-13.06593112,-7.14063036,16.36177725,3.48647384,-2.91318035,-18.47441844,3.31495888,-9.81877617
55.115,11.40563694,-14.00924806,-0.04778852,-60.81646972,-12.54391082,-7.65749262,15.91321506,3.40251943,-3.02861852,-18.27453073,3.43601669,-9.6924602
55.12,12.05507048,-13.94979242,-0.16911935,-61.25898043,-11.92511405,-8.10981244,15.38137577,3.31912667,-3.0582803,-18.05250238,3.46808325,-9.66086225
55.125,12.7642542,-13.84060673,-0.25985753,-61.61074132,-11.30457171,-8.58939649,14.91038928,3.19223884,-3.14023869,-17.81835342,3.53844794,-9.52177822
55.13,13.38540912,-13.75124282,-0.41194633,-61.85825246,-10.64144712,-9.03863445,14.38301671,3.09090557,-3.17806761,-17.55748595,3.51459527,-9.46645688
55.135,14.003953,-13.63576745,-0.5757732,-62.0078096,-9.97136586,-9.4752709,13.87447848,2.96838445,-3.21238566,-17.29021933,3.4900261,-9.37525485
55.14,14.60597013,-13.49810821,-0.75810424,-62.05538324,-9.3071624,-9.89023133,13.37275856,2.83080391,-3.25106298,-17.0040354,3.45322535,-9.26545602
55.145,15.19433505,-13.28176509,-0.98195389,-61.99594249,-8.66193288,-10.25299209,12.90597364,2.6151984,-3.27782147,-16.74255207,3.49519707,-9.0134607
55.15,15.74826676,-13.15551961,-1.19822011,-61.85991622,-8.02844963,-10.63843166,12.40219201,2.49278671,-3.31627103,-16.43689496,3.40716343,-8.89767102
55.155,16.2473448,-12.93147241,-1.50526737,-61.59496876,-7.42470975,-10.94103383,11.91807891,2.2700012,-3.31024789,-16.1515791,3.39966192,-8.6685953
55.16,16.7604728,-12.78800469,-1.74685518,-61.27683442,-6.84601747,-11.27521048,11.42632089,2.13993171,-3.33138978,-15.830237,3.2904116,-8.53366261
55.165,17.17210185,-12.53205812,-2.12595553,-60.81673562,-6.3323998,-11.51432245,10.93490816,1.88643564,-3.27074,-15.54339452,3.29493461,-8.25811591
55.17,17.58078059,-12.32770519,-2.47933559,-60.28969687,-5.85571009,-11.76886358,10.44396298,1.68710652,-3.24198067,-15.23692413,3.23536755,-8.0353942
55.175,17.9644552,-12.11924363,-2.84928335,-59.67874966,-5.42600141,-11.99329109,9.96021406,1.48497395,-3.20460066,-14.92750169,3.16606563,-7.82442211
55.18,18.30982246,-11.90554467,-3.2412441,-58.98110651,-5.04992412,-12.19861924,9.47658283,1.27771537,-3.14861865,-14.62052475,3.10242602,-7.60397468
55.185,18.62644044,-11.69244459,-3.64779725,-58.20529908,-4.72511796,-12.38727519,8.99731106,1.07099942,-3.08792971,-14.31448158,3.03421608,-7.38645462
55.19,18.91087891,-11.47734367,-4.06875577,-57.35215216,-4.45345473,-12.56073352,8.52102965,0.86306519,-3.01564263,-14.0106577,2.96787313,-7.16990692
55.195,19.16668297,-11.26388115,-4.4984464,-56.42633257,-4.23184119,-12.72314473,8.04909226,0.65764813,-2.93701921,-13.70949182,2.90177164,-6.95835412
55.2,19.3938094,-11.0505544,-4.9354464,-55.43041894,-4.05813126,-12.87614425,7.58196934,0.45393088,-2.85004226,-13.41247792,2.83722757,-6.75299938
55.205,19.59172019,-10.84141477,-5.37536084,-54.36852237,-3.92823028,-13.02842158,7.1171064,0.25641764,-2.75847322,-13.11981057,2.77861055,-6.55465186
55.21,19.76502219,-10.63298325,-5.81781158,-53.2431946,-3.84085839,-13.17305393,6.65977663,0.06204145,-2.66226154,-12.83405769,2.72425787,-6.36852014
55.215,19.91692046,-10.42775315,-6.24816333,-52.05797759,-3.78159095,-13.32003958,6.20774423,-0.12281355,-2.56068267,-12.55063667,2.66454096,-6.19066967
55.22,20.04686103,-10.22672685,-6.6695819,-50.81716336,-3.75565335,-13.46846618,5.76056421,-0.29856249,-2.45287358,-12.27198052,2.61724853,-6.02695096
55.225,20.15887271,-10.03022489,-7.08121349,-49.52212238,-3.75457735,-13.61668011,5.3230712,-0.46545817,-2.34579437,-12.00144124,2.57361719,-5.87897793
55.23,20.26038823,-9.84240178,-7.48337113,-48.17744027,-3.77109859,-13.76091604,4.90161549,-0.62116556,-2.25092951,-11.74195414,2.52949471,-5.75105909
55.235,20.34589517,-9.65852377,-7.85966004,-46.78402898,-3.80021378,-13.91336362,4.48469297,-0.76266773,-2.14508927,-11.48335321,2.49340766,-5.63536851
55.24,20.41671035,-9.47877986,-8.20951676,-45.34448478,-3.84063016,-14.07213599,4.07383841,-0.89104699,-2.03057624,-11.23002723,2.47325339,-5.53659282
55.245,20.48069162,-9.30685414,-8.53348958,-43.8621009,-3.88275953,-14.23293679,3.67639473,-1.00409501,-1.92204642,-10.98548807,2.45820977,-5.45556523
55.25,20.53523741,-9.14186194,-8.82957286,-42.33742965,-3.92573081,-14.39900337,3.28914976,-1.10232008,-1.81045066,-10.74755242,2.45664357,-5.39220604
55.255,20.58583322,-8.98723085,-9.08764549,-40.77365795,-3.9591557,-14.56801762,2.91409342,-1.18065722,-1.70493537,-10.51610074,2.46400874,-5.34597894
55.26,20.63431344,-8.84072205,-9.31660493,-39.17140917,-3.9836646,-14.73613838,2.55517824,-1.24382247,-1.60188534,-10.29281637,2.48127377,-5.31697005
55.265,20.67881697,-8.70614776,-9.5084496,-37.53276526,-3.99587681,-14.90710245,2.20793776,-1.28691335,-1.50013916,-10.07625093,2.51469805,-5.3042115
55.27,20.72016631,-8.58084332,-9.66511257,-35.85794861,-3.9933792,-15.07931455,1.87478504,-1.31370358,-1.39950525,-9.86858721,2.55987409,-5.30571172
55.275,20.80320505,-8.47477679,-9.72591702,-34.16663776,-3.90698919,-15.22607954,1.57585323,-1.29983836,-1.35937251,-9.66210145,2.59615783,-5.31967089
55.28,20.82658711,-8.36344995,-9.82606951,-32.41487056,-3.88072873,-15.41022067,1.26594255,-1.30391351,-1.24347409,-9.47374372,2.68074995,-5.35007877
55.285,20.85870197,-8.28617196,-9.86907674,-30.64311835,-3.84092965,-15.57595639,0.96838144,-1.26532904,-1.13654618,-9.28793495,2.79086099,-5.3877798
55.29,20.89591746,-8.22306934,-9.86017926,-28.84231193,-3.76593263,-15.73144988,0.68745768,-1.20537796,-1.04388817,-9.11024352,2.90828441,-5.4322392
55.295,20.89692588,-8.17846017,-9.86299338,-26.99934312,-3.73842378,-15.90688963,0.4012319,-1.13630133,-0.90654378,-8.94157848,3.04757029,-5.48124358
55.3,20.92188667,-8.15350516,-9.7811307,-25.14359186,-3.64272414,-16.05827321,0.13796344,-1.03403024,-0.80936138,-8.77749405,3.19959538,-5.53500681
55.305,20.94320118,-8.1522735,-9.6633959,-23.26656881,-3.54212553,-16.20018297,-0.11439455,-0.90890782,-0.70793078,-8.62187768,3.37286914,-5.5902048
55.31,20.98626508,-8.17424427,-9.47074565,-21.38284386,-3.39728262,-16.28261815,-0.34286625,-0.75255415,-0.63517002,-8.476663,3.5679018,-5.64503817
55.315,21.00046318,-8.22782861,-9.27917947,-19.47980539,-3.28267255,-16.39209151,-0.57755679,-0.57657247,-0.52689735,-8.33827703,3.78796814,-5.69749339
55.32,21.00147554,-8.30910049,-9.06391601,-17.56936872,-3.18343927,-16.49795762,-0.81220278,-0.38033989,-0.41092735,-8.20775679,4.0239972,-5.74671826
55.325,20.99565014,-8.41899675,-8.82049471,-15.6615221,-3.08900907,-16.58690225,-1.04473348,-0.16148686,-0.29184516,-8.08192349,4.27641207,-5.78992684
55.33,20.98393474,-8.56243501,-8.55119729,-13.77220459,-3.00211889,-16.65965923,-1.27683132,0.08295562,-0.16775167,-7.96512624,4.55022131,-5.82688102
55.335,20.96656371,-8.73849772,-8.26114348,-11.91134826,-2.92489102,-16.7174374,-1.510691,0.34977118,-0.03779008,-7.85420357,4.84352713,-5.85531455
55.34,20.93650459,-8.96245119,-7.96429082,-10.09298892,-2.86278139,-16.81400541,-1.75763828,0.65087445,0.10684805,-7.74390798,5.13723457,-5.85781965
55.345,20.91954836,-9.19053887,-7.62883955,-8.33046724,-2.81030662,-16.80156994,-1.99096022,0.9518958,0.23641966,-7.65907649,5.48246526,-5.87918764
55.35,20.90090652,-9.46325137,-7.29522583,-6.63891884,-2.75440495,-16.79087717,-2.23295616,1.28200821,0.3825259,-7.57774603,5.8316367,-5.87424734
55.355,20.88207687,-9.76962925,-6.95878059,-5.02755478,-2.69192473,-16.79942093,-2.48589177,1.63171678,0.5351704,-7.49695321,6.17328094,-5.83172405
55.36,20.87089371,-10.07639354,-6.6152457,-3.50286944,-2.65234364,-16.74795558,-2.73748604,1.97315665,0.68379332,-7.4367282,6.54875356,-5.79397421
55.365,20.86493178,-10.38854856,-6.27494182,-2.07488344,-2.61544281,-16.66889285,-2.99340486,2.30852649,0.83530615,-7.3886707,6.93113772,-5.73946132
55.37,20.86683733,-10.68705316,-5.93889677,-0.74934326,-2.60637041,-16.54630551,-3.24958862,2.62326707,0.98276321,-7.36272054,7.33301185,-5.6958875
55.375,20.87442416,-10.99199177,-5.60945823,0.46317608,-2.59317995,-16.41727888,-3.51307644,2.93217348,1.13576515,-7.34560468,7.73002178,-5.62598565
55.38,20.88896875,-11.27827401,-5.29210548,1.55993313,-2.58005412,-16.27908828,-3.78180381,3.2154169,1.28973977,-7.34168161,8.12073042,-5.52907802
55.385,20.90470382,-11.55690495,-4.98923986,2.53297266,-2.54631422,-16.13750438,-4.05842334,3.47714439,1.44131293,-7.35234778,8.50513012,-5.35373159
55.39,20.93032922,-11.79028122,-4.69387734,3.3877942,-2.56092871,-15.96268179,-4.33138529,3.69363097,1.58019371,-7.39039841,8.90105751,-5.21211258
55.395,20.97047043,-11.97078054,-4.39531089,4.11891617,-2.61867864,-15.77108177,-4.59732558,3.86201444,1.7032737,-7.4567843,9.28020917,-5.11760203
55.4,20.9992912,-12.1469334,-4.13034592,4.72114194,-2.62953341,-15.59297159,-4.87883586,4.00460465,1.84478235,-7.52948726,9.64526307,-4.8802016
55.405,21.04281871,-12.25912477,-3.8637453,5.19906667,-2.69515791,-15.3955062,-5.14982489,4.09125331,1.96138378,-7.63825244,10.00183435,-4.68816379
55.41,21.09257484,-12.32294266,-3.60581275,5.55085808,-2.77927546,-15.19944541,-5.41669533,4.12863597,2.06574528,-7.77344306,10.33146406,-4.47758324
55.415,21.16011474,-12.33757191,-3.34158228,5.7851963,-2.90211619,-15.0077345,-5.6659317,4.1259543,2.13571695,-7.94242506,10.61433641,-4.33748789
55.42,21.21447771,-12.29667554,-3.11556471,5.88476636,-3.01745237,-14.81820252,-5.93046312,4.0508882,2.2175242,-8.12681544,10.90226824,-4.00888814
55.425,21.29413049,-12.21383981,-2.8723788,5.87232793,-3.18270593,-14.6348696,-6.16479725,3.94895359,2.2802247,-8.35798968,11.13460316,-3.78473033
55.43,21.38270637,-12.0733986,-2.63619932,5.74240951,-3.36787254,-14.46457914,-6.38958923,3.79020362,2.31505795,-8.61500849,11.31576021,-3.53042833
55.435,21.48502113,-11.89422217,-2.39257878,5.49823129,-3.57285715,-14.30677639,-6.59638273,3.59668357,2.33478143,-8.91020118,11.43863215,-3.27672814
55.44,21.61913969,-11.70040449,-2.11843181,5.13217255,-3.79359137,-14.14833604,-6.78764201,3.40692882,2.34635615,-9.22915439,11.46322661,-3.13417692
55.445,21.72065249,-11.42424455,-1.90782723,4.68905388,-4.04997067,-14.04120934,-6.95877911,3.10875456,2.31920896,-9.62483552,11.55315325,-2.7057195
55.45,21.86080688,-11.12993934,-1.66142246,4.13917793,-4.32864554,-13.92653099,-7.10406691,2.81297848,2.28325566,-10.04444042,11.51957142,-2.41884079
55.455,22.01880359,-10.80280111,-1.41358258,3.50543693,-4.62050902,-13.81239847,-7.21898757,2.48853935,2.25261121,-10.50136074,11.38391459,-2.16650055
55.46,22.1807894,-10.44741826,-1.16655155,2.78816638,-4.93323054,-13.7350102,-7.31101956,2.13722287,2.18086527,-11.01651757,11.22732122,-1.83976072
55.465,22.34693438,-10.0762621,-0.90434681,1.99972617,-5.26303972,-13.7006238,-7.38071723,1.77471507,2.06065594,-11.58577463,11.03542757,-1.45733524
55.47,22.52871555,-9.68143981,-0.64472465,1.14888373,-5.58548432,-13.65141938,-7.41442178,1.39112753,1.97009727,-12.19670375,10.7173566,-1.13300806
55.475,22.71300751,-9.27455094,-0.3773144,0.2466047,-5.91365331,-13.64692733,-7.41745024,0.99737343,1.83411531,-12.86716024,10.35077772,-0.75216634
55.48,22.89995283,-8.85890771,-0.10025896,-0.69992962,-6.23557062,-13.6702368,-7.38903149,0.59736916,1.67778431,-13.59259421,9.91080151,-0.35156793
55.485,23.08557687,-8.43867445,0.18527029,-1.67953419,-6.54217927,-13.72699802,-7.3267883,0.19385049,1.49790326,-14.37806035,9.39215547,0.07314872
55.49,23.26581359,-8.01885017,0.47813831,-2.68333377,-6.8260922,-13.80997361,-7.23209826,-0.20971713,1.30305533,-15.22085003,8.7950607,0.51255249
55.495,23.43652087,-7.60224159,0.7751014,-3.70336684,-7.0755661,-13.92804556,-7.10488516,-0.61191814,1.09208465,-16.12173712,8.11249507,0.97413374
55.5,23.59503073,-7.18875383,1.07951469,-4.72775055,-7.29492895,-14.07291704,-6.94253524,-1.01363419,0.86404607,-17.08407206,7.35617847,1.45228383
55.505,23.73957419,-6.7924244,1.40058248,-5.75358476,-7.45997147,-14.3004445,-6.74051254,-1.40206929,0.62640918,-18.11235393,6.52703924,1.97687245
55.51,23.84264067,-6.38933434,1.68577871,-6.75689986,-7.58981864,-14.43333273,-6.52250915,-1.80630368,0.37726039,-19.19265497,5.58479164,2.42768747
55.515,23.94617153,-6.00377558,2.01415133,-7.75590595,-7.65378743,-14.72428223,-6.24802928,-2.19537887,0.1170821,-20.34366002,4.60459969,2.97903218
55.52,24.00621318,-5.62384686,2.31951009,-8.72494793,-7.67213825,-14.9751862,-5.95465745,-2.58959119,-0.15295948,-21.54688884,3.52417362,3.48106125
55.525,24.0335409,-5.25553707,2.62007159,-9.66166574,-7.63362706,-15.25279405,-5.62705827,-2.98316666,-0.43491936,-22.81030466,2.37135317,3.98355543
55.53,24.02919601,-4.89680117,2.91209709,-10.56958386,-7.53598643,-15.5586369,-5.2690373,-3.37836862,-0.72143127,-24.12733413,1.14860376,4.47608592
55.535,23.96093846,-4.55422551,3.16737944,-11.43114875,-7.37291317,-15.80275284,-4.90285631,-3.77776476,-0.99399513,-25.48985788,-0.17000262,4.91896246
55.54,23.90324397,-4.20177224,3.47872241,-12.25349512,-7.17242494,-16.2031277,-4.46030601,-4.18472549,-1.28680355,-26.91802185,-1.48371818,5.3953003
55.545,23.78734015,-3.86861555,3.73584316,-13.03596352,-6.91504744,-16.57076568,-4.01132083,-4.59542577,-1.573948,-28.38296841,-2.87015165,5.80776994
55.55,23.60108819,-3.55331007,3.94978332,-13.76381316,-6.57888103,-16.86480839,-3.56037484,-5.01223267,-1.83510172,-29.88197828,-4.3161046,6.17813163
55.555,23.42842049,-3.21898258,4.21200109,-14.4412651,-6.24646797,-17.28365166,-3.03222811,-5.44394808,-2.102445,-31.43009158,-5.74275466,6.50472989
55.56,23.18185615,-2.91332159,4.39997348,-15.07805045,-5.83694564,-17.62498476,-2.52015354,-5.87610307,-2.35912629,-32.99580817,-7.20138257,6.80102561
55.565,22.91336652,-2.60291814,4.58834549,-15.65914183,-5.40526546,-17.99414241,-1.96697719,-6.32048432,-2.59898024,-34.58910656,-8.64048671,7.0326485
55.57,22.63725512,-2.29284205,4.77203477,-16.18606466,-4.97622459,-18.43265359,-1.35830824,-6.77099615,-2.80613959,-36.20926598,-10.04281308,7.16249499
55.575,22.29659671,-2.00265406,4.91630992,-16.66860747,-4.48969583,-18.77901269,-0.77120604,-7.21853117,-3.01627509,-37.82375862,-11.41673482,7.31660969
55.58,21.93950231,-1.71117296,5.04048202,-17.09455764,-4.00132336,-19.14350721,-0.14313836,-7.67398362,-3.18993178,-39.44779661,-12.72591004,7.36702873
55.585,21.55814687,-1.42787653,5.14079149,-17.47048776,-3.50575612,-19.50138536,0.50633662,-8.1268599,-3.33830437,-41.06493307,-13.96469766,7.36432881
55.59,21.15203401,-1.15810708,5.21954582,-17.79877265,-3.01036515,-19.84345199,1.17393256,-8.570652,-3.45785843,-42.66881517,-15.10583749,7.30898259
55.595,20.72348439,-0.90150601,5.27415925,-18.0747183,-2.51542204,-20.1669989,1.85920377,-9.0031099,-3.55078875,-44.25128867,-16.14482086,7.20830365
55.6,20.27647936,-0.65880168,5.30288753,-18.30248125,-2.02961692,-20.4679228,2.56131173,-9.42058812,-3.61454951,-45.80448577,-17.06979295,7.06342028
55.605,19.81182324,-0.43518671,5.31044192,-18.48249377,-1.55655409,-20.74137564,3.27698976,-9.81623289,-3.65362317,-47.32122881,-17.8694275,6.88813837
55.61,19.3429788,-0.23777493,5.26542831,-18.62618135,-1.1043678,-20.99150033,4.01764624,-10.18498398,-3.65407388,-48.79926714,-18.52464614,6.66429793
55.615,18.84597441,-0.04891331,5.2546742,-18.70904493,-0.67029576,-21.19391536,4.74737253,-10.52815669,-3.66106693,-50.21451824,-19.07475157,6.46549645
55.62,18.34218737,0.1140425,5.20961416,-18.75150395,-0.26053425,-21.36883504,5.49255689,-10.84005723,-3.64072787,-51.57623181,-19.47657125,6.23645451
55.625,17.83652859,0.24819063,5.135983,-18.76060747,0.11729534,-21.50679267,6.24839473,-11.114298,-3.60541592,-52.87473157,-19.73873943,5.99945
55.63,17.33265567,0.35285153,5.03746542,-18.73907216,0.45845865,-21.60138025,7.01235627,-11.34814398,-3.56080245,-54.10494986,-19.86712855,5.76775387
55.635,16.81608702,0.43376291,4.95153513,-18.66690585,0.77343815,-21.66302897,7.77157342,-11.54151739,-3.51592265,-55.25233053,-19.86718582,5.54482702
55.64,16.30009481,0.48798609,4.85070858,-18.56270569,1.05000217,-21.68254753,8.53300806,-11.69763773,-3.47302759,-56.32045088,-19.74322588,5.32870159
55.645,15.79451841,0.50907355,4.72715324,-18.4400969,1.29299815,-21.6570155,9.30020801,-11.81038394,-3.42973395,-57.30538436,-19.52722098,5.14455573
55.65,15.26922662,0.5078201,4.63786298,-18.26634978,1.49046231,-21.61800804,10.03508034,-11.8825089,-3.42396605,-58.1876994,-19.17223893,4.94866493
55.655,14.75712503,0.48272957,4.52686304,-18.07738115,1.65736519,-21.53538949,10.77590299,-11.92113845,-3.41678396,-58.98292345,-18.73696855,4.77718822
55.66,14.25025238,0.43252948,4.41499464,-17.86452819,1.79221875,-21.41864452,11.50781683,-11.92311595,-3.42556458,-59.68042434,-18.21875086,4.62304035
55.665,13.75998399,0.35934373,4.26162136,-17.61705382,1.93738567,-21.22634109,12.24871236,-11.89962675,-3.44346171,-60.27440012,-17.62744637,4.51629431
55.67,13.23946935,0.2583963,4.17017205,-17.36301768,1.94505437,-21.12158311,12.92279171,-11.82715321,-3.50668599,-60.76159711,-17.00740647,4.33877713
55.675,12.76689019,0.14803778,4.07196603,-17.09243426,2.0597812,-20.84154728,13.62711419,-11.74365833,-3.58740458,-61.15770831,-16.23502288,4.28920542
55.68,12.281154,0.00668333,3.95251035,-16.80003732,2.09322859,-20.58323731,14.29166602,-11.62567406,-3.69908009,-61.43449576,-15.48587461,4.19642222
55.685,11.79121664,-0.14050562,3.88808504,-16.49814628,2.06247954,-20.3477243,14.92632264,-11.48378637,-3.82667664,-61.61587047,-14.70472339,4.08290971
55.69,11.32285236,-0.32208544,3.78786056,-16.19356812,2.0905705,-19.99221721,15.53974767,-11.3171255,-4.00422363,-61.68008924,-13.89776869,4.06635305
55.695,10.84381816,-0.50517466,3.72407115,-15.86994948,2.05232195,-19.67605939,16.11677142,-11.13817595,-4.2037523,-61.63854857,-13.09917503,3.99489135
55.7,10.36758159,-0.70047865,3.67555431,-15.54061135,1.99273848,-19.35277574,16.66135567,-10.94480565,-4.43361447,-61.49319741,-12.30194633,3.93184198
55.705,9.89379952,-0.89243353,3.65055077,-15.20179635,1.90217437,-19.07200385,17.1818314,-10.74757773,-4.67693666,-61.25075328,-11.50503075,3.84156131
55.71,9.42596846,-1.10641416,3.63309322,-14.86523367,1.81524093,-18.73222318,17.66188372,-10.53254168,-4.96271147,-60.90084651,-10.74544922,3.78841937
55.715,8.95593424,-1.32522128,3.63331152,-14.52822783,1.72864423,-18.3730679,18.10317786,-10.31177912,-5.26993381,-60.44815807,-10.02840036,3.73043383
55.72,8.4848483,-1.55491474,3.64900104,-14.19132224,1.637969,-17.99922386,18.50679474,-10.07968738,-5.60337294,-59.90511929,-9.36336028,3.6667221
55.725,8.01575977,-1.7737121,3.67434687,-13.85046156,1.52635951,-17.64544742,18.88249299,-9.85503078,-5.93812672,-59.26766857,-8.74080311,3.58111055
55.73,7.54494717,-2.00208424,3.72504671,-13.51489916,1.42049856,-17.28558599,19.21411103,-9.62102982,-6.2980379,-58.53749973,-8.17105261,3.49186692
55.735,7.07349759,-2.22272637,3.78603452,-13.17965849,1.30316206,-16.930201,19.51604323,-9.39254647,-6.66120933,-57.72674461,-7.6620512,3.3847161
55.74,6.59448669,-2.44336184,3.86939747,-12.84390363,1.18772465,-16.56506998,19.775916,-9.16258842,-7.03283032,-56.83251651,-7.22570929,3.26439257
55.745,6.11352346,-2.65258308,3.95978783,-12.51269659,1.06664443,-16.2090926,20.00523473,-8.94222945,-7.40360689,-55.86346052,-6.84700418,3.12466032
55.75,5.65640686,-2.85736931,4.05459583,-12.19074888,0.95939342,-15.92479834,20.22800386,-8.7223234,-7.77168002,-54.82762957,-6.46819057,2.97043
55.755,5.18732749,-3.04689368,4.17285241,-11.86942017,0.84056928,-15.6165999,20.41121992,-8.51396249,-8.13085527,-53.72230561,-6.17633008,2.79553618
55.76,4.71906191,-3.22857477,4.29802491,-11.55203584,0.73236015,-15.32824643,20.56855843,-8.31006219,-8.48175159,-52.55370552,-5.93039933,2.60409362
55.765,4.25399639,-3.39546809,4.43142638,-11.23907024,0.63004672,-15.06009929,20.70685386,-8.11640614,-8.81778319,-51.32829823,-5.72576923,2.39436804
55.77,3.7911691,-3.54579147,4.57402382,-10.92999398,0.5318299,-14.80795233,20.82625711,-7.93309905,-9.13145883,-50.0491306,-5.56112969,2.16869299
55.775,3.33888254,-3.6852582,4.72108042,-10.63166971,0.44660937,-14.58812299,20.9316101,-7.75723279,-9.43289906,-48.7183136,-5.42122361,1.922408
55.78,2.89267985,-3.80091907,4.86914461,-10.33305558,0.3652948,-14.38922261,21.030009,-7.5983354,-9.70214394,-47.34510447,-5.30615395,1.66284133
55.785,2.45472614,-3.90191124,5.02389792,-10.04272355,0.29866744,-14.21761848,21.11717142,-7.44914196,-9.94991669,-45.92769018,-5.21271912,1.38544263
55.79,2.02536505,-3.98368411,5.18043538,-9.75865883,0.240453,-14.06937788,21.19711909,-7.31188555,-10.16730004,-44.47064433,-5.13202475,1.09374649
55.795,1.60815629,-4.04653184,5.33841459,-9.48208604,0.19645158,-13.94943965,21.27374904,-7.18881159,-10.35669296,-42.97669632,-5.05946337,0.78525426
55.8,1.20165505,-4.08988477,5.49686394,-9.21244892,0.16535965,-13.85509523,21.34760376,-7.07861769,-10.51456751,-41.44829204,-4.99062983,0.46510061
55.805,0.80744305,-4.11327584,5.65595773,-8.9502398,0.14915637,-13.78678437,21.42112599,-6.98204204,-10.6380958,-39.88787003,-4.92083884,0.13372497
55.81,0.427396,-4.11693267,5.81463154,-8.69662509,0.15450857,-13.74865572,21.49452337,-6.90143341,-10.73679896,-38.29642533,-4.84928301,-0.21489791
55.815,0.0624859,-4.10210115,5.97216957,-8.45374027,0.17141745,-13.73277364,21.56844413,-6.83485851,-10.80206786,-36.67665636,-4.76555587,-0.57757918
55.82,-0.28862949,-4.06577913,6.12755991,-8.21872954,0.20833379,-13.74170135,21.64471914,-6.78455675,-10.83472582,-35.02899823,-4.6716985,-0.94817893
55.825,-0.62458606,-4.01018877,6.28169003,-7.9944783,0.26482272,-13.77317362,21.72235623,-6.75011846,-10.83805742,-33.35505341,-4.56365349,-1.33137327
55.83,-0.94779322,-3.93853267,6.43997899,-7.7817099,0.34270931,-13.82674542,21.79773048,-6.7277468,-10.80996975,-31.65350717,-4.45097722,-1.72304251
55.835,-1.25634542,-3.84316037,6.59126113,-7.57960917,0.44387199,-13.89892949,21.8738603,-6.72848854,-10.76004418,-29.9286236,-4.3178606,-2.12652576
55.84,-1.55120637,-3.73157061,6.74441712,-7.39061678,0.56826324,-13.98821823,21.94778201,-6.74419797,-10.6838093,-28.18069959,-4.17215504,-2.54142886
55.845,-1.83471565,-3.59869363,6.89927059,-7.21481005,0.71588603,-14.09109733,22.01640321,-6.77938212,-10.58172128,-26.40756866,-4.0222714,-2.95914776
55.85,-2.10719678,-3.45291616,7.0659648,-7.05657138,0.88321966,-14.20717605,22.0756118,-6.82767954,-10.45226629,-24.6126948,-3.87617978,-3.39423908
55.855,-2.36822812,-3.27578396,7.213366,-6.90872205,1.08979926,-14.33105893,22.1342986,-6.9120231,-10.31951579,-22.8073661,-3.69787065,-3.82198417
55.86,-2.62236604,-3.08856148,7.38114853,-6.77730989,1.30696231,-14.4597602,22.17814777,-7.00773338,-10.16050913,-20.98059424,-3.55228991,-4.26898728
55.865,-2.86797852,-2.87063559,7.53852331,-6.66306376,1.57336765,-14.59443284,22.21768463,-7.13848506,-9.99513055,-19.15301942,-3.37366345,-4.69532696
55.87,-3.1094859,-2.63803666,7.71071874,-6.56425086,1.84893736,-14.72473459,22.24076933,-7.28910583,-9.81596498,-17.31599169,-3.23329075,-5.14101729
55.875,-3.33530698,-2.37743579,7.89023671,-6.50328146,2.20054442,-14.86685813,22.26354961,-7.46941368,-9.61001285,-15.49681556,-3.04821018,-5.49278253
55.88,-3.5814593,-2.10632807,8.06780285,-6.4207367,2.48402003,-14.9702344,22.25167755,-7.67816068,-9.44113615,-13.67129531,-2.98195139,-6.0179882
55.885,-3.8160074,-1.81142627,8.25486203,-6.37647679,2.84541269,-15.08435234,22.23927279,-7.91170223,-9.24349991,-11.88244113,-2.87735,-6.43546818
55.89,-4.04134657,-1.49239388,8.45288038,-6.36754721,3.27529368,-15.21073146,22.22678894,-8.17684545,-9.04925068,-10.14271125,-2.75920143,-6.73398257
55.895,-4.28594888,-1.16264701,8.64879115,-6.34259998,3.63743658,-15.26287848,22.18745211,-8.46958481,-8.86787603,-8.43693814,-2.71577362,-7.22259876
55.9,-4.52400471,-0.82117886,8.85210628,-6.35505702,4.07450134,-15.33330303,22.14979897,-8.77850936,-8.68553139,-6.7987585,-2.66786308,-7.58211155
55.905,-4.764805,-0.47759443,9.066469,-6.38685865,4.52239882,-15.37355183,22.10409959,-9.09979703,-8.50568301,-5.22779576,-2.64568054,-7.93621322
55.91,-5.00884309,-0.13149286,9.27610082,-6.4369695,4.99055009,-15.39903296,22.05633001,-9.43363507,-8.34618508,-3.73932831,-2.63658957,-8.24382625
55.915,-5.25575616,0.20768953,9.48863652,-6.5079273,5.46929912,-15.40235215,22.00476286,-9.76996832,-8.19776443,-2.33739396,-2.64981618,-8.52327628
55.92,-5.5066385,0.52928586,9.70575894,-6.5989218,5.95564711,-15.37341925,21.94872769,-10.09883926,-8.05513107,-1.02821589,-2.69333473,-8.79186657
55.925,-5.76124505,0.83050729,9.92010748,-6.71068343,6.44733188,-15.3216443,21.89038779,-10.41361361,-7.92428723,0.18269444,-2.76205375,-9.02993608
55.93,-6.01976526,1.10217228,10.13462174,-6.84381844,6.94227614,-15.23452479,21.82829791,-10.7074469,-7.80080475,1.28917105,-2.86233995,-9.25396125
55.935,-6.27859098,1.34196259,10.33583829,-6.99719893,7.42506307,-15.13260698,21.76985792,-10.97515878,-7.69133226,2.28347389,-2.98390155,-9.43820398
55.94,-6.54132808,1.53790607,10.53469549,-7.17261069,7.90308244,-14.98795611,21.7069959,-11.20517724,-7.58643674,3.16778332,-3.13986904,-9.61620755
55.945,-6.8021457,1.69729193,10.71799088,-7.36922906,8.35811817,-14.83527123,21.65012161,-11.40291484,-7.49250131,3.93275977,-3.32101724,-9.75433386
55.95,-7.06435553,1.80217751,10.89165463,-7.58779825,8.79650921,-14.64340699,21.59148182,-11.55001852,-7.40218278,4.58265323,-3.53667743,-9.88391411
55.955,-7.32450384,1.85350075,11.04645989,-7.82887416,9.2082674,-14.4272934,21.5368113,-11.6447849,-7.31410074,5.11320993,-3.7842534,-9.99062883
55.96,-7.58573845,1.82994524,11.15486288,-8.09856263,9.61612132,-14.17257379,21.48344237,-11.65990568,-7.21806339,5.52243547,-4.06829716,-10.08624461
55.965,-7.82662671,1.79388623,11.28895894,-8.38652865,9.91699039,-13.93722049,21.45410139,-11.66771474,-7.13461542,5.80892838,-4.36956567,-10.13413054
55.97,-8.06440705,1.6752334,11.37221618,-8.7025072,10.20578779,-13.67122662,21.42743431,-11.58627816,-7.04994065,5.98065258,-4.71736873,-10.17933039
55.975,-8.29319864,1.50236887,11.4155749,-9.03890556,10.43855116,-13.38970282,21.41759338,-11.44377886,-6.94455964,6.03197982,-5.07798602,-10.20328268
55.98,-8.50698357,1.28248258,11.43139806,-9.40201633,10.60455303,-13.1012248,21.42998092,-11.24731564,-6.82742048,5.95920986,-5.46064574,-10.20714983
55.985,-8.69646125,1.01530273,11.42042769,-9.79905377,10.69166993,-12.81778042,21.46229121,-10.99444431,-6.69416055,5.78473148,-5.86530419,-10.18514534
55.99,-8.87912827,0.69220501,11.35972425,-10.23683298,10.7589211,-12.46603317,21.50108826,-10.68002866,-6.55169014,5.49259082,-6.27741587,-10.18469833
55.995,-9.03761396,0.33732482,11.27447768,-10.69440812,10.72800976,-12.13543035,21.57754479,-10.32001402,-6.38986364,5.08825478,-6.71003882,-10.1465473
56,-9.17281262,-0.06197196,11.14943647,-11.19297877,10.63657265,-11.77872939,21.67416825,-9.90456871,-6.21386127,4.58513544,-7.15088059,-10.10464428
56.005,-9.28499209,-0.49681373,10.97954173,-11.72897889,10.47993125,-11.39598701,21.79421779,-9.4407263,-6.02150024,3.98810397,-7.59428243,-10.05570555
56.01,-9.37082183,-0.96039386,10.76036147,-12.30868694,10.26229811,-10.98010042,21.93759734,-8.93399885,-5.81004165,3.30115059,-8.03170016,-10.00295367
56.015,-9.42591386,-1.44690056,10.50501181,-12.93218143,9.95739408,-10.55257705,22.10668854,-8.39032275,-5.58072039,2.5314902,-8.45152889,-9.93463895
56.02,-9.45315904,-1.95066585,10.20600675,-13.59832469,9.58665292,-10.09346303,22.29878708,-7.81469711,-5.33677418,1.68658992,-8.84531606,-9.8612744
56.025,-9.44718622,-2.46884517,9.86024466,-14.31886116,9.15126084,-9.59812171,22.50974141,-7.21046043,-5.07748524,0.77696546,-9.2048425,-9.78277734
56.03,-9.41193421,-2.98780293,9.42196933,-15.09065789,8.72087054,-8.97591815,22.7475363,-6.58627385,-4.79355063,-0.20421664,-9.53069398,-9.73189259
56.035,-9.33617589,-3.5052052,8.999891,-15.9175731,8.15757243,-8.36778253,22.98816662,-5.95726401,-4.48605481,-1.2095323,-9.78910066,-9.64760819
56.04,-9.22643994,-4.01957001,8.54261524,-16.79898581,7.51859101,-7.76562131,23.24129113,-5.32148566,-4.20087411,-2.26234534,-9.98302042,-9.54575435
56.045,-9.09156179,-4.53545759,8.0960016,-17.73444733,6.75350069,-7.2618306,23.47717409,-4.68089532,-3.94484574,-3.32843522,-10.10573036,-9.40331531
56.05,-8.90484612,-5.01974319,7.53999149,-18.73639802,6.05125466,-6.48847221,23.7458608,-4.05476646,-3.61905734,-4.43478205,-10.15411737,-9.2931719
56.055,-8.70155182,-5.51870977,7.04106309,-19.79575174,5.17864509,-5.90689929,23.96146418,-3.42625142,-3.36520815,-5.51875607,-10.12786291,-9.14850049
56.06,-8.45581754,-5.9877563,6.47194887,-20.91552881,4.31983893,-5.184137,24.18621478,-2.81840377,-3.08488372,-6.61798012,-10.01692921,-9.00125464
56.065,-8.17704863,-6.44135997,5.90207589,-22.09160444,3.410873,-4.43143452,24.38974865,-2.23366638,-2.81243573,-7.70915881,-9.82803355,-8.85678567
56.07,-7.8640875,-6.88201746,5.33541763,-23.32748724,2.46252893,-3.66467458,24.56455644,-1.66841678,-2.54180523,-8.77592297,-9.56181572,-8.7057874
56.075,-7.50441063,-7.30273251,4.73511327,-24.63868196,1.50103331,-2.86282563,24.71113252,-1.13842951,-2.29572246,-9.80808154,-9.21514276,-8.55451607
56.08,-7.11955016,-7.72355083,4.16444277,-25.99640824,0.49520555,-2.08748437,24.81613159,-0.62550467,-2.0620912,-10.80620601,-8.80258768,-8.40430074
56.085,-6.69811832,-8.1283857,3.59825281,-27.40964312,-0.51360495,-1.30426738,24.88769026,-0.14413893,-1.84594756,-11.76384994,-8.32269786,-8.25486598
56.09,-6.24602124,-8.53649999,3.05045508,-28.87312899,-1.53394363,-0.55273869,24.91215826,0.31608082,-1.64795074,-12.67008861,-7.78928995,-8.11227012
56.095,-5.76107286,-8.94233403,2.52303889,-30.38263374,-2.54873634,0.17375637,24.8937701,0.75197227,-1.4677138,-13.52177863,-7.20598831,-7.97764283
56.1,-5.24036616,-9.34401099,2.01142278,-31.93551864,-3.53653059,0.87804161,24.83901115,1.15565204,-1.31606616,-14.32579293,-6.57602891,-7.85049684
56.105,-4.68986714,-9.74989173,1.53671136,-33.52238986,-4.50717144,1.52504198,24.73563299,1.53954405,-1.18120953,-15.06402718,-5.91559416,-7.7392397
56.11,-4.10612883,-10.15539305,1.08925469,-35.13957112,-5.42548655,2.12402153,24.59596295,1.89455521,-1.07885558,-15.75004427,-5.22871487,-7.63557855
56.115,-3.49513788,-10.5618408,0.68765175,-36.77815671,-6.30737286,2.65066433,24.40813716,2.22827614,-0.99281267,-16.36668166,-4.52863073,-7.55517678
56.12,-2.85281754,-10.97406722,0.32002479,-38.43122385,-7.12200621,3.11272981,24.18525472,2.54132808,-0.93318286,-16.92676137,-3.81823845,-7.48024842
56.125,-2.18260924,-11.38548931,-0.00925701,-40.08819486,-7.86468401,3.49983114,23.92825106,2.82774768,-0.91300373,-17.43323707,-3.1070965,-7.41880363
56.13,-1.48497175,-11.79446451,-0.28748003,-41.74259092,-8.53418051,3.80493242,23.633948,3.0941515,-0.91032869,-17.87395939,-2.40464284,-7.36978622
56.135,-0.76628168,-12.19783734,-0.52107691,-43.38357377,-9.12626372,4.02300782,23.30278071,3.34202776,-0.92644165,-18.25237538,-1.72194259,-7.33819672
56.14,-0.02678425,-12.59156492,-0.70773086,-45.00230669,-9.6320883,4.15660383,22.93762453,3.56932214,-0.95939989,-18.5701577,-1.06317352,-7.31992293
56.145,0.73627567,-12.97642132,-0.85717412,-46.59125722,-10.04241464,4.20681,22.55002384,3.77164531,-1.0346936,-18.84188062,-0.43861734,-7.30647969
56.15,1.5204272,-13.341746,-0.95672435,-48.1418737,-10.3605943,4.17532616,22.13620189,3.9517346,-1.12730715,-19.05691289,0.14673651,-7.29815548
56.155,2.31544496,-13.68704487,-1.0231861,-49.64174223,-10.59089545,4.06108555,21.69421941,4.11486246,-1.22414599,-19.21694086,0.68859148,-7.30388657
56.16,3.12772805,-14.00695198,-1.05163765,-51.08601678,-10.72898809,3.87424298,21.23404825,4.25384958,-1.34511591,-19.32918461,1.18283886,-7.31289925
56.165,3.94898697,-14.29888603,-1.05214759,-52.46435842,-10.77830017,3.61706153,20.75419655,4.373157,-1.47251814,-19.39560418,1.62738344,-7.3283752
56.17,4.78054223,-14.55798714,-1.02777871,-53.77180158,-10.74098975,3.29573831,20.26002059,4.47055261,-1.60929408,-19.41624375,2.01903924,-7.34565412
56.175,5.62439931,-14.78489288,-0.97741471,-55.00144193,-10.62550068,2.92172266,19.75761155,4.54515806,-1.76085298,-19.39934894,2.34993192,-7.35605636
56.18,6.45555098,-14.97348367,-0.93420723,-56.13984823,-10.41982907,2.48777554,19.23111748,4.60572383,-1.87353682,-19.32774514,2.6359731,-7.37607226
56.185,7.3131293,-15.13133213,-0.85926399,-57.20132087,-10.16432865,2.02015027,18.72363419,4.63757629,-2.05515134,-19.25435253,2.85300319,-7.37980005
56.19,8.15084705,-15.24858289,-0.80475783,-58.1555209,-9.83317888,1.51708217,18.19437052,4.65794968,-2.17562545,-19.12208215,3.02157448,-7.3813637
56.195,8.99194261,-15.32889261,-0.74682083,-59.01622883,-9.44649045,0.98518787,17.6730204,4.6541212,-2.31809537,-18.97745661,3.1372995,-7.3777351
56.2,9.82881608,-15.37191647,-0.69447279,-59.77455674,-9.01577873,0.44022693,17.15515549,4.63033277,-2.45523766,-18.81062022,3.20184979,-7.36431502
56.205,10.65270274,-15.37615103,-0.65682577,-60.42789295,-8.54164901,-0.1132257,16.63891355,4.58857387,-2.57717944,-18.62094108,3.22012091,-7.34295541
56.21,11.47800417,-15.34748877,-0.6219772,-60.96613834,-8.0531485,-0.67618577,16.12843117,4.52764323,-2.71326196,-18.39132674,3.19861215,-7.30895029
56.215,12.26907788,-15.28505586,-0.63075858,-61.40292068,-7.51880663,-1.22593296,15.62351118,4.45335338,-2.79413535,-18.17322029,3.13284025,-7.2692551
56.22,13.03977044,-15.19112082,-0.66220337,-61.72240089,-6.97186737,-1.76402072,15.11942041,4.36128164,-2.86728199,-17.92688194,3.0312176,-7.22164663
56.225,13.80092105,-15.06993408,-0.71324533,-61.92722147,-6.43954589,-2.29820104,14.62829745,4.25183881,-2.94641058,-17.66097494,2.90197298,-7.16619511
56.23,14.4813972,-14.94510754,-0.83790583,-62.01511812,-5.84766996,-2.74103042,14.10733895,4.14623881,-2.97276008,-17.38489161,2.74069017,-7.10496762
56.235,15.16427529,-14.79061255,-0.95791414,-62.00172488,-5.28614915,-3.20272016,13.61124233,4.02410551,-2.99366833,-17.10598945,2.54949285,-7.03755557
56.24,15.83257745,-14.61205963,-1.08959835,-61.88371479,-4.76101146,-3.64823815,13.12843793,3.88767894,-3.00799495,-16.81844863,2.34088553,-6.96502061
56.245,16.51833242,-14.34622515,-1.23350419,-61.64533876,-4.36340202,-4.1550003,12.70608673,3.68414974,-3.00796436,-16.53579033,2.13647429,-6.89843967
56.25,17.12011974,-14.12595805,-1.43659023,-61.30792332,-3.90034893,-4.55138665,12.2424528,3.51932876,-2.9740293,-16.23874847,1.90705492,-6.81396674
56.255,17.69112922,-13.93355288,-1.62486911,-60.88710283,-3.41677719,-4.88841705,11.76535952,3.38810511,-2.95102574,-15.92603287,1.65752313,-6.72364455
56.26,18.20241814,-13.62950375,-1.91222933,-60.32467097,-3.08963857,-5.26334222,11.3153562,3.14917602,-2.8473983,-15.63524718,1.42212979,-6.67558693
56.265,18.6783004,-13.36267793,-2.18255486,-59.68813555,-2.75599916,-5.60756912,10.84753709,2.95476393,-2.72712479,-15.32911005,1.17789224,-6.60687964
56.27,19.11460319,-13.09165468,-2.47355279,-58.95650617,-2.45921577,-5.91687203,10.38065951,2.75400753,-2.60857415,-15.02168772,0.92908741,-6.55144403
56.275,19.50992298,-12.81323959,-2.77533019,-58.1389808,-2.20514723,-6.21936965,9.91029035,2.5501396,-2.46761365,-14.71151607,0.68456472,-6.5051926
56.28,19.86469827,-12.53117626,-3.08879899,-57.2360944,-1.99759792,-6.51119244,9.43737695,2.34329484,-2.3111094,-14.4010544,0.44413741,-6.47128674
56.285,20.17888087,-12.24639119,-3.40921171,-56.25291177,-1.83245864,-6.80252649,8.9609005,2.13533039,-2.13940148,-14.09093047,0.20926231,-6.4502173
56.29,20.44327932,-11.96936902,-3.73484116,-55.19538327,-1.70451716,-7.11474484,8.46898471,1.93596847,-1.95681483,-13.78025209,-0.00655832,-6.44709285
56.295,20.69863098,-11.6761865,-4.04572813,-54.06631698,-1.62107457,-7.39002764,7.99831592,1.72583323,-1.76303457,-13.470684,-0.23075076,-6.45283027
56.3,20.9113842,-11.39996454,-4.36995926,-52.86930766,-1.56712506,-7.69443219,7.52093619,1.52671105,-1.57741161,-13.1653654,-0.44342772,-6.47491012
56.305,21.08904729,-11.11858313,-4.67346145,-51.6091786,-1.54583473,-8.01800717,7.03658146,1.33058274,-1.36450627,-12.86099993,-0.63994973,-6.5145927
56.31,21.24321918,-10.84293388,-4.95559779,-50.29313123,-1.54626743,-8.35320356,6.55336834,1.14435558,-1.15141788,-12.55850568,-0.82109948,-6.56916887
56.315,21.36717396,-10.57023602,-5.22173017,-48.920028,-1.57568616,-8.71077939,6.06823256,0.96448733,-0.92451728,-12.26206352,-0.98375225,-6.64344997
56.32,21.47841376,-10.31089291,-5.4713335,-47.49620687,-1.61207043,-9.07749027,5.59440471,0.79747896,-0.71659359,-11.97024892,-1.13684812,-6.72872868
56.325,21.56013531,-10.05370772,-5.67874005,-46.02588142,-1.66821115,-9.47627294,5.11211565,0.64322072,-0.48193173,-11.68501976,-1.25797391,-6.83506105
56.33,21.63626616,-9.80904296,-5.86936965,-44.50831267,-1.72334544,-9.88145928,4.64863735,0.49976503,-0.26777945,-11.40806952,-1.37283418,-6.94923519
56.335,21.70241706,-9.57613835,-6.04720757,-42.94455073,-1.78004112,-10.30525793,4.20197426,0.36443009,-0.06457898,-11.14256184,-1.47927936,-7.07216887
56.34,21.75289055,-9.35616026,-6.18509704,-41.34153413,-1.83621284,-10.75034135,3.75852513,0.24845448,0.14608471,-10.8858686,-1.55614979,-7.20818158
56.345,21.79900435,-9.15001162,-6.28691754,-39.70045855,-1.8772693,-11.20389888,3.33135568,0.14833811,0.34551692,-10.64193836,-1.61451717,-7.34934215
56.35,21.83476327,-8.95963649,-6.35659079,-38.02124557,-1.91720275,-11.66936683,2.9159071,0.06517835,0.5452366,-10.41076905,-1.64641724,-7.49875512
56.355,21.86669858,-8.78824326,-6.38929847,-36.3059809,-1.93555293,-12.14039611,2.51788195,0.00179325,0.73416264,-10.19535331,-1.65928348,-7.64870116
56.36,21.89311474,-8.63385505,-6.39285203,-34.55498818,-1.94583236,-12.61627291,2.13767124,-0.04647133,0.92043438,-9.99531988,-1.64929627,-7.79979707
56.365,21.91808037,-8.50217612,-6.36649004,-32.76999638,-1.92921677,-13.0916357,1.7789764,-0.0752291,1.09536522,-9.81131019,-1.61878579,-7.94537279
56.37,21.93853276,-8.39385337,-6.30378786,-30.95223722,-1.8933267,-13.5625744,1.4387488,-0.08240317,1.26389839,-9.6456629,-1.56274131,-8.08559647
56.375,21.95290696,-8.31078785,-6.21034413,-29.10210893,-1.84599994,-14.02527407,1.11654476,-0.06912245,1.42898183,-9.49771135,-1.48178179,-8.21809748
56.38,21.96087123,-8.25393654,-6.0827048,-27.2213373,-1.78623976,-14.4756924,0.81203752,-0.03435762,1.58975474,-9.3682464,-1.37638921,-8.339875
56.385,21.9643534,-8.22583724,-5.92216157,-25.31381778,-1.71283945,-14.9050371,0.52749534,0.02220415,1.74370538,-9.25840005,-1.24683352,-8.44742936
56.39,21.96274502,-8.23859435,-5.73946987,-23.38346817,-1.61474558,-15.31725613,0.26084147,0.1104348,1.89218845,-9.16748023,-1.08775835,-8.53853017
56.395,21.95319106,-8.28291745,-5.52649547,-21.43258947,-1.51695722,-15.70272622,0.00995186,0.22062113,2.03840857,-9.09567645,-0.90528394,-8.6135629
56.4,21.93560925,-8.36485619,-5.28863995,-19.46725172,-1.41894966,-16.06007913,-0.22682514,0.35692587,2.18361833,-9.0424758,-0.69852397,-8.67003439
56.405,21.9007178,-8.46787722,-5.01966987,-17.48699297,-1.35348276,-16.40724233,-0.45461686,0.50318053,2.32932286,-9.01140755,-0.47495579,-8.70817505
56.41,21.89055523,-8.63948422,-4.72246344,-15.53414538,-1.18059309,-16.62032379,-0.65660478,0.70883927,2.44148263,-8.99753708,-0.1980681,-8.74694167
56.415,21.82337525,-8.85843456,-4.47422555,-13.5669947,-1.16493728,-16.96843917,-0.87671426,0.92647493,2.62662236,-8.992923,0.06481988,-8.71716603
56.42,21.76493269,-9.09468312,-4.15985936,-11.63467575,-1.12004227,-17.21796455,-1.08276208,1.16063197,2.77251746,-9.01600708,0.37591868,-8.69108674
56.425,21.72434139,-9.39588241,-3.85012736,-9.76371838,-1.0157555,-17.32420509,-1.27739398,1.44586245,2.90391792,-9.05222433,0.725746,-8.68820331
56.43,21.66796322,-9.74158986,-3.55405945,-7.94343542,-0.95406123,-17.44420263,-1.47679172,1.75270148,3.06674667,-9.10266455,1.07598383,-8.63573905
56.435,21.59543975,-10.11920684,-3.28618804,-6.18366323,-0.92472279,-17.62194136,-1.68267115,2.0650197,3.24820944,-9.16179603,1.4283177,-8.50471445
56.44,21.53476538,-10.51296596,-3.00433407,-4.51234031,-0.90438826,-17.68774663,-1.88748069,2.38829777,3.41284955,-9.24354829,1.82573665,-8.3987626
56.445,21.47642724,-10.92538788,-2.74114654,-2.93355917,-0.88935108,-17.71299247,-2.09568296,2.71535611,3.58099508,-9.33940995,2.23254423,-8.26933942
56.45,21.42175701,-11.34555336,-2.49866686,-1.45787337,-0.88420907,-17.70104679,-2.30920419,3.03694359,3.75315938,-9.44901812,2.65124317,-8.11705878
56.455,21.37084665,-11.76370959,-2.27827991,-0.09265593,-0.89059895,-17.65385596,-2.52833301,3.34626786,3.92700029,-9.57514186,3.07841543,-7.94685848
56.46,21.32229488,-12.16594237,-2.08416556,1.15758092,-0.90931366,-17.57741601,-2.75500824,3.63012162,4.10142227,-9.71382423,3.5128439,-7.74769008
56.465,21.27912883,-12.54865807,-1.91262437,2.28359753,-0.94014581,-17.47537445,-2.98864915,3.88954855,4.27543483,-9.86868045,3.94440527,-7.54185962
56.47,21.23801647,-12.8969456,-1.76841181,3.28415541,-0.98539324,-17.35348943,-3.23002649,4.11031901,4.44844255,-10.04026736,4.37272409,-7.3138045
56.475,21.20088852,-13.20861301,-1.64423408,4.1545436,-1.05178105,-17.21349685,-3.47801646,4.29239964,4.61448065,-10.22724398,4.79443249,-7.07911313
56.48,21.16496086,-13.47089947,-1.54676321,4.89433833,-1.13096021,-17.06770933,-3.73359707,4.4256679,4.7796546,-10.4320795,5.20013578,-6.82486829
56.485,21.13214771,-13.67939349,-1.46921442,5.49953439,-1.23513531,-16.91266884,-3.99450666,4.5077997,4.93251139,-10.65739318,5.58986289,-6.5632589
56.49,21.10524534,-13.83166267,-1.40533033,5.9705022,-1.36078918,-16.75927353,-4.25893496,4.53912415,5.0776463,-10.90140135,5.95005341,-6.30351399
56.495,21.08408393,-13.9215077,-1.35806484,6.30688994,-1.51294762,-16.60904871,-4.52405421,4.51646245,5.21057495,-11.17263464,6.2798955,-6.04380776
56.5,21.07198537,-13.94962714,-1.32022702,6.51107988,-1.6907586,-16.46694635,-4.78656144,4.44055773,5.32550189,-11.46457713,6.56830269,-5.79630582
56.505,21.06450207,-13.90542938,-1.29494095,6.58427672,-1.89165089,-16.33394697,-5.05026492,4.30480451,5.41768591,-11.78336626,6.81179601,-5.54358054
56.51,21.07768772,-13.80867835,-1.24842773,6.53789576,-2.12547156,-16.20394546,-5.29856973,4.13205745,5.49582227,-12.12838721,6.99501779,-5.33854101
56.515,21.09634648,-13.63927307,-1.2374317,6.34291647,-2.36363837,-16.10790994,-5.54675317,3.89446308,5.54832749,-12.51130534,7.12063795,-5.09384094
56.52,21.13457668,-13.42250524,-1.20570527,6.03226534,-2.62862088,-16.01444677,-5.77886862,3.62739154,5.58344693,-12.92641133,7.18310542,-4.88418711
56.525,21.18224888,-13.15406515,-1.17501931,5.60575515,-2.9182044,-15.93749749,-5.99753449,3.32177845,5.59476804,-13.38582492,7.19064158,-4.67472722
56.53,21.24910543,-12.83465049,-1.1371121,5.06553375,-3.23303106,-15.87100982,-6.19737059,2.98079693,5.58080095,-13.88405035,7.12989576,-4.48227422
56.535,21.3357183,-12.4653906,-1.0914475,4.41970937,-3.56888432,-15.81462768,-6.37378257,2.60698434,5.53741785,-14.42732671,6.9912034,-4.305882
56.54,21.45963741,-12.07489396,-1.01943744,3.66590309,-3.89652544,-15.74142422,-6.51873951,2.23279453,5.45020586,-15.00847776,6.71184414,-4.17543341
56.545,21.54902768,-11.60948342,-0.97012689,2.84151252,-4.29018041,-15.75803215,-6.65584942,1.78573937,5.35690068,-15.67183786,6.50700036,-3.96324416
56.55,21.67978212,-11.13695619,-0.88574536,1.92539156,-4.65942951,-15.75419975,-6.75377225,1.35236781,5.2158497,-16.37317795,6.12240529,-3.79721196
56.555,21.82461352,-10.64067364,-0.78266692,0.93644771,-5.03151166,-15.77205035,-6.82006629,0.90895552,5.04484661,-17.13132945,5.66275881,-3.63964613
56.56,21.9801462,-10.12601321,-0.65798087,-0.11225596,-5.39738818,-15.81040372,-6.84888966,0.46085414,4.841328,-17.95403341,5.11112341,-3.48722947
56.565,22.14495638,-9.60284152,-0.51420994,-1.21310554,-5.74615863,-15.8657718,-6.84188097,0.01384188,4.60777499,-18.83520539,4.46471493,-3.3411776
56.57,22.31421448,-9.06800316,-0.33912773,-2.35153762,-6.08238526,-15.95436568,-6.79412579,-0.43243704,4.3406547,-19.78296964,3.73090942,-3.19592329
56.575,22.49479335,-8.53713058,-0.08349733,-3.51863185,-6.43238767,-16.18695285,-6.70161522,-0.85725914,4.02789272,-20.79333522,2.90204179,-3.01175329
56.58,22.65524011,-8.00156533,0.10340378,-4.70071547,-6.68041468,-16.24082377,-6.57183449,-1.29788121,3.72097339,-21.86994929,1.97225729,-2.90880643
56.585,22.81486502,-7.46692952,0.34607506,-5.89001686,-6.90693171,-16.38424975,-6.39743321,-1.72657813,3.36694709,-23.00932065,0.94197658,-2.79133706
56.59,22.96257865,-6.93983525,0.6169905,-7.07341287,-7.09280876,-16.56548425,-6.1777312,-2.14603872,2.99092961,-24.21347808,-0.18546515,-2.67736954
56.595,23.11259976,-6.42931733,0.95774015,-8.25632493,-7.24081331,-16.86047082,-5.90857504,-2.53755162,2.61327063,-25.46808977,-1.40939879,-2.57421106
56.6,23.20610737,-5.91149541,1.21974593,-9.40095546,-7.3085756,-17.02118255,-5.6129272,-2.96571528,2.20863939,-26.78812975,-2.71490055,-2.4737255
56.605,23.28838474,-5.40104174,1.5273174,-10.5170304,-7.32733859,-17.25456723,-5.26715552,-3.38391578,1.77908094,-28.16215592,-4.11462255,-2.40729774
56.61,23.33936746,-4.90256922,1.84207639,-11.59259519,-7.28595236,-17.51339791,-4.87917891,-3.80286225,1.34936984,-29.58738721,-5.59072775,-2.35560939
56.615,23.36184694,-4.41012023,2.17154789,-12.62534761,-7.18290503,-17.80419018,-4.44980787,-4.22422761,0.93178833,-31.05743959,-7.13029274,-2.33486665
56.62,23.36365763,-3.93677096,2.53462911,-13.60437287,-7.02230811,-18.18396332,-3.96657554,-4.63248188,0.52520842,-32.57027099,-8.73010654,-2.40175125
56.625,23.30258466,-3.44592087,2.80924981,-14.52727674,-6.81420705,-18.43443124,-3.47470924,-5.09980446,0.10244516,-34.10952877,-10.35470052,-2.39496925
56.63,23.23079489,-2.98908648,3.12752581,-15.40123642,-6.53482205,-18.82311059,-2.92763555,-5.5310309,-0.2873496,-35.6773084,-12.01667508,-2.54876142
56.635,23.0923978,-2.51014231,3.38019153,-16.19911145,-6.22339265,-19.08057281,-2.37053096,-6.02466019,-0.67282613,-37.26396714,-13.65383551,-2.58800541
56.64,22.94591138,-2.06702206,3.65502624,-16.9458418,-5.84441915,-19.4723186,-1.75939221,-6.48150529,-1.01166603,-38.86397021,-15.30022974,-2.84581706
56.645,22.73949968,-1.60928493,3.88407224,-17.61323798,-5.45175978,-19.75378608,-1.14062763,-6.9852139,-1.34030786,-40.46639959,-16.88379378,-2.979832
56.65,22.50374574,-1.17411901,4.08423059,-18.22728011,-5.00678296,-20.06799564,-0.49775245,-7.48245696,-1.63902358,-42.0619974,-18.41248142,-3.1787718
56.655,22.25021182,-0.77755964,4.26701742,-18.77514468,-4.52489495,-20.44763203,0.19284151,-7.94645076,-1.86109639,-43.65332834,-19.86811843,-3.5840476
56.66,21.93964567,-0.37150463,4.42197192,-19.25207611,-4.04609965,-20.71909258,0.86831033,-8.44144156,-2.0987991,-45.21441397,-21.21670332,-3.78294802
56.665,21.62074723,-0.01589334,4.51657452,-19.67638681,-3.52889434,-21.05707343,1.59225531,-8.89452539,-2.25373931,-46.75950865,-22.45485047,-4.23371805
56.67,21.24634117,0.34513494,4.63290376,-20.01688294,-3.02454067,-21.30628199,2.30089545,-9.35627942,-2.40709307,-48.25935346,-23.56519391,-4.49625978
56.675,20.86862711,0.63854027,4.65448259,-20.31364891,-2.49756016,-21.59341584,3.0545058,-9.75993671,-2.47698256,-49.73019887,-24.53585866,-4.98294759
56.68,20.44301965,0.93816068,4.69696232,-20.53557944,-1.99171175,-21.81111105,3.7861757,-10.16783758,-2.56548078,-51.14404172,-25.35405494,-5.30304739
56.685,19.99894767,1.18961555,4.69153637,-20.70206253,-1.48187676,-22.02532963,4.53967716,-10.52768877,-2.5947698,-52.51054818,-26.01866326,-5.70324023
56.69,19.53581365,1.39866921,4.64750673,-20.81198298,-0.99253396,-22.20561146,5.30155831,-10.84216242,-2.59472475,-53.8182083,-26.52771453,-6.11859941
56.695,19.0643156,1.56080376,4.54649068,-20.88244762,-0.52799086,-22.34187761,6.07448716,-11.10819366,-2.56750676,-55.06553473,-26.88751005,-6.55136417
56.7,18.56706029,1.69427103,4.44654144,-20.8873194,-0.08410388,-22.44248164,6.84164832,-11.33094669,-2.528297,-56.24131086,-27.08805787,-6.95400516
56.705,18.04866743,1.78946564,4.33100837,-20.8288585,0.33392496,-22.50937394,7.60688065,-11.50627923,-2.47820858,-57.34031905,-27.13006001,-7.35059149
56.71,17.5244536,1.83969341,4.18013295,-20.73645856,0.71480788,-22.53385266,8.36968032,-11.6280871,-2.42504139,-58.36316719,-27.03315046,-7.73211406
56.715,17.00778337,1.84396048,3.96752251,-20.61259548,1.08399922,-22.47685111,9.14995604,-11.69769078,-2.34540281,-59.30992487,-26.85011118,-8.08646818
56.72,16.45838791,1.82461067,3.81768355,-20.43283254,1.37813936,-22.43818553,9.88042991,-11.72434935,-2.33203644,-60.16081058,-26.46277438,-8.43730832
56.725,15.91595009,1.7680687,3.60990044,-20.22052148,1.66109542,-22.33185347,10.62379663,-11.70690888,-2.29749074,-60.93104501,-25.99289461,-8.76602168
56.73,15.38361805,1.67018246,3.33980844,-19.97442364,1.96413833,-22.12612376,11.3771681,-11.64289011,-2.25131402,-61.61189659,-25.44366247,-9.04132046
56.735,14.84076779,1.54467514,3.11583679,-19.70422283,2.1926578,-21.91990394,12.09047654,-11.53759109,-2.26523311,-62.1968001,-24.76947878,-9.30943105
56.74,14.28081136,1.40628887,2.94682008,-19.39983294,2.26081925,-21.84665583,12.75315937,-11.40598571,-2.35549902,-62.67436129,-24.05670934,-9.63461049
56.745,13.7583193,1.21102225,2.65222378,-19.079939,2.53596995,-21.41235158,13.46291589,-11.22108482,-2.379041,-63.07685235,-23.18862731,-9.75940833
56.75,13.22004215,1.00875627,2.43554171,-18.73464168,2.6557986,-21.11755896,14.11006295,-11.02323807,-2.50721893,-63.36456234,-22.32228996,-9.96654979
56.755,12.69276295,0.78197909,2.21172049,-18.37948308,2.7651892,-20.75348302,14.74301047,-10.79275787,-2.64782411,-63.56306769,-21.40248544,-10.11370636
56.76,12.1681329,0.54133622,2.00329457,-18.00713228,2.82578857,-20.4061162,15.34348848,-10.55320596,-2.8482189,-63.65647283,-20.46542353,-10.25894939
56.765,11.6509521,0.28587838,1.82688343,-17.62470172,2.86987104,-20.02623023,15.92110428,-10.29268001,-3.07667643,-63.65787591,-19.51040094,-10.36900402
56.77,11.14529603,0.01153571,1.63791992,-17.23823214,2.90678771,-19.56629653,16.47473256,-10.02067489,-3.33927406,-63.55893474,-18.56584041,-10.41332825
56.775,10.64392975,-0.26085406,1.50715922,-16.84003289,2.90359915,-19.18389481,16.99816862,-9.74880967,-3.64673106,-63.36607811,-17.62330868,-10.49379257
56.78,10.1537265,-0.54923052,1.37659468,-16.44541694,2.88768928,-18.73255411,17.49139545,-9.4709924,-3.99303967,-63.07988813,-16.70716311,-10.50490417
56.785,9.66461607,-0.84428257,1.25925236,-16.04806754,2.87910856,-18.19221382,17.95034693,-9.19207547,-4.36375503,-62.69959205,-15.84921862,-10.44878732
56.79,9.19413414,-1.13779614,1.17907809,-15.65476657,2.83298296,-17.78743571,18.38814198,-8.91883929,-4.77430687,-62.23166865,-15.00001036,-10.44155234
56.795,8.71874863,-1.43458803,1.14779204,-15.2554078,2.79201824,-17.26790682,18.78573084,-8.64781283,-5.20679068,-61.67565654,-14.21629397,-10.34341942
56.8,8.25884263,-1.7311884,1.11874656,-14.86622855,2.73205698,-16.81744618,19.15783709,-8.38649697,-5.66923968,-61.03514463,-13.46906065,-10.25907427
56.805,7.79918682,-2.02028905,1.13308923,-14.47929998,2.67157568,-16.33904533,19.49537995,-8.13858211,-6.15065532,-60.31494332,-12.78515819,-10.13018901
56.81,7.34839263,-2.30294731,1.16251271,-14.09735733,2.59916609,-15.88720154,19.80587043,-7.90341801,-6.64493222,-59.51671598,-12.14987978,-9.98850279
56.815,6.90245089,-2.58061951,1.22351105,-13.71979861,2.52134158,-15.44847023,20.08769381,-7.67772035,-7.14950785,-58.64357247,-11.5646698,-9.82126954
56.82,6.4628636,-2.84591767,1.30055915,-13.34827053,2.43415646,-15.03219572,20.3444609,-7.46900621,-7.65707547,-57.69951714,-11.02917883,-9.63646681
56.825,6.02378869,-3.1059926,1.41007796,-12.97898845,2.35279659,-14.63011337,20.57027499,-7.26763813,-8.16570841,-56.68678371,-10.54125498,-9.42127233
56.83,5.58769387,-3.354406,1.54174256,-12.61393769,2.27252709,-14.24832201,20.7695409,-7.07930076,-8.66866214,-55.60851801,-10.09502251,-9.18258692
56.835,5.15494197,-3.5843692,1.68674697,-12.25232584,2.18350219,-13.8947578,20.94958911,-6.90697973,-9.15172839,-54.46967296,-9.6886922,-8.9317929
56.84,4.72213562,-3.80334462,1.85614912,-11.89270456,2.10047766,-13.56512865,21.10420187,-6.74488444,-9.62081073,-53.27231447,-9.31523635,-8.65593503
56.845,4.29384894,-4.00734251,2.03282589,-11.53892313,2.02077435,-13.26944231,21.23860941,-6.59478967,-10.06984923,-52.01701492,-8.96713478,-8.35981562
56.85,3.87474251,-4.19807476,2.20869457,-11.18938153,1.93927553,-13.01326628,21.36258636,-6.45348709,-10.49132819,-50.70964391,-8.6400758,-8.04800836
56.855,3.45272164,-4.36810547,2.40259734,-10.84020236,1.86265953,-12.78290994,21.46644866,-6.32644192,-10.87969292,-49.35275466,-8.33263998,-7.72236041
56.86,3.03822178,-4.52416464,2.59348868,-10.49510865,1.79024769,-12.59113667,21.55958485,-6.2058703,-11.23228832,-47.94682059,-8.03802789,-7.38351994
56.865,2.62500944,-4.66199506,2.79062165,-10.15206576,1.72586435,-12.43337079,21.63851987,-6.09631869,-11.54909615,-46.49537216,-7.75233447,-7.03427066
56.87,2.21763296,-4.78179422,2.98363907,-9.81120736,1.6665803,-12.31201839,21.71031749,-5.99519081,-11.82139701,-45.00110192,-7.47320544,-6.68248564
56.875,1.81752903,-4.8855396,3.17009768,-9.47389221,1.61532147,-12.2275461,21.77541877,-5.9013849,-12.05166313,-43.46443183,-7.19675589,-6.32969553
56.88,1.41723873,-4.968538,3.36279592,-9.13821829,1.57363846,-12.17624482,21.82832066,-5.81796064,-12.23365038,-41.88848207,-6.92000152,-5.98061212
56.885,1.02373009,-5.03465101,3.54592416,-8.8068486,1.54176356,-12.16235295,21.8759276,-5.74204762,-12.36922372,-40.27453081,-6.64300843,-5.64264185
56.89,0.63950709,-5.08254468,3.71730176,-8.47845098,1.51975671,-12.18169498,21.92227987,-5.67420893,-12.4547469,-38.62444694,-6.36490131,-5.32597195
56.895,0.26399516,-5.11238361,3.87551164,-8.15451181,1.51069599,-12.23288755,21.96610332,-5.61571909,-12.49357802,-36.93963957,-6.08482146,-5.03756426
56.9,-0.07109523,-5.12030804,3.98480606,-7.84051651,1.48644914,-12.27349319,22.05217494,-5.54901732,-12.41525852,-35.23061911,-5.78317378,-4.84883567
56.905,-0.47657104,-5.11326578,4.19942825,-7.52719808,1.53549721,-12.4299023,22.02564248,-5.53036094,-12.41568724,-33.4721204,-5.52466071,-4.54679642
56.91,-0.82639901,-5.09075632,4.31689856,-7.22014676,1.57259562,-12.57087058,22.06158726,-5.49872855,-12.30569118,-31.69327995,-5.23231414,-4.39494674
56.915,-1.18476464,-5.04447983,4.47746655,-6.92846902,1.62237787,-12.74689825,22.06891016,-5.48631889,-12.14687254,-29.8845796,-4.96805916,-4.26447539
56.92,-1.45548696,-4.93197262,4.55668117,-6.64672067,1.75945061,-12.81626561,22.17932566,-5.52190361,-11.88831179,-28.07743623,-4.75907426,-4.24877754
56.925,-1.78684952,-4.88861431,4.66997636,-6.3980357,1.88331452,-13.06611185,22.17216467,-5.49604855,-11.64009933,-26.21511734,-4.41274615,-4.26665768
56.93,-2.18477024,-4.79003917,4.83341719,-6.11095998,1.95367804,-13.37131397,22.09262192,-5.54630917,-11.42824659,-24.32291558,-4.21326014,-4.34025202
56.935,-2.46885896,-4.6599955,4.95295184,-5.88796301,2.13544649,-13.56672339,22.11485867,-5.60885258,-11.0913542,-22.44094039,-3.98265193,-4.44597949
56.94,-2.82727525,-4.51372532,5.09869001,-5.63673633,2.2314349,-13.86710857,22.05000634,-5.6996259,-10.77324371,-20.52675351,-3.85872463,-4.73564799
56.945,-3.13529101,-4.33673547,5.21817804,-5.42012067,2.44850718,-14.12497088,22.02491306,-5.82537394,-10.42608239,-18.62819624,-3.69452876,-5.03538033
56.95,-3.44234457,-4.14623312,5.35879819,-5.23087895,2.64789299,-14.39265393,21.97804894,-5.96642142,-10.03069708,-16.72298515,-3.60371619,-5.43566211
56.955,-3.74739856,-3.93642542,5.48570817,-5.0535551,2.89396316,-14.68447359,21.92709297,-6.13505126,-9.63319524,-14.83529095,-3.5524997,-5.90920263
56.96,-4.0438439,-3.6802316,5.64312837,-4.90450618,3.16674254,-14.92322063,21.86939613,-6.36792256,-9.23945776,-12.98227871,-3.50132476,-6.41803552
56.965,-4.34213219,-3.4262547,5.78513337,-4.770791,3.47807223,-15.21575927,21.80678769,-6.59968651,-8.83357516,-11.15886097,-3.53635161,-7.01892636
56.97,-4.63117229,-3.12515879,5.96359528,-4.6701822,3.80383604,-15.43871116,21.74070721,-6.90092673,-8.44511403,-9.39697518,-3.54799907,-7.6058463
56.975,-4.92359276,-2.83047814,6.12491539,-4.5843966,4.17057444,-15.71044403,21.67421278,-7.19699573,-8.06378939,-7.68744035,-3.65704346,-8.29492913
56.98,-5.21178484,-2.48629811,6.3118748,-4.5298066,4.56227029,-15.90122769,21.60868428,-7.56814239,-7.74119533,-6.06897303,-3.69557349,-8.8756799
56.985,-5.49744216,-2.1610162,6.51507567,-4.50670642,4.96488714,-16.1096743,21.54037026,-7.92185678,-7.39372566,-4.51629845,-3.83733372,-9.57006578
56.99,-5.77541328,-1.86470701,6.70848903,-4.50864977,5.39951756,-16.33011131,21.48362126,-8.24849758,-7.0637972,-3.04511969,-4.05302943,-10.30860723
56.995,-6.05502642,-1.52377261,6.92671339,-4.54333862,5.84563015,-16.46663363,21.42730106,-8.64250072,-6.80976108,-1.69164912,-4.16489329,-10.86570316
57,-6.32908157,-1.24750007,7.14999523,-4.60743256,6.31830178,-16.62543582,21.37462879,-8.96736031,-6.5303638,-0.41883708,-4.42716375,-11.57854843
57.005,-6.60229975,-0.94033453,7.36363337,-4.70513083,6.79005717,-16.72731853,21.33102087,-9.33603937,-6.34602292,0.72387951,-4.58321554,-12.08531581
57.01,-6.86934829,-0.71276302,7.57184761,-4.83394073,7.2918072,-16.82987056,21.28980483,-9.61761778,-6.1352497,1.77858428,-4.89395432,-12.75771287
57.015,-7.1331197,-0.46304007,7.80159693,-4.99645548,7.76252598,-16.88052538,21.2592219,-9.93368447,-5.99372623,2.69498642,-5.08419011,-13.18548219
57.02,-7.39191357,-0.27430196,8.02276133,-5.19425883,8.24950548,-16.91455866,21.22896465,-10.18630392,-5.86572205,3.5054687,-5.36162674,-13.67435908
57.025,-7.64452607,-0.13228455,8.22821516,-5.42467128,8.73021076,-16.92061927,21.2079719,-10.38645803,-5.75392193,4.19717927,-5.66228536,-14.12695723
57.03,-7.88846669,-0.03259519,8.42077906,-5.69126687,9.19411098,-16.90068717,21.19632982,-10.54063409,-5.66752933,4.76661391,-5.9701062,-14.5157069
57.035,-8.12474768,0.01934668,8.59866643,-5.99085631,9.63927709,-16.85704692,21.19288289,-10.64208041,-5.60410868,5.21570601,-6.29209548,-14.847871
57.04,-8.3487442,0.02821079,8.76691764,-6.33272257,10.05180163,-16.79510849,21.19844684,-10.694891,-5.56595627,5.54094612,-6.62395943,-15.11052213
57.045,-8.56570158,-0.0278683,8.89848071,-6.70988385,10.44349482,-16.69509488,21.21357703,-10.67169908,-5.53270246,5.74462887,-6.98284837,-15.34765822
57.05,-8.7693097,-0.12358462,9.01506383,-7.1199052,10.78334057,-16.58856154,21.24205675,-10.60143713,-5.52140713,5.8305837,-7.34103775,-15.49762881
57.055,-8.95883326,-0.27048022,9.10079278,-7.56791814,11.07564875,-16.47068976,21.28525558,-10.46843119,-5.52002083,5.79728547,-7.70817176,-15.58804408
57.06,-9.12827441,-0.45561375,9.16960984,-8.0573058,11.30552506,-16.35573916,21.34378233,-10.28275524,-5.51426328,5.65986036,-8.08199808,-15.60590156
57.065,-9.30722257,-0.69718307,9.16780879,-8.58802376,11.52327166,-16.13296212,21.39499428,-10.03456881,-5.53269349,5.39613917,-8.44726502,-15.63222533
57.07,-9.43158748,-0.96391735,9.18109222,-9.15793682,11.59966569,-16.02541926,21.49797022,-9.74338883,-5.54926478,5.03461837,-8.83498727,-15.5399403
57.075,-9.55136771,-1.27935524,9.15376,-9.76938372,11.6437382,-15.85745031,21.60139242,-9.39601947,-5.57411826,4.56937945,-9.22247142,-15.43046416
57.08,-9.65548441,-1.62760156,9.08745016,-10.42532622,11.62817485,-15.6629292,21.71693237,-9.00143944,-5.59852002,4.00795207,-9.60266578,-15.28368868
57.085,-9.73441682,-2.0018755,8.98840789,-11.12604672,11.52941896,-15.46832757,21.8522282,-8.56819156,-5.61033347,3.35641487,-9.97795762,-15.09841741
57.09,-9.81402246,-2.41639265,8.83116711,-11.87870426,11.43924571,-15.1575225,21.97545669,-8.08664206,-5.63196725,2.62155282,-10.32329941,-14.87717282
57.095,-9.83172115,-2.82418127,8.68013161,-12.66776099,11.12939872,-15.00113266,22.1576127,-7.59025603,-5.61986051,1.81494054,-10.67412492,-14.65187953
57.1,-9.83061106,-3.25914077,8.4858587,-13.51138564,10.77942529,-14.78488947,22.34013547,-7.05832116,-5.59966385,0.94178801,-10.99029588,-14.4092623
57.105,-9.8181132,-3.71310305,8.2239712,-14.40402246,10.41876731,-14.48360889,22.52439498,-6.49579722,-5.58472898,0.00254434,-11.2602322,-14.14312716
57.11,-9.75960914,-4.16185309,7.98394583,-15.35185898,9.88701959,-14.23862628,22.71911605,-5.92880982,-5.5174184,-0.96615728,-11.5031697,-13.90115643
57.115,-9.67959574,-4.61390288,7.69066141,-16.34661802,9.31177218,-13.95284977,22.91821009,-5.3474326,-5.44195342,-1.98055688,-11.69309684,-13.65882204
57.12,-9.56800352,-5.06565338,7.37053531,-17.39875913,8.66254671,-13.6370061,23.11565795,-4.75752865,-5.3424673,-3.02291872,-11.82834113,-13.42764758
57.125,-9.42496039,-5.51447906,7.0240843,-18.50371296,7.94235895,-13.29592182,23.30981849,-4.16293234,-5.21788336,-4.08318871,-11.90457982,-13.21095003
57.13,-9.24906377,-5.95654239,6.65224268,-19.66309863,7.15094268,-12.9250719,23.49592557,-3.56715003,-5.06984444,-5.15148736,-11.91649899,-13.01416641
57.135,-9.04416603,-6.38864712,6.25483954,-20.87062412,6.31974983,-12.51807594,23.67491118,-2.97591895,-4.89700433,-6.23067156,-11.86543814,-12.83441116
57.14,-8.80268653,-6.81612923,5.85300292,-22.13565015,5.40916551,-12.09592497,23.83059338,-2.39147715,-4.70029109,-7.29218194,-11.74515437,-12.68383179
57.145,-8.52804904,-7.23311937,5.45413453,-23.45553006,4.4487036,-11.64995229,23.96052076,-1.81627323,-4.47808466,-8.33036252,-11.55722849,-12.55692511
57.15,-8.21601512,-7.64577898,5.02909196,-24.83084098,3.45696584,-11.17328108,24.06828831,-1.24959129,-4.24494447,-9.34539671,-11.30044582,-12.44793064
57.155,-7.86893791,-8.04983663,4.59996807,-26.25725879,2.44116041,-10.6696377,24.14942441,-0.69752688,-4.00408392,-10.33115656,-10.97808657,-12.35951465
57.16,-7.48765765,-8.45603889,4.18053102,-27.73181174,1.40506058,-10.1502879,24.19507816,-0.15697359,-3.75110794,-11.27702095,-10.59304275,-12.28977918
57.165,-7.06916676,-8.85275022,3.74421426,-29.25074339,0.37601824,-9.59442959,24.21802194,0.36172087,-3.50925229,-12.19108584,-10.14657574,-12.23136582
57.17,-6.61852142,-9.26122981,3.3540357,-30.8146876,-0.6627577,-9.05910307,24.19030512,0.87558819,-3.25914605,-13.03981523,-9.64852053,-12.19486561
57.175,-6.13366053,-9.66917543,2.97592,-32.41628468,-1.68136483,-8.51372708,24.12736776,1.36899472,-3.02018349,-13.84038407,-9.10134148,-12.1700162
57.18,-5.61182536,-10.08177895,2.60335895,-34.05072371,-2.6588055,-7.96389717,24.03591845,1.84546206,-2.79984209,-14.59450167,-8.50902831,-12.14639212
57.185,-5.05574575,-10.49737204,2.26893982,-35.71615823,-3.59839517,-7.43275144,23.90348919,2.30284268,-2.58997065,-15.28655439,-7.88169448,-12.13405785
57.19,-4.46440244,-10.91782901,1.95635832,-37.40475367,-4.47952265,-6.91803577,23.74066698,2.74117979,-2.4064511,-15.92596443,-7.22407373,-12.12150409
57.195,-3.83750651,-11.34218229,1.66872679,-39.10970883,-5.29179781,-6.42616568,23.55091863,3.15631055,-2.26109851,-16.51598161,-6.54223778,-12.10564922
57.2,-3.17768417,-11.76607828,1.42870307,-40.82549577,-6.03809155,-5.97521729,23.32498899,3.5498356,-2.13345661,-17.04182016,-5.84589219,-12.09255588
57.205,-2.4888422,-12.18616212,1.23572174,-42.54288514,-6.71449451,-5.57476225,23.06247807,3.92353556,-2.0161119,-17.49840155,-5.14227405,-12.08250543
57.21,-1.76673787,-12.60424099,1.0705666,-44.25603499,-7.29891389,-5.21725343,22.78071514,4.26996526,-1.95040544,-17.91045212,-4.43830026,-12.05982803
57.215,-1.01559845,-13.00987831,0.94906454,-45.95682006,-7.79594436,-4.91544774,22.47327899,4.5856851,-1.91833262,-18.26883112,-3.74417904,-12.03052135
57.22,-0.23181273,-13.41027545,0.87163713,-47.63720196,-8.20524106,-4.66902417,22.14590756,4.88016434,-1.92073878,-18.57337695,-3.05560742,-11.98482131
57.225,0.57038128,-13.78592358,0.83348069,-49.28642555,-8.53176873,-4.49305593,21.78991797,5.14271803,-1.9405864,-18.82025259,-2.39458858,-11.94077071
57.23,1.39644087,-14.13909313,0.83227846,-50.89974178,-8.77103082,-4.38042695,21.4150582,5.3758966,-1.99099431,-19.01626542,-1.75994232,-11.88628563
57.235,2.23994018,-14.46746189,0.8640736,-52.46524409,-8.92891361,-4.33672026,21.01794424,5.58536168,-2.05348664,-19.15462537,-1.15256949,-11.82697651
57.24,3.1028976,-14.76210491,0.92293918,-53.98377496,-9.00216519,-4.35181247,20.61084809,5.75483577,-2.15833645,-19.26006261,-0.58788883,-11.75497651
57.245,3.97831184,-15.02178047,1.00958236,-55.43984342,-8.99869943,-4.43084797,20.18602724,5.89577169,-2.27458674,-19.31362557,-0.05611932,-11.67769053
57.25,4.86893373,-15.24117516,1.11811912,-56.83340987,-8.92265791,-4.56274079,19.75324734,6.00069704,-2.41705842,-19.3312414,0.42151729,-11.58051677
57.255,5.76719216,-15.42736478,1.23845104,-58.15459808,-8.77875832,-4.75501004,19.30972742,6.08215935,-2.56793394,-19.30633294,0.86259792,-11.47709526
57.26,6.6493992,-15.56820918,1.34855557,-59.38929232,-8.56384198,-5.00659631,18.83723237,6.13661841,-2.68768425,-19.22472937,1.26068486,-11.39403658
57.265,7.57241073,-15.67218246,1.49290477,-60.55980547,-8.31426066,-5.27675865,18.39691991,6.14982434,-2.89617423,-19.14524054,1.59941541,-11.24742564
57.27,8.45897598,-15.73725824,1.5953707,-61.628067,-7.99259601,-5.60963679,17.92128137,6.1512083,-3.03037745,-19.00517094,1.89903329,-11.13571299
57.275,9.36192328,-15.75909304,1.71255582,-62.61558205,-7.64404991,-5.95859886,17.46130741,6.1153573,-3.20998673,-18.852861,2.15007398,-10.99269051
57.28,10.24795679,-15.74500288,1.80084858,-63.50537125,-7.25945353,-6.33070749,16.99441318,6.05677406,-3.37273812,-18.67338306,2.35529693,-10.85004329
57.285,11.13407625,-15.6906119,1.8856403,-64.29571162,-6.85979136,-6.71499812,16.52938129,5.97030475,-3.54701734,-18.45640425,2.52788145,-10.68485264
57.29,11.99056028,-15.60756796,1.92301857,-64.98776692,-6.42725556,-7.11288169,16.0613269,5.86699484,-3.6880433,-18.23065047,2.65240535,-10.53120383
57.295,12.81634898,-15.49646468,1.92277762,-65.58534783,-5.96811906,-7.51274596,15.59014643,5.74823232,-3.79693119,-18.00089407,2.72469302,-10.39033979
57.3,13.64701658,-15.3525588,1.90808791,-66.06840852,-5.52741303,-7.9113775,15.13053633,5.60036404,-3.93133771,-17.72540997,2.79052181,-10.20928137
57.305,14.43136434,-15.19139287,1.845032,-66.45785333,-5.06277644,-8.29528989,14.66240415,5.44564848,-4.01478358,-17.45483226,2.80147932,-10.05157137
57.31,15.20847503,-15.00290845,1.75577355,-66.73843761,-4.63075541,-8.67107177,14.21022494,5.26448236,-4.11750959,-17.16675341,2.81497436,-9.85830107
57.315,15.89929015,-14.85568169,1.6053172,-66.91926679,-4.14989861,-9.00063256,13.70241943,5.1241042,-4.1572793,-16.8497689,2.72656969,-9.75511928
57.32,16.62632402,-14.59389795,1.43143598,-66.9928484,-3.74336832,-9.33268951,13.27533984,4.88136296,-4.18556084,-16.55442437,2.69864982,-9.54621163
57.325,17.2940923,-14.37758027,1.20857582,-66.96777594,-3.334194,-9.63971637,12.81910652,4.67329059,-4.20695475,-16.23865614,2.62633394,-9.35630563
57.33,17.92329266,-14.14865248,0.95250403,-66.84341513,-2.94361819,-9.9112806,12.36112322,4.45261113,-4.2056192,-15.91815067,2.5335891,-9.17535171
57.335,18.51442835,-13.9165718,0.65925012,-66.6225474,-2.5779525,-10.15200162,11.90212567,4.22431531,-4.18242271,-15.59250355,2.42688561,-8.9938593
57.34,19.06592462,-13.67958003,0.33184117,-66.30603492,-2.23501516,-10.36479544,11.44412727,3.98775044,-4.13622893,-15.26716828,2.30684138,-8.80786187
57.345,19.57459408,-13.4343049,-0.03021305,-65.89664453,-1.92730115,-10.54532154,10.98336451,3.73948146,-4.05866521,-14.93767269,2.18758784,-8.61685424
57.35,20.03960113,-13.19077102,-0.41729239,-65.39713128,-1.64690704,-10.70002814,10.51690787,3.48874345,-3.95278577,-14.60656322,2.0630078,-8.4211796
57.355,20.46467456,-12.95587614,-0.83308202,-64.81037727,-1.38979432,-10.82569269,10.04950139,3.23735576,-3.84801667,-14.27397566,1.92381856,-8.23150684
57.36,20.84878524,-12.725521,-1.2703074,-64.13998523,-1.16119968,-10.92696828,9.57935581,2.98482691,-3.72752549,-13.94160378,1.78263049,-8.04166661
57.365,21.1921832,-12.50052105,-1.72273878,-63.38624125,-0.96128445,-11.00562247,9.10717736,2.73369529,-3.59673342,-13.61182949,1.64031844,-7.85338299
57.37,21.50514424,-12.28575334,-2.18060274,-62.55783623,-0.78281193,-11.06499572,8.63662234,2.48761068,-3.46429817,-13.2810775,1.48570695,-7.66572761
57.375,21.77052685,-12.06780705,-2.66225605,-61.65322762,-0.63689762,-11.11331394,8.15994314,2.23410977,-3.31362882,-12.95217967,1.34958608,-7.47744578
57.38,22.00793908,-11.86041945,-3.13576854,-60.67814133,-0.51255603,-11.1487727,7.68593005,1.99030255,-3.16495832,-12.626604,1.20510653,-7.29160817
57.385,22.2111413,-11.65992041,-3.60900328,-59.63356334,-0.41249307,-11.17970504,7.21129237,1.75281296,-3.0125631,-12.30366459,1.06820921,-7.10844782
57.39,22.38738817,-11.46560847,-4.07606885,-58.52448632,-0.33466945,-11.20717432,6.74022148,1.52162704,-2.86345567,-11.98318784,0.93662968,-6.93099449
57.395,22.54060894,-11.27713188,-4.53007264,-57.35307027,-0.27673551,-11.23391172,6.27488776,1.29944451,-2.71671568,-11.6674357,0.80952435,-6.7599687
57.4,22.67056971,-11.09511646,-4.96894922,-56.12187693,-0.23651815,-11.26761792,5.81458893,1.08742902,-2.57425018,-11.35528684,0.68786783,-6.59439979
57.405,22.77591991,-10.91909288,-5.39197853,-54.8324481,-0.21395881,-11.31258958,5.35787592,0.88457309,-2.43354289,-11.04921161,0.57773741,-6.43670729
57.41,22.86999504,-10.75367055,-5.79793953,-53.48942539,-0.20464126,-11.36562273,4.91756718,0.69585771,-2.3192798,-10.75331871,0.47117693,-6.29381064
57.415,22.94283651,-10.58465279,-6.16329279,-52.0923923,-0.20910372,-11.44172772,4.47355126,0.5181597,-2.17561087,-10.4512525,0.3832628,-6.15343947
57.42,23.00983248,-10.42576744,-6.50616174,-50.64548586,-0.22303019,-11.52933794,4.04922799,0.35526048,-2.05822932,-10.16100798,0.30237718,-6.03210627
57.425,23.07220226,-10.27831147,-6.82654831,-49.15013737,-0.24350644,-11.6325599,3.64431298,0.20815805,-1.96302244,-9.88085141,0.22748549,-5.92828158
57.43,23.11673013,-10.1280634,-7.09596006,-47.60702459,-0.27233634,-11.76906029,3.23742296,0.07671914,-1.84308054,-9.59978226,0.17893261,-5.83374666
57.435,23.16101482,-9.98751305,-7.33933189,-46.01803041,-0.30541287,-11.9193595,2.8532491,-0.03953692,-1.74309765,-9.32976866,0.14069629,-5.76148371
57.44,23.2045982,-9.85749627,-7.55765446,-44.38408978,-0.33818411,-12.08884982,2.49036116,-0.13975841,-1.66288649,-9.07000556,0.10864121,-5.70905343
57.445,23.24230625,-9.73204445,-7.72849705,-42.7071696,-0.3684724,-12.28561627,2.1382854,-0.22136728,-1.57772331,-8.81429346,0.09538178,-5.6732867
57.45,23.27453336,-9.61397913,-7.86194272,-40.98732045,-0.39999351,-12.50548186,1.80003711,-0.28560045,-1.49278564,-8.56687097,0.10421173,-5.65842585
57.455,23.29945643,-9.50395712,-7.95758598,-39.22655211,-0.43529946,-12.75039467,1.47389668,-0.33271987,-1.40530172,-8.32806565,0.13490026,-5.66356064
57.46,23.32611704,-9.40581385,-8.01233786,-37.42548455,-0.45419527,-13.00951649,1.16687252,-0.35846422,-1.32884531,-8.09600654,0.17705121,-5.68807808
57.465,23.34420374,-9.31864199,-8.03096708,-35.58622005,-0.47978164,-13.29165098,0.87143257,-0.36616268,-1.24566941,-7.87455926,0.24350874,-5.73280306
57.47,23.35738943,-9.2442185,-8.01363672,-33.7094074,-0.49704444,-13.59043001,0.58976832,-0.35423763,-1.16632592,-7.6614856,0.32557633,-5.79635383
57.475,23.36588164,-9.18626418,-7.96196508,-31.79828725,-0.50148632,-13.90036413,0.32184408,-0.32054994,-1.09178824,-7.45793774,0.42629728,-5.87797876
57.48,23.36260712,-9.14442545,-7.86944001,-29.8534624,-0.52219657,-14.22662471,0.06158275,-0.26516191,-1.00243439,-7.26478178,0.54760714,-5.97394459
57.485,23.35300104,-9.12395643,-7.75189152,-27.87902829,-0.52332422,-14.55743432,-0.18784155,-0.1874554,-0.92326862,-7.07804251,0.6893146,-6.08624262
57.49,23.33119144,-9.12568405,-7.59751153,-25.87843807,-0.53461985,-14.89509559,-0.4314967,-0.08486961,-0.83351411,-6.90185495,0.84897182,-6.20844919
57.495,23.29761356,-9.15140815,-7.41190603,-23.85640024,-0.55174111,-15.2338502,-0.66957159,0.04166991,-0.73765382,-6.73594849,1.02492669,-6.33863172
57.5,23.25375805,-9.21017382,-7.20431108,-21.82216191,-0.55300413,-15.55616552,-0.90464611,0.19871995,-0.64593815,-6.57916494,1.22947252,-6.47505496
57.505,23.19493244,-9.29528077,-6.97133503,-19.77553231,-0.57880089,-15.88036538,-1.13860405,0.37843875,-0.54109727,-6.430873,1.44282567,-6.61340895
57.51,23.12213236,-9.40570717,-6.71133918,-17.72723662,-0.62169546,-16.20169754,-1.37248366,0.57909736,-0.42461159,-6.29367902,1.66436039,-6.75054271
57.515,23.05132109,-9.55916006,-6.4301311,-15.70459696,-0.60100016,-16.38307797,-1.59975259,0.81756975,-0.32561532,-6.17937885,1.95954658,-6.87812448
57.52,22.9360599,-9.72635337,-6.14497824,-13.67695513,-0.7342142,-16.79297494,-1.85498333,1.05999221,-0.18349043,-6.0505231,2.16732141,-7.0220342
57.525,22.83627823,-9.96079435,-5.8795016,-11.71391927,-0.76349795,-17.0013297,-2.10104738,1.35597877,-0.0638249,-5.94353998,2.4774504,-7.13765188
57.53,22.71283845,-10.19519458,-5.55378653,-9.78631777,-0.88040937,-17.28062835,-2.36159483,1.65047628,0.08054034,-5.84996589,2.75435627,-7.26264286
57.535,22.60348313,-10.48853966,-5.2909052,-7.94787338,-0.92402773,-17.42137587,-2.61987106,1.98529083,0.21640812,-5.76897739,3.09343979,-7.35417687
57.54,22.48238123,-10.79672339,-5.00731784,-6.18153142,-1.00496038,-17.57775722,-2.89130346,2.32678389,0.36798737,-5.70165426,3.42274651,-7.4380769
57.545,22.3663755,-11.11467204,-4.73886865,-4.50765571,-1.09284903,-17.67942407,-3.16663227,2.67044376,0.52083163,-5.65311781,3.7753457,-7.50846905
57.55,22.24602458,-11.44750732,-4.47330471,-2.92929197,-1.18829814,-17.77738694,-3.4522176,3.01644806,0.67916054,-5.61546512,4.12321469,-7.55786227
57.555,22.13149225,-11.77523339,-4.22736886,-1.46101941,-1.29332669,-17.83848545,-3.74220423,3.35042278,0.84110744,-5.60011417,4.4845892,-7.58860196
57.56,22.02224645,-12.09811243,-4.0018041,-0.10684977,-1.40193282,-17.86717962,-4.03618715,3.6700759,1.00266092,-5.60236884,4.85334086,-7.59802042
57.565,21.91596152,-12.4090254,-3.79389807,1.12823074,-1.5190287,-17.87632346,-4.33454854,3.96837108,1.16570872,-5.6253404,5.2242246,-7.58287639
57.57,21.8108839,-12.69416529,-3.60584194,2.24218398,-1.64923226,-17.87248627,-4.63845315,4.2354455,1.33278044,-5.67217797,5.59558294,-7.53944122
57.575,21.71498476,-12.95235956,-3.440971,3.22856721,-1.78805269,-17.84669088,-4.93922179,4.46839823,1.49454746,-5.74274137,5.96614951,-7.47629098
57.58,21.62115538,-13.17594499,-3.29644203,4.08878047,-1.94266434,-17.81461641,-5.24050021,4.66099089,1.65643265,-5.84086991,6.33149307,-7.38422388
57.585,21.53486276,-13.36334672,-3.17275178,4.82011425,-2.11096444,-17.77598556,-5.53565414,4.81101047,1.81367743,-5.96686094,6.68687706,-7.27097449
57.59,21.4500276,-13.50449783,-3.07004351,5.42364924,-2.30288032,-17.73899911,-5.82896269,4.90912725,1.96806575,-6.12159025,7.0324732,-7.12798554
57.595,21.40629986,-13.60325097,-2.95572059,5.88503849,-2.51722321,-17.65976816,-6.08460797,4.97227904,2.07815886,-6.3280967,7.35135696,-7.03180368
57.6,21.31029304,-13.64937556,-2.91248537,6.24501045,-2.75283496,-17.66998337,-6.3796955,4.95647976,2.25855946,-6.53080915,7.66438097,-6.79276703
57.605,21.24926441,-13.63981857,-2.85890106,6.46859274,-3.02114485,-17.64531584,-6.63926488,4.89446362,2.37605153,-6.7881778,7.9489493,-6.59451869
57.61,21.20438581,-13.58491842,-2.81580082,6.56984454,-3.3118409,-17.62958587,-6.8800508,4.78634728,2.48846669,-7.07895472,8.19726928,-6.39096534
57.615,21.17468607,-13.47713405,-2.78043249,6.55127796,-3.62891396,-17.62508508,-7.10171307,4.62459762,2.58619515,-7.4051592,8.40529769,-6.17962742
57.62,21.15978522,-13.32344273,-2.74188126,6.42219209,-3.96546252,-17.62752133,-7.29938412,4.41895548,2.66459996,-7.77534954,8.56393477,-5.96836043
57.625,21.15897452,-13.1219604,-2.71513402,6.17911743,-4.33046236,-17.65045101,-7.47566087,4.16100421,2.73642652,-8.18060474,8.67909453,-5.74051138
57.63,21.17600801,-12.88154318,-2.68397477,5.83116448,-4.71548335,-17.68099192,-7.62706198,3.86759559,2.78858074,-8.63110096,8.74088027,-5.51449873
57.635,21.20912077,-12.59995393,-2.65256677,5.38511274,-5.12430635,-17.72492136,-7.75139957,3.53387912,2.82410441,-9.12576303,8.75150939,-5.2841496
57.64,21.25444161,-12.28367743,-2.61892526,4.85077411,-5.55460259,-17.78662683,-7.84943454,3.16638207,2.84013965,-9.66893955,8.71224893,-5.04626286
57.645,21.31949249,-11.93361087,-2.57496449,4.2316535,-5.99872424,-17.85188227,-7.91587537,2.76872926,2.83721383,-10.25919689,8.60615939,-4.81574114
57.65,21.38646304,-11.56019638,-2.52549255,3.54105843,-6.47340368,-17.96311479,-7.96183872,2.34848802,2.79767698,-10.90234351,8.4698013,-4.55637147
57.655,21.4910697,-11.15018302,-2.45582577,2.78284139,-6.91361151,-18.0188284,-7.95763235,1.901524,2.76022747,-11.58726713,8.2074582,-4.35464132
57.66,21.58551081,-10.72578429,-2.37305899,1.97396351,-7.40152864,-18.16871182,-7.93585338,1.43872284,2.67215878,-12.33213545,7.92802464,-4.0838674
57.665,21.71096852,-10.27602236,-2.28444602,1.11043856,-7.82228629,-18.2331436,-7.86585311,0.96169886,2.58093187,-13.1259441,7.52681515,-3.89748396
57.67,21.83504512,-9.81246473,-2.18317816,0.21667651,-8.25010729,-18.34297862,-7.763836,0.47262786,2.45880948,-13.97919636,7.07279737,-3.68230968
57.675,21.9611503,-9.34139169,-2.05647921,-0.70914789,-8.64278754,-18.45989531,-7.63367493,-0.01654174,2.30428176,-14.88412213,6.52838064,-3.46827652
57.68,22.08640382,-8.86288586,-1.91389294,-1.65312977,-8.99648796,-18.57852704,-7.47013811,-0.50710412,2.12302835,-15.8442357,5.90254617,-3.26318518
57.685,22.20707562,-8.37854343,-1.75137977,-2.60423226,-9.31144319,-18.71057863,-7.27125446,-0.99828946,1.91451595,-16.86419438,5.19667171,-3.06094697
57.69,22.31789759,-7.89388476,-1.5716277,-3.55778456,-9.57168105,-18.84575144,-7.04106042,-1.48425787,1.68175368,-17.93944549,4.40395409,-2.86720785
57.695,22.414547,-7.41235203,-1.3774363,-4.50440268,-9.77171163,-18.98249558,-6.78046262,-1.96340813,1.42361304,-19.06968687,3.52280735,-2.68450512
57.7,22.49786794,-6.92573545,-1.15750493,-5.43896839,-9.91837168,-19.13117979,-6.48477286,-2.4423134,1.14772018,-20.25641865,2.56067599,-2.51311964
57.705,22.56058861,-6.44641762,-0.94271919,-6.36541008,-9.99128203,-19.27553827,-6.16761023,-2.91301743,0.84453574,-21.48856473,1.50364253,-2.35639853
57.71,22.59557175,-5.9746379,-0.7110445,-7.25492804,-10.00206117,-19.42641874,-5.81439228,-3.37564847,0.51694979,-22.78233488,0.37324629,-2.22272771
57.715,22.60445249,-5.51026634,-0.46458739,-8.11615716,-9.94463992,-19.58533524,-5.43277796,-3.83097133,0.17829276,-24.12476852,-0.83792067,-2.10874161
57.72,22.58727319,-5.04940661,-0.21215644,-8.94647627,-9.825093,-19.74688389,-5.02281725,-4.28449899,-0.18017856,-25.51217398,-2.12751779,-2.02470132
57.725,22.5386429,-4.59941773,0.04926358,-9.74029626,-9.63772854,-19.91598438,-4.5855971,-4.73040607,-0.54221998,-26.94508739,-3.48543073,-1.97079395
57.73,22.45661176,-4.16130755,0.30946612,-10.49461564,-9.38883191,-20.08696759,-4.12325179,-5.17098989,-0.91149515,-28.41703516,-4.90081744,-1.95143258
57.735,22.34144214,-3.73163874,0.56307424,-11.20902704,-9.08515208,-20.25711921,-3.63763673,-5.61059133,-1.28601008,-29.92244122,-6.36605378,-1.96897338
57.74,22.20868207,-3.32995427,0.85460102,-11.88151597,-8.71272737,-20.45755121,-3.11233123,-6.01755315,-1.63445615,-31.46030725,-7.87927847,-2.10885361
57.745,22.01523863,-2.92045282,1.06757985,-12.50973572,-8.32566956,-20.60885694,-2.59091905,-6.46505107,-2.00671727,-33.01877076,-9.38988582,-2.14769903
57.75,21.79920059,-2.53081348,1.30058769,-13.09133699,-7.88242964,-20.77534764,-2.0362354,-6.89351081,-2.35206223,-34.59985172,-10.91560961,-2.29836215
57.755,21.55084248,-2.16187065,1.51601567,-13.62933466,-7.39924762,-20.94786842,-1.46222901,-7.31150531,-2.67505985,-36.18932674,-12.42963923,-2.47994496
57.76,21.27272695,-1.81119906,1.71525764,-14.12113157,-6.89067633,-21.11434985,-0.86790373,-7.72096558,-2.97366648,-37.78333365,-13.9101883,-2.70841147
57.765,20.96578929,-1.48331472,1.89649096,-14.56831471,-6.35850418,-21.27611714,-0.25304639,-8.11825595,-3.24188535,-39.37785332,-15.34073007,-2.97451947
57.77,20.63232184,-1.17454217,2.05304075,-14.97054774,-5.81343077,-21.42797648,0.37869993,-8.50420792,-3.47974206,-40.96098404,-16.70457633,-3.27137226
57.775,20.27223814,-0.89261744,2.18505935,-15.3280034,-5.25948938,-21.57302878,1.02621424,-8.87221322,-3.68352885,-42.52817653,-17.97671485,-3.58256533
57.78,19.88996727,-0.63465978,2.29103284,-15.64157128,-4.7043197,-21.70381539,1.68922236,-9.22054173,-3.8513848,-44.06982711,-19.15160791,-3.91753221
57.785,19.48625452,-0.40474067,2.37011345,-15.91176649,-4.15350757,-21.82139402,2.36566085,-9.54440672,-3.98333415,-45.57915411,-20.21061872,-4.25800604
57.79,19.07424374,-0.23641291,2.39850505,-16.14844834,-3.57777941,-21.9091802,3.06853975,-9.80632439,-4.04816934,-47.05125898,-21.14360913,-4.68812366
57.795,18.62743846,-0.04130744,2.44501477,-16.32766617,-3.08032613,-21.99301718,3.75773058,-10.09703841,-4.13606451,-48.47284235,-21.94383262,-4.94905608
57.8,18.1805082,0.08974675,2.4275894,-16.47921416,-2.56610064,-22.05278496,4.47547648,-10.32260839,-4.15918726,-49.84590693,-22.60698599,-5.30605111
57.805,17.7152408,0.20481816,2.41156684,-16.58260857,-2.0909719,-22.0907777,5.19455414,-10.52285837,-4.16135453,-51.15684112,-23.12677598,-5.60782209
57.81,17.25362391,0.26963291,2.33629803,-16.66631625,-1.62894816,-22.09091268,5.93127803,-10.67156806,-4.12864987,-52.40595922,-23.50155126,-5.92314073
57.815,16.7729378,0.312662,2.27184519,-16.69440748,-1.2025633,-22.08076123,6.66539931,-10.78441803,-4.07889152,-53.57964666,-23.72592166,-6.18516323
57.82,16.2958556,0.31963952,2.16694069,-16.69786074,-0.80279028,-22.03352036,7.4101995,-10.85368663,-4.00655821,-54.67865165,-23.80856589,-6.43454013
57.825,15.82329208,0.28772875,2.03652218,-16.68303319,-0.44302926,-21.94880257,8.15759469,-10.87783048,-3.92911165,-55.69648428,-23.76059577,-6.63614553
57.83,15.3502639,0.22658868,1.88838114,-16.62695606,-0.10180684,-21.82109418,8.91086711,-10.86052304,-3.83371872,-56.62386695,-23.60568606,-6.7860531
57.835,14.83167923,0.15046893,1.81035604,-16.53881793,0.10859284,-21.8500585,9.58936898,-10.80872246,-3.8043314,-57.44279071,-23.32991958,-6.93657515
57.84,14.38017236,0.04533208,1.63008311,-16.42816187,0.39698874,-21.61332229,10.36141497,-10.72769726,-3.69569301,-58.19843452,-22.86684006,-7.03621088
57.845,13.91102874,-0.08726326,1.47225649,-16.29973863,0.62642704,-21.44490652,11.08728244,-10.60464253,-3.62579481,-58.84108463,-22.36890378,-7.10260314
57.85,13.45553148,-0.24322922,1.27445302,-16.14176822,0.86461148,-21.20929803,11.82149573,-10.45600686,-3.55206886,-59.38051773,-21.79446428,-7.08403135
57.855,12.98407923,-0.40927266,1.15624347,-15.97362975,0.98458496,-21.04408906,12.50428542,-10.27503634,-3.52638149,-59.81808391,-21.12111073,-7.13681924
57.86,12.53561462,-0.60324667,0.96811981,-15.7741854,1.15050012,-20.79194314,13.19786399,-10.07271077,-3.50628657,-60.14245632,-20.37446511,-7.05244181
57.865,12.09640087,-0.80539169,0.81046709,-15.57696908,1.2798123,-20.51834375,13.87602318,-9.84673781,-3.49111775,-60.37274132,-19.589458,-6.96098468
57.87,11.65209704,-1.0213986,0.6716279,-15.35374377,1.36238652,-20.26072161,14.51917116,-9.60474797,-3.52138674,-60.48736581,-18.76246602,-6.87352869
57.875,11.21360832,-1.24743139,0.54714731,-15.11940854,1.42099211,-19.99573981,15.1363826,-9.34863769,-3.57869711,-60.49106671,-17.91143503,-6.76238901
57.88,10.77101074,-1.47867047,0.46511357,-14.86573995,1.42472826,-19.76994378,15.72083527,-9.08096234,-3.66820095,-60.38754187,-17.05398869,-6.70070476
57.885,10.34756656,-1.72368525,0.34574944,-14.61462426,1.46664519,-19.47010161,16.28431854,-8.81035785,-3.79060029,-60.17201652,-16.19434665,-6.50873998
57.89,9.91897033,-1.96914259,0.27165526,-14.34750159,1.46125445,-19.19698594,16.8161529,-8.5316262,-3.93161325,-59.85676261,-15.3580619,-6.379855
57.895,9.4921184,-2.21549964,0.23844145,-14.0721541,1.43098959,-18.93946221,17.31712796,-8.24838945,-4.09444804,-59.43879848,-14.54615014,-6.26371882
57.9,9.06748239,-2.46213686,0.2080069,-13.79019947,1.39256912,-18.676524,17.78211373,-7.97045356,-4.28675649,-58.913722,-13.77943337,-6.13582664
57.905,8.64310583,-2.71423469,0.20155066,-13.50287252,1.34951935,-18.41515628,18.21466476,-7.69315311,-4.51282841,-58.29759741,-13.05517961,-6.00800296
57.91,8.21678123,-2.96187681,0.21747782,-13.21063101,1.29140332,-18.16824957,18.60891838,-7.42027732,-4.75619258,-57.58112765,-12.38886322,-5.90641561
57.915,7.78777076,-3.20817598,0.25462926,-12.91409149,1.22613322,-17.93294679,18.96620705,-7.15322792,-5.02287531,-56.77411409,-11.78620896,-5.82295076
57.92,7.35567366,-3.44949425,0.31325079,-12.61438054,1.15065677,-17.71514202,19.28758728,-6.89373592,-5.30570429,-55.87996285,-11.24796395,-5.76939982
57.925,6.92033006,-3.6836638,0.39128206,-12.30880597,1.0643728,-17.5192441,19.57685621,-6.64368588,-5.60178753,-54.9043013,-10.77300843,-5.74952059
57.93,6.48132724,-3.91085169,0.48754136,-12.00131396,0.97131695,-17.3442339,19.83103523,-6.40306632,-5.90799584,-53.84987724,-10.36387353,-5.76205113
57.935,6.03789047,-4.12897673,0.60020142,-11.69056663,0.87371257,-17.193446,20.05391894,-6.17337115,-6.22073707,-52.72305323,-10.01843935,-5.80937183
57.94,5.59197954,-4.33776239,0.72843082,-11.37808057,0.77142632,-17.06852165,20.24739479,-5.95402051,-6.53708601,-51.52774587,-9.72932889,-5.89155843
57.945,5.14496958,-4.53393271,0.86925268,-11.06355796,0.66535427,-16.97014837,20.4161853,-5.74742875,-6.85110372,-50.26950669,-9.49124953,-6.00775568
57.95,4.69574407,-4.71593212,1.01710061,-10.74741234,0.55718405,-16.89771626,20.56112829,-5.55486307,-7.15893711,-48.95316086,-9.30031774,-6.1575298
57.955,4.24433923,-4.88580744,1.17467993,-10.43415778,0.45137848,-16.85441052,20.68113881,-5.3734498,-7.4615671,-47.58145116,-9.15264102,-6.3392005
57.96,3.79559523,-5.03940435,1.33786284,-10.11896976,0.34608081,-16.83690126,20.78728188,-5.20583343,-7.74907136,-46.16148155,-9.03391087,-6.5483309
57.965,3.34857788,-5.17622587,1.50282292,-9.80645463,0.24411093,-16.84643413,20.87761134,-5.0529648,-8.0222959,-44.69612581,-8.94113514,-6.78397292
57.97,2.90508571,-5.29498136,1.66275082,-9.4971899,0.14691851,-16.88291283,20.95547928,-4.91502611,-8.27708744,-43.18931743,-8.86596768,-7.04238862
57.975,2.46658848,-5.39619643,1.82299233,-9.19099988,0.05609254,-16.94422606,21.02427534,-4.79105156,-8.51305416,-41.64490192,-8.8007271,-7.32058836
57.98,2.03273654,-5.48161378,1.98774637,-8.88997517,-0.02474449,-17.03096831,21.08240559,-4.67923267,-8.72932226,-40.06351763,-8.74365182,-7.61727047
57.985,1.61012982,-5.54781583,2.15042598,-8.59414343,-0.09806799,-17.13353271,21.14045313,-4.58170581,-8.91886156,-38.45223577,-8.67725717,-7.926429
57.99,1.19319792,-5.59339045,2.30638869,-8.30567482,-0.1574259,-17.26030184,21.19108457,-4.50093336,-9.0867506,-36.81062948,-8.60841687,-8.24733129
57.995,0.78427889,-5.61888137,2.45398216,-8.02637223,-0.20194992,-17.4096098,21.23677532,-4.43660445,-9.2326141,-35.1406238,-8.5317012,-8.57497197
58,0.38704324,-5.62570795,2.60127337,-7.75592149,-0.23207548,-17.57144018,21.28154248,-4.38635173,-9.35217788,-33.44405531,-8.43615334,-8.90871766
58.005,0.00165086,-5.6096534,2.73809984,-7.49772949,-0.24480257,-17.74496424,21.32588742,-4.35380254,-9.44315746,-31.72451151,-8.31916704,-9.24235719
58.01,-0.37478977,-5.57249686,2.86881704,-7.24997266,-0.23614312,-17.93243347,21.36637566,-4.33948038,-9.51310128,-29.98042684,-8.19159883,-9.57068154
58.015,-0.73868022,-5.51338416,2.99291177,-7.01703733,-0.2081774,-18.12612934,21.40459807,-4.34358625,-9.55688377,-28.21500952,-8.03622819,-9.8983625
58.02,-1.0912404,-5.43168618,3.11222563,-6.79799797,-0.1561431,-18.32357826,21.44000485,-4.36710631,-9.5770834,-26.42911061,-7.86169654,-10.21722806
58.025,-1.43317773,-5.32522858,3.22827069,-6.59437527,-0.07884217,-18.52152015,21.47004298,-4.41425912,-9.57782546,-24.62439766,-7.67065408,-10.52698151
58.03,-1.76520484,-5.19518287,3.34043645,-6.40698371,0.02334162,-18.71887043,21.49475669,-4.48289762,-9.55397392,-22.80363125,-7.46421277,-10.82193262
58.035,-2.08624138,-5.03797444,3.44868586,-6.23747439,0.15462782,-18.90818181,21.51449834,-4.578456,-9.51022119,-20.97058811,-7.24348492,-11.09887167
58.04,-2.37090257,-4.85297503,3.53280185,-6.09697752,0.35992946,-19.06973494,21.56169628,-4.69381195,-9.41397367,-19.14276761,-6.95211911,-11.31471285
58.045,-2.67480644,-4.63510456,3.65484879,-5.96944505,0.56422299,-19.23697858,21.56346774,-4.85537209,-9.34071397,-17.30075629,-6.72007423,-11.56249094
58.05,-2.99795101,-4.40735984,3.77278655,-5.84140793,0.73412448,-19.40771045,21.52814562,-5.03598039,-9.28327736,-15.44646122,-6.5392283,-11.81893327
58.055,-3.27176329,-4.14458261,3.88867313,-5.76270552,1.02660902,-19.55917611,21.53224623,-5.2437609,-9.15940516,-13.62628625,-6.28511077,-11.97879172
58.06,-3.55788292,-3.84277088,4.01438854,-5.69295789,1.31350157,-19.68046147,21.5108092,-5.50333662,-9.05056853,-11.82735347,-6.06199883,-12.14474139
58.065,-3.84333118,-3.51971155,4.1456481,-5.64430863,1.62861385,-19.78944548,21.47837021,-5.79144762,-8.93572146,-10.06246569,-5.85175148,-12.28632372
58.07,-4.12855369,-3.17136177,4.28627282,-5.61534562,1.97311099,-19.87788147,21.43858133,-6.11318509,-8.81709636,-8.34495227,-5.65378971,-12.40149621
58.075,-4.41275103,-2.80146086,4.43093527,-5.61162542,2.34124716,-19.93814185,21.39201329,-6.46750794,-8.69898546,-6.68634899,-5.46703843,-12.49348951
58.08,-4.69393144,-2.41841057,4.58494206,-5.63206851,2.74116107,-19.97588292,21.34405842,-6.84490962,-8.57943394,-5.09543259,-5.30025883,-12.551897
58.085,-4.98352744,-2.0234504,4.73153983,-5.66659332,3.15037133,-19.93615656,21.28861569,-7.24902394,-8.47042545,-3.58545284,-5.12317255,-12.60581467
58.09,-5.2634993,-1.62929858,4.89455489,-5.73838071,3.61013612,-19.88398406,21.2357729,-7.66208235,-8.36119041,-2.15721183,-4.98958524,-12.61301717
58.095,-5.54109056,-1.24193253,5.06102906,-5.83531121,4.09024364,-19.79600804,21.18512627,-8.08056164,-8.26095671,-0.82292485,-4.87967671,-12.59625413
58.1,-5.81629655,-0.86812034,5.23057747,-5.96030786,4.58685865,-19.67896504,21.13625397,-8.49716882,-8.17170225,0.41084806,-4.80073496,-12.55831572
58.105,-6.09431209,-0.54731147,5.38909275,-6.12191783,5.19012107,-19.4109201,21.07464822,-8.87850651,-8.11016422,1.54547827,-4.75179379,-12.48762234
58.11,-6.36563517,-0.20547636,5.5636784,-6.29689459,5.65144084,-19.28020297,21.03570563,-9.28158745,-8.02863856,2.55954481,-4.73528596,-12.42896557
58.115,-6.63401804,0.08333612,5.73846538,-6.50850748,6.16581106,-19.05333512,20.99074927,-9.64761255,-7.97403758,3.46200559,-4.7486291,-12.35571227
58.12,-6.90423968,0.28929659,5.88474641,-6.75947077,6.77853711,-18.70043803,20.93368018,-9.94385609,-7.9483764,4.2540728,-4.81518292,-12.25282327
58.125,-7.16430993,0.5147846,6.04755432,-7.02729592,7.21757601,-18.47166464,20.90329903,-10.25775682,-7.90312926,4.9129234,-4.89680884,-12.17548557
58.13,-7.42403433,0.62007116,6.17034573,-7.34446041,7.79726308,-18.0730064,20.85301784,-10.46485694,-7.89925545,5.46163698,-5.04149149,-12.07032281
58.135,-7.66883612,0.74051564,6.32519849,-7.67816703,8.19889848,-17.78704193,20.83172334,-10.68663926,-7.86743215,5.87600341,-5.19575376,-11.99051005
58.14,-7.91259888,0.73190249,6.40838488,-8.06721365,8.71539728,-17.3578754,20.79517599,-10.78283774,-7.87195231,6.17279687,-5.41337829,-11.89379805
58.145,-8.13193049,0.72766132,6.53952181,-8.48392801,9.06713727,-17.01001711,20.78832556,-10.88616386,-7.85835882,6.33658108,-5.65315541,-11.81845621
58.15,-8.34530843,0.62066136,6.60958615,-8.94198254,9.45378162,-16.59561221,20.77962097,-10.88150901,-7.86037937,6.38742549,-5.94716144,-11.74267112
58.155,-8.54044779,0.46560113,6.65874526,-9.43685947,9.76104072,-16.20416193,20.79166959,-10.82110033,-7.84188101,6.31213271,-6.26888338,-11.67223307
58.16,-8.71687435,0.25161783,6.67489059,-9.97442546,10.00747467,-15.81545916,20.82374468,-10.69273866,-7.81275455,6.11278686,-6.61164992,-11.61689887
58.165,-8.86708034,-0.01222341,6.66993055,-10.56062226,10.17900311,-15.44037711,20.87393913,-10.5046328,-7.76125896,5.80386789,-6.9832863,-11.56873717
58.17,-9.01038124,-0.31833262,6.61699745,-11.19733049,10.33201356,-15.00888109,20.93606197,-10.2637406,-7.69348523,5.36434339,-7.34751128,-11.56224176
58.175,-9.11564841,-0.66989384,6.55494574,-11.88087391,10.37940287,-14.62377371,21.02890057,-9.96379389,-7.60222736,4.82582085,-7.75380952,-11.55554521
58.18,-9.1915007,-1.05940103,6.4648619,-12.6156448,10.34672881,-14.24807571,21.14708979,-9.61038197,-7.48613408,4.18473859,-8.17291245,-11.56617927
58.185,-9.22672091,-1.48482567,6.37053256,-13.3951255,10.17556295,-13.94732749,21.30121236,-9.20347011,-7.34549327,3.44673586,-8.58613904,-11.55867736
58.19,-9.24616837,-1.93737108,6.19063256,-14.24494408,10.03450267,-13.49929816,21.46181011,-8.75118814,-7.15496867,2.62009134,-9.01872666,-11.65030397
58.195,-9.21614546,-2.40222995,6.0419935,-15.13991594,9.67377224,-13.24687132,21.6637654,-8.26793104,-6.97280608,1.70625183,-9.3867196,-11.65406605
58.2,-9.15575986,-2.89197702,5.78764167,-16.10467692,9.35528315,-12.83437215,21.88780277,-7.73598139,-6.73210457,0.71337908,-9.78979805,-11.78838819
58.205,-9.05479322,-3.38306266,5.54392659,-17.1237892,8.88657597,-12.47115809,22.13031276,-7.1844629,-6.44960813,-0.33537623,-10.13351544,-11.90134258
58.21,-8.92038391,-3.87533582,5.31102879,-18.20339557,8.28806106,-12.19618017,22.37806288,-6.61737621,-6.18050291,-1.43386894,-10.39755782,-11.95653676
58.215,-8.73120788,-4.35984687,4.99101867,-19.34865177,7.67273695,-11.782179,22.6643593,-6.02768216,-5.80849585,-2.58276837,-10.67131764,-12.14025849
58.22,-8.52492901,-4.85817809,4.73076857,-20.55278149,6.88426395,-11.52195023,22.91293527,-5.42923562,-5.51479298,-3.74984175,-10.80681642,-12.18640111
58.225,-8.26824488,-5.33872691,4.39820441,-21.81829335,6.04982153,-11.18743777,23.18450324,-4.82021912,-5.15583655,-4.94231024,-10.91227984,-12.29494772
58.23,-7.94861719,-5.76822759,4.01338445,-23.13734872,5.16887145,-10.74450166,23.50086114,-4.23215436,-4.70322595,-6.16835422,-11.00157,-12.51756828
58.235,-7.62666749,-6.24791552,3.69524623,-24.52159856,4.15472598,-10.4358528,23.72618845,-3.62096058,-4.36202413,-7.35814098,-10.93988251,-12.59213292
58.24,-7.25374501,-6.69388518,3.34254985,-25.96057892,3.07796396,-10.06468274,23.95735254,-3.02600652,-3.96577947,-8.54103486,-10.82178874,-12.70050261
58.245,-6.83145411,-7.12016056,2.96672059,-27.45384787,1.94776429,-9.67046018,24.18232777,-2.44647887,-3.55883434,-9.70904383,-10.64329835,-12.83100635
58.25,-6.37477699,-7.54095932,2.61195919,-28.99546144,0.75309769,-9.26827992,24.36973341,-1.87843779,-3.15767402,-10.83711129,-10.38459336,-12.95150172
58.255,-5.84910179,-7.91094838,2.24868078,-30.58566871,-0.48610787,-8.82128966,24.56954588,-1.35835973,-2.72514345,-11.94595386,-10.06994085,-13.11163463
58.26,-5.34584563,-8.35932409,1.94400793,-32.21339044,-1.76377718,-8.43060839,24.6424546,-0.79986904,-2.39161406,-12.96584557,-9.66643721,-13.19210918
58.265,-4.7820506,-8.7702398,1.60541159,-33.87307199,-3.05760675,-8.01238853,24.7268365,-0.28319025,-2.04859656,-13.96353694,-9.21264944,-13.29587213
58.27,-4.14975771,-9.14356665,1.30987416,-35.56541021,-4.36157919,-7.58031356,24.80760179,0.18890029,-1.68092829,-14.91003717,-8.69825519,-13.41227334
58.275,-3.54734399,-9.59031801,1.05823025,-37.27695402,-5.65074775,-7.17841994,24.76098192,0.68790429,-1.4091334,-15.76206643,-8.1465999,-13.50597803
58.28,-2.88705082,-10.01312642,0.81661594,-39.00357653,-6.91241836,-6.78492139,24.71186964,1.15172885,-1.13962636,-16.5642593,-7.55119086,-13.59916305
58.285,-2.19138073,-10.43142347,0.61572689,-40.73891443,-8.13275068,-6.40695903,24.62625997,1.58663597,-0.90270743,-17.30280062,-6.92063261,-13.69434789
58.29,-1.46920095,-10.85113439,0.45898201,-42.47411021,-9.29491724,-6.05349011,24.49522108,1.99907734,-0.69857615,-17.9706968,-6.26600825,-13.78788338
58.295,-0.72258102,-11.2752944,0.34582505,-44.20084852,-10.38637196,-5.73243498,24.31901775,2.39304624,-0.52360012,-18.56601735,-5.59646212,-13.877506
58.3,0.05406792,-11.68938403,0.27265236,-45.9128669,-11.39099122,-5.44781543,24.11182367,2.75542827,-0.40021994,-19.09893145,-4.91577274,-13.96409945
58.305,0.84573525,-12.09850554,0.24699587,-47.59944949,-12.30381207,-5.20140313,23.8546781,3.09708936,-0.29950812,-19.55405979,-4.23744172,-14.05234172
58.31,1.65804904,-12.49342675,0.27030066,-49.25410282,-13.10991881,-4.99872571,23.55892057,3.41070712,-0.22983377,-19.93898464,-3.56726117,-14.13867755
58.315,2.49944823,-12.87888682,0.33268585,-50.87381249,-13.80198511,-4.84797654,23.24135763,3.69503781,-0.22210252,-20.2704234,-2.91268646,-14.21351052
58.32,3.35650973,-13.23756847,0.44058145,-52.44762942,-14.38000015,-4.74152301,22.88618648,3.94871019,-0.24024407,-20.52971667,-2.27786926,-14.2887429
58.325,4.23230145,-13.57703176,0.59434104,-53.97158024,-14.83322561,-4.68734265,22.50081566,4.17780712,-0.29302031,-20.72310476,-1.68057281,-14.35260789
58.33,5.11803239,-13.87544943,0.77971357,-55.43722634,-15.16511033,-4.67238364,22.08937105,4.36448269,-0.38646545,-20.86760288,-1.1153668,-14.42221167
58.335,6.00782734,-14.14586969,0.99043977,-56.83109172,-15.38294072,-4.70892534,21.64241563,4.53277284,-0.4836233,-20.93809201,-0.58846605,-14.49272059
58.34,6.91627516,-14.37384577,1.24021532,-58.16071118,-15.47683881,-4.78294217,21.18039952,4.66175546,-0.62455471,-20.9590612,-0.11742179,-14.54822452
58.345,7.81920166,-14.56519733,1.49059708,-59.40781936,-15.4612344,-4.90458263,20.69115346,4.76778909,-0.76683857,-20.92304111,0.3147267,-14.61275348
58.35,8.72823885,-14.71235778,1.76123087,-60.57476244,-15.33398988,-5.06174527,20.18559844,4.84356601,-0.92681323,-20.83591323,0.69264588,-14.66981415
58.355,9.63910191,-14.81473844,2.03742514,-61.65535559,-15.10562999,-5.24730373,19.66854485,4.88887767,-1.10547877,-20.70469424,1.01380878,-14.71880332
58.36,10.53689366,-14.87020115,2.29517064,-62.64073061,-14.77611926,-5.46820578,19.13356948,4.90701041,-1.27024478,-20.52381449,1.2860245,-14.76940089
58.365,11.456928,-14.88621464,2.58737638,-63.53518368,-14.38366415,-5.67917386,18.60109432,4.89615727,-1.49284482,-20.29563882,1.49700951,-14.79265234
58.37,12.34686128,-14.85742658,2.82935648,-64.32812686,-13.89564681,-5.92878986,18.0559355,4.86275078,-1.67443356,-20.0377026,1.66300182,-14.82609729
58.375,13.22752479,-14.78680756,3.05599701,-65.01970176,-13.34058873,-6.18506153,17.50721327,4.80334811,-1.86295807,-19.7450075,1.78063433,-14.85265864
58.38,14.09182591,-14.6765472,3.25336188,-65.60775568,-12.72886138,-6.44406208,16.9569849,4.72038297,-2.04251508,-19.42416861,1.84978106,-14.87269207
58.385,14.93993126,-14.52909804,3.424329,-66.09023252,-12.07016283,-6.69794183,16.40718643,4.61567476,-2.21783182,-19.07380044,1.87530691,-14.88468581
58.39,15.76603468,-14.34819723,3.55810418,-66.46417885,-11.37649566,-6.94324739,15.85824723,4.4895231,-2.38062299,-18.6988433,1.860147,-14.88954334
58.395,16.56582874,-14.13715209,3.651195,-66.72876366,-10.66050197,-7.17569588,15.30989655,4.34417761,-2.52711867,-18.30122403,1.8079147,-14.88684075
58.4,17.33698287,-13.8987887,3.70176143,-66.8842717,-9.92969658,-7.39251003,14.76371665,4.18024907,-2.65393225,-17.88564037,1.72125735,-14.87681034
58.405,18.07382739,-13.63620121,3.70916021,-66.93348235,-9.19706066,-7.60352713,14.21843278,4.00152316,-2.74542244,-17.45748055,1.60025895,-14.85551767
58.41,18.78401401,-13.35616433,3.67334865,-66.8716419,-8.46895696,-7.77215577,13.67909126,3.80372266,-2.84217119,-17.01187712,1.45686248,-14.83044294
58.415,19.46245788,-13.06372098,3.59523629,-66.70252454,-7.75936755,-7.90987758,13.14605782,3.59454815,-2.92068869,-16.55569822,1.29357078,-14.79645059
58.42,20.10584406,-12.75863021,3.47351852,-66.4285755,-7.07090945,-8.01683899,12.618205,3.37128014,-2.97871424,-16.0923648,1.11233257,-14.75456226
58.425,20.7100534,-12.44454038,3.30760748,-66.05190479,-6.41008036,-8.09565158,12.09449795,3.13576108,-3.01477896,-15.626186,0.91464377,-14.70415353
58.43,21.27382618,-12.12660284,3.09863432,-65.57326045,-5.78658809,-8.14510059,11.57399225,2.89069103,-3.02835898,-15.15612523,0.70629351,-14.64566678
58.435,21.79226555,-11.79634787,2.85440977,-64.99758292,-5.19956891,-8.1490229,11.05282468,2.6310913,-2.99555924,-14.68756465,0.49833374,-14.58034508
58.44,22.26857271,-11.47637281,2.56533165,-64.32573961,-4.65994283,-8.1423593,10.53541947,2.36874034,-2.95768473,-14.21892089,0.27905717,-14.50518038
58.445,22.7019692,-11.16265805,2.24316581,-63.56441547,-4.16517279,-8.11084651,10.01783748,2.10296332,-2.8952811,-13.75272913,0.05994422,-14.4212575
58.45,23.08739367,-10.85722031,1.8897633,-62.70859759,-3.71396758,-8.05954477,9.50208053,1.83483435,-2.81635635,-13.29508632,-0.15922905,-14.32843537
58.455,23.42838355,-10.56043592,1.50848845,-61.77157777,-3.30649349,-7.99221828,8.98397993,1.56475516,-2.71538273,-12.84010965,-0.3701809,-14.22700206
58.46,23.73315376,-10.27733115,1.11085701,-60.75487096,-2.94144325,-7.91027349,8.4714221,1.29843531,-2.60835542,-12.3935515,-0.57885738,-14.11702516
58.465,24.00148317,-10.00796276,0.7016316,-59.66154938,-2.612797,-7.81392671,7.9636814,1.03691815,-2.48915789,-11.95678837,-0.78221332,-13.99761991
58.47,24.23207699,-9.75507406,0.2806745,-58.49579645,-2.31826931,-7.70819128,7.45931582,0.78226105,-2.36240577,-11.53013626,-0.97415908,-13.87086846
58.475,24.42678134,-9.51942532,-0.14348814,-57.26094071,-2.05162997,-7.59660511,6.95846928,0.53729982,-2.22912278,-11.11550846,-1.15565446,-13.73636922
58.48,24.59142743,-9.30048098,-0.56411687,-55.96141792,-1.80939729,-7.47918969,6.46516109,0.30246507,-2.09268127,-10.71356315,-1.3251846,-13.59567582
58.485,24.72809748,-9.09958096,-0.97837865,-54.59947497,-1.58626991,-7.35835655,5.98024818,0.08055954,-1.95545184,-10.32581599,-1.4808814,-13.45010478
58.49,24.83518955,-8.91905425,-1.38135681,-53.17954816,-1.37641349,-7.24103164,5.50068999,-0.12533478,-1.81844798,-9.95215419,-1.6200101,-13.300104
58.495,24.93338785,-8.76107561,-1.77160021,-51.70466625,-1.17616387,-7.12093261,5.04726656,-0.3141867,-1.70992428,-9.60066518,-1.75679875,-13.15076984
58.5,24.99957993,-8.61695241,-2.14187589,-50.1762088,-0.98293677,-7.00603208,4.59461751,-0.48888791,-1.57673612,-9.25951037,-1.85807962,-12.99997176
58.505,25.05081065,-8.49230489,-2.4781725,-48.59773356,-0.78806269,-6.90255031,4.15602018,-0.64104728,-1.45356847,-8.93639512,-1.94956876,-12.84800384
58.51,25.08070728,-8.38514415,-2.79281242,-46.9696418,-0.59220847,-6.80637811,3.72944299,-0.77718244,-1.33015904,-8.63301615,-2.01465437,-12.69957579
58.515,25.0968261,-8.29495515,-3.05912848,-45.29727102,-0.38982957,-6.73010968,3.31426601,-0.88855023,-1.20910031,-8.3456029,-2.05635082,-12.55539436
58.52,25.11324986,-8.23022931,-3.31410449,-43.58011525,-0.18365439,-6.66270186,2.93249126,-0.98043144,-1.12213181,-8.08186425,-2.09098966,-12.42261776
58.525,25.11276009,-8.18264833,-3.52420068,-41.81845257,0.03438772,-6.61990032,2.56136117,-1.04866471,-1.0296732,-7.83573439,-2.10184021,-12.29441295
58.53,25.09650015,-8.15287582,-3.69324294,-40.01491438,0.26041228,-6.60030103,2.20266348,-1.09468325,-0.93847855,-7.60897036,-2.0838568,-12.17673756
58.535,25.13525563,-8.14145565,-3.73817738,-38.19053935,0.53189066,-6.64184015,1.90130884,-1.0896352,-0.92008017,-7.40042093,-2.09128045,-12.09265913
58.54,25.04330248,-8.1569752,-3.91632923,-36.29043842,0.7295336,-6.64362634,1.54866479,-1.11426296,-0.78389143,-7.2187396,-1.97827315,-11.98606193
58.545,24.99582594,-8.19167694,-3.95855044,-34.3730808,0.97195591,-6.71792895,1.23811011,-1.08412752,-0.716457,-7.04933149,-1.89440869,-11.90697101
58.55,25.00386554,-8.25036115,-3.88693384,-32.44123916,1.25292302,-6.8317279,0.98807382,-1.00301386,-0.70519497,-6.90356477,-1.8072076,-11.88085781
58.555,24.87830074,-8.32964659,-3.92339632,-30.43769278,1.43950929,-6.97127397,0.67746048,-0.9502911,-0.58512991,-6.77569609,-1.64531703,-11.80932372
58.56,24.85407507,-8.4414305,-3.7958323,-28.4444525,1.71975554,-7.13871142,0.45011603,-0.82161792,-0.57373378,-6.66807608,-1.50405067,-11.81424315
58.565,24.71796193,-8.58430685,-3.7479538,-26.39626639,1.87564701,-7.39667743,0.16835356,-0.70175763,-0.47278156,-6.56996396,-1.30750473,-11.7819604
58.57,24.65311528,-8.74387303,-3.55903331,-24.35730299,2.13097463,-7.61672673,-0.04735196,-0.53257174,-0.44166067,-6.4989312,-1.10435949,-11.81533549
58.575,24.49532734,-8.94797842,-3.43388171,-22.2803088,2.22546995,-7.9840557,-0.31306103,-0.35225332,-0.3437647,-6.43068907,-0.87758204,-11.81565735
58.58,24.39227437,-9.17451818,-3.2067154,-20.22865062,2.43694042,-8.27224009,-0.52436054,-0.13199816,-0.29285678,-6.39479312,-0.60705338,-11.87794348
58.585,24.20760194,-9.43094953,-3.02167822,-18.15035938,2.44422805,-8.76229138,-0.78608594,0.09392751,-0.19133629,-6.35126335,-0.36181445,-11.90384599
58.59,24.05221006,-9.73797102,-2.79597756,-16.1146311,2.52804762,-9.18484049,-1.0191957,0.37102673,-0.10549586,-6.33328629,-0.05896543,-11.96827856
58.595,23.87714035,-10.06837368,-2.55779475,-14.10569745,2.5528204,-9.66366928,-1.25985159,0.66288013,-0.00512276,-6.32847137,0.25513346,-12.03981377
58.6,23.69680567,-10.43489447,-2.3226431,-12.14864778,2.55618641,-10.1514418,-1.50332321,0.98064347,0.10330182,-6.33607692,0.59396636,-12.11926126
58.605,23.50974615,-10.8268552,-2.08992063,-10.25394477,2.52937454,-10.64944201,-1.75295567,1.31551377,0.22380856,-6.35768195,0.95261303,-12.20308764
58.61,23.31188441,-11.21423946,-1.8368932,-8.42680444,2.41798692,-11.19251329,-2.01400028,1.64299363,0.35322269,-6.39281109,1.34023401,-12.30130974
58.615,23.13078171,-11.66690755,-1.66047582,-6.7114195,2.40392863,-11.64414637,-2.2716553,2.01710573,0.49667657,-6.44123137,1.72833213,-12.37018203
58.62,22.9365185,-12.09705186,-1.47281668,-5.08145565,2.29959791,-12.14629464,-2.54449052,2.36554137,0.65584601,-6.50281683,2.13724155,-12.4467625
58.625,22.75506749,-12.52821228,-1.32056536,-3.56392653,2.21375083,-12.58585134,-2.81766812,2.70973875,0.81678824,-6.5790494,2.56426195,-12.51576329
58.63,22.56136034,-12.9142992,-1.16633778,-2.14200307,2.01902896,-13.08312262,-3.10627926,3.0096975,0.98781839,-6.66998093,3.01143702,-12.58085584
58.635,22.39635596,-13.32426343,-1.07389604,-0.86479152,1.96172766,-13.45102252,-3.38510734,3.32586221,1.1637169,-6.78161264,3.44022975,-12.61563891
58.64,22.22036756,-13.6839609,-0.99199151,0.3045682,1.82423849,-13.85177446,-3.67652555,3.59063977,1.35389288,-6.90897591,3.88387753,-12.63832889
58.645,22.0484084,-13.99892176,-0.92828472,1.3519674,1.65667016,-14.24051188,-3.97256326,3.81321621,1.54248878,-7.05453417,4.33093519,-12.64212473
58.65,21.89061666,-14.27534968,-0.88359602,2.26941002,1.50254552,-14.57948452,-4.26231271,3.99921711,1.72901128,-7.2219868,4.76883865,-12.6298567
58.655,21.73617778,-14.49997949,-0.85754734,3.06191489,1.32639703,-14.90495125,-4.55374782,4.13683825,1.91813717,-7.41168706,5.1990809,-12.59327555
58.66,21.58820797,-14.66899552,-0.84520422,3.72864356,1.13058608,-15.21014721,-4.84418014,4.22341813,2.10260342,-7.62268976,5.61665753,-12.53132391
58.665,21.45387295,-14.78356652,-0.84188253,4.26755834,0.92868537,-15.4770978,-5.12562562,4.26196507,2.28092567,-7.86017714,6.01553244,-12.45320861
58.67,21.33000594,-14.83912935,-0.84774133,4.68182155,0.70830259,-15.7172947,-5.40033253,4.24800448,2.45112614,-8.12286787,6.39066723,-12.35254507
58.675,21.22713396,-14.84232548,-0.86589038,4.96612604,0.48268535,-15.91270978,-5.65519272,4.19060549,2.59916755,-8.42713616,6.73635964,-12.25144162
58.68,21.12517564,-14.77107359,-0.86934261,5.13876439,0.21551088,-16.09226966,-5.91702225,4.06618606,2.74725655,-8.73692508,7.04394516,-12.09555164
58.685,21.05044501,-14.65314951,-0.87955521,5.18773221,-0.04918857,-16.22227815,-6.15380435,3.90609334,2.86930755,-9.08784089,7.30786806,-11.94602873
58.69,20.9959678,-14.48362195,-0.88666212,5.11861399,-0.33040154,-16.31169632,-6.37560977,3.70526258,2.96881056,-9.47060844,7.52167775,-11.78465191
58.695,20.95698238,-14.26227486,-0.88696398,4.94819486,-0.62625007,-16.3629015,-6.5743251,3.46097809,3.05376177,-9.89500008,7.68115203,-11.61238739
58.7,20.97050354,-14.00377437,-0.86529798,4.64941009,-0.94356729,-16.32714446,-6.75011633,3.20393675,3.10535733,-10.3390651,7.77846813,-11.49996804
58.705,20.93475628,-13.68902379,-0.8753547,4.2840532,-1.26855024,-16.36019449,-6.92431408,2.87198807,3.15840734,-10.8526989,7.84690114,-11.21908663
58.71,20.96560308,-13.33716263,-0.84979632,3.80744004,-1.61237347,-16.27890305,-7.0585376,2.53414273,3.16289726,-11.3922522,7.82201989,-11.03957117
58.715,21.00767736,-12.95208328,-0.82038676,3.24740387,-1.96987218,-16.17059724,-7.17288273,2.170156,3.14491319,-11.97803959,7.74179261,-10.83847156
58.72,21.07151071,-12.5390128,-0.77725952,2.60860319,-2.33366666,-16.0209621,-7.25989628,1.78930741,3.098436,-12.60851764,7.58103245,-10.64545585
58.725,21.14778923,-12.09937929,-0.72204167,1.90184188,-2.70383362,-15.83939109,-7.32275289,1.39152814,3.01790947,-13.28841508,7.35086902,-10.43966295
58.73,21.24962729,-11.66184105,-0.6456534,1.13099901,-3.08211098,-15.61029982,-7.3563192,1.00951021,2.91492608,-14.00439826,6.96553581,-10.27469053
58.735,21.34766222,-11.16117325,-0.57186251,0.31243508,-3.4281507,-15.38743874,-7.35622576,0.56877281,2.77173059,-14.80506295,6.63246496,-10.06124556
58.74,21.45701448,-10.67588183,-0.47488963,-0.54917428,-3.77422859,-15.13242459,-7.33250853,0.15231419,2.60144407,-15.64300144,6.14639027,-9.85898313
58.745,21.56697653,-10.20932227,-0.36407986,-1.44658523,-4.10601739,-14.86893874,-7.28527603,-0.24195143,2.42708793,-16.52386471,5.51427277,-9.66913236
58.75,21.68788334,-9.68376793,-0.23062445,-2.3685048,-4.39312683,-14.58907469,-7.19082405,-0.67825871,2.17850459,-17.49072175,4.91272644,-9.50078211
58.755,21.79140322,-9.20719428,-0.09600076,-3.3111332,-4.66093885,-14.32780588,-7.0837948,-1.07351266,1.95266831,-18.48768953,4.11629078,-9.30331119
58.76,21.90206256,-8.68584251,0.08477604,-4.25178247,-4.87803427,-14.04707992,-6.92212907,-1.49524784,1.64602916,-19.57568534,3.31789461,-9.16901453
58.765,22.00071683,-8.19024853,0.28415938,-5.20531497,-5.05366599,-13.7901955,-6.73911359,-1.88993643,1.34430457,-20.70271391,2.38998662,-9.02579925
58.77,22.08037476,-7.69913404,0.48336986,-6.15335501,-5.18618395,-13.55466884,-6.52515301,-2.28351811,1.02203781,-21.88815288,1.3578783,-8.90073444
58.775,22.14220222,-7.22020554,0.70680062,-7.09216323,-5.26543807,-13.34332724,-6.27954021,-2.66262828,0.68663309,-23.1324619,0.2490855,-8.8061913
58.78,22.17899245,-6.75096535,0.94042444,-8.00999874,-5.29161217,-13.16198573,-5.99992281,-3.03706397,0.33805,-24.43637119,-0.95013192,-8.7309084
58.785,22.19462602,-6.28583417,1.20013205,-8.9085132,-5.26159,-13.00944467,-5.68610251,-3.40769752,-0.01607129,-25.79467884,-2.23983474,-8.69137884
58.79,22.17890087,-5.83396081,1.44789327,-9.78320259,-5.18185482,-12.89560687,-5.34408677,-3.77667764,-0.37695029,-27.20300971,-3.5914933,-8.66366528
58.795,22.13579601,-5.3887465,1.71349802,-10.62982513,-5.0458802,-12.81734567,-4.96859683,-4.14532662,-0.73106212,-28.6613256,-5.01229521,-8.66873324
58.8,22.06534542,-4.96211828,2.01761007,-11.4384727,-4.8477343,-12.78286705,-4.55604005,-4.49475605,-1.05938093,-30.16533173,-6.50085215,-8.75398457
58.805,21.96011711,-4.53109457,2.26575597,-12.22437534,-4.62315518,-12.7743359,-4.11994343,-4.87539525,-1.40045305,-31.70953896,-7.99463709,-8.7871519
58.81,21.8244629,-4.12863947,2.54763328,-12.96875747,-4.32915686,-12.82278364,-3.64763286,-5.23033674,-1.69455424,-33.29148008,-9.52813103,-8.89550608
58.815,21.66431873,-3.73038699,2.80594145,-13.68576618,-4.0034888,-12.90167121,-3.14714281,-5.59539196,-1.9840761,-34.89950273,-11.06752332,-9.03144398
58.82,21.47228908,-3.32622019,3.0227701,-14.36929136,-3.66371981,-12.98856408,-2.62277915,-5.99128953,-2.27258984,-36.53536396,-12.55224185,-9.08589153
58.825,21.25503249,-2.95838317,3.28599577,-15.00008857,-3.25960999,-13.14236348,-2.05524462,-6.34357954,-2.47556325,-38.18866595,-14.04873389,-9.30825019
58.83,21.0150735,-2.60088482,3.49601197,-15.60638218,-2.83736991,-13.31550695,-1.4656867,-6.70785482,-2.67007562,-39.85321611,-15.47080086,-9.48065644
58.835,20.74671206,-2.24716641,3.69966997,-16.16536002,-2.40342472,-13.49385461,-0.84775071,-7.08037807,-2.82768406,-41.52386945,-16.80701118,-9.62173581
58.84,20.46037976,-1.90361672,3.87660463,-16.69031179,-1.95938419,-13.68499474,-0.20727077,-7.4504576,-2.9603855,-43.18954843,-18.06009631,-9.75650416
58.845,20.15382049,-1.5840291,4.03488718,-17.17905813,-1.49825657,-13.89886632,0.45715366,-7.80296325,-3.04898056,-44.84121541,-19.21021548,-9.90073312
58.85,19.83871438,-1.30956858,4.15832552,-17.62759371,-1.02303454,-14.15072117,1.16403283,-8.11352295,-3.06077152,-46.4811794,-20.2503714,-10.14168197
58.855,19.49276458,-1.03253022,4.28819955,-18.03131003,-0.55594404,-14.36832911,1.86926412,-8.42952309,-3.07518123,-48.08817278,-21.15684874,-10.24313549
58.86,19.14237585,-0.78338977,4.37589468,-18.3969304,-0.08815219,-14.60385243,2.61004789,-8.7185627,-3.03328593,-49.66709931,-21.93955724,-10.40253075
58.865,18.77477298,-0.57148702,4.44916441,-18.72103483,0.3716283,-14.83578527,3.36589566,-8.96915965,-2.95666313,-51.20429878,-22.57442847,-10.53478769
58.87,18.36870641,-0.43672927,4.50299633,-19.02743902,0.84725537,-15.09957286,4.0886291,-9.13223821,-2.86229986,-52.67977529,-23.00833783,-10.5658361
58.875,18.03178722,-0.22277958,4.47638111,-19.26714773,1.23127749,-15.26454418,4.94710137,-9.39152105,-2.71155862,-54.14160477,-23.42771023,-10.80138293
58.88,17.65567593,-0.10177881,4.4602639,-19.47733058,1.64275357,-15.46085686,5.7698482,-9.53853278,-2.54266614,-55.52406231,-23.64893375,-10.90440077
58.885,17.26300987,-0.00376761,4.4338111,-19.63781094,2.03640865,-15.63519325,6.59628456,-9.65564529,-2.3639763,-56.83950201,-23.72769417,-10.98523112
58.89,16.87861811,0.06047677,4.36423187,-19.77721515,2.39439291,-15.78291759,7.43790397,-9.73407974,-2.17352899,-58.08835873,-23.67359607,-11.04440053
58.895,16.49250793,0.09459589,4.27483951,-19.8751772,2.72844819,-15.90372357,8.28961892,-9.77376597,-1.97496537,-59.26065006,-23.49880578,-11.07709196
58.9,16.09619094,0.10031353,4.17946647,-19.93273828,3.04007441,-16.00480964,9.13516601,-9.77678185,-1.78694417,-60.34850021,-23.20870925,-11.10090805
58.905,15.70290753,0.07844283,4.06393045,-19.9558584,3.32175103,-16.07520561,9.98631117,-9.74483336,-1.60168275,-61.35274933,-22.82171051,-11.0993937
58.91,15.30946345,0.03149901,3.93234745,-19.94033675,3.57968021,-16.11664325,10.83856268,-9.68206768,-1.42727072,-62.26672211,-22.34718887,-11.0731601
58.915,14.88502983,-0.0434056,3.8282419,-19.87029124,3.80251343,-16.15524156,11.64954388,-9.58031332,-1.29833381,-63.0737048,-21.77514925,-11.10182052
58.92,14.48632709,-0.13774141,3.68072386,-19.78762801,4.00433611,-16.14995036,12.48008644,-9.45885928,-1.17154706,-63.79728166,-21.13598055,-11.06288828
58.925,14.11066896,-0.24708419,3.49172251,-19.66967148,4.20800179,-16.08949945,13.33379066,-9.32335599,-1.04564856,-64.42751657,-20.45113603,-10.92141705
58.93,13.70882985,-0.38020882,3.33920893,-19.524633,4.36540592,-16.03084666,14.13397191,-9.1584814,-0.98203279,-64.94886493,-19.7099648,-10.85284596
58.935,13.30103784,-0.52737314,3.18723919,-19.34260556,4.4987234,-15.94717509,14.91192309,-8.97954465,-0.95659257,-65.36476536,-18.93377418,-10.77870238
58.94,12.88864381,-0.69542032,3.0403368,-19.13261126,4.60810037,-15.84703866,15.6642265,-8.78148561,-0.97119013,-65.67397872,-18.13499905,-10.69347524
58.945,12.47221858,-0.87434118,2.90015146,-18.89524241,4.69615621,-15.72357025,16.38930025,-8.57590371,-1.02858906,-65.87723037,-17.32255573,-10.60318442
58.95,12.03706806,-1.06464841,2.79328128,-18.62720336,4.7401287,-15.60766273,17.06957437,-8.36120387,-1.13842793,-65.97242723,-16.5157172,-10.56893856
58.955,11.60819759,-1.26602565,2.67779259,-18.33710563,4.7788445,-15.45903479,17.73104105,-8.14237745,-1.28201028,-65.9621607,-15.71440661,-10.48568264
58.96,11.17706727,-1.47773993,2.5669749,-18.02861246,4.81179748,-15.2884723,18.35959184,-7.92421583,-1.47354927,-65.84812039,-14.92820641,-10.37517883
58.965,10.73916069,-1.69727137,2.47078772,-17.70023001,4.83507283,-15.10057224,18.95178526,-7.70678066,-1.70758536,-65.63191028,-14.17265963,-10.25431818
58.97,10.29503326,-1.92046359,2.39407613,-17.35548206,4.83231331,-14.90970551,19.5036291,-7.49339745,-1.98473222,-65.31120686,-13.44304501,-10.15629746
58.975,9.84298306,-2.15576678,2.3370504,-16.99720235,4.84753906,-14.67547857,20.01284814,-7.27842478,-2.30158904,-64.8903841,-12.75715729,-9.99864105
58.98,9.38196689,-2.39056329,2.31487362,-16.61818472,4.82111044,-14.47359972,20.48251252,-7.06974106,-2.65580567,-64.3724065,-12.10211419,-9.90600683
58.985,8.91457113,-2.63333546,2.30507847,-16.23060496,4.79295647,-14.25151349,20.90606894,-6.86765689,-3.05744714,-63.75966018,-11.49098832,-9.78968273
58.99,8.44422874,-2.87628616,2.3105347,-15.83774975,4.75297608,-14.03531546,21.28814273,-6.67642259,-3.49377763,-63.05239359,-10.91556096,-9.67940534
58.995,7.9628971,-3.11602975,2.35034871,-15.42766163,4.70981105,-13.80146955,21.63071149,-6.49130189,-3.94413429,-62.2587953,-10.39289225,-9.55921341
59,7.46918369,-3.35441883,2.39461364,-15.01757088,4.66358765,-13.5500651,21.91882892,-6.32339007,-4.43476452,-61.3794465,-9.913386,-9.43400022
59.005,6.99387073,-3.59904384,2.4681478,-14.60273531,4.60876274,-13.34166106,22.19415824,-6.14829093,-4.93087046,-60.41972333,-9.4475173,-9.30288084
59.01,6.50832415,-3.83448499,2.55795505,-14.18560399,4.55187031,-13.11245765,22.42167058,-5.99271183,-5.45101941,-59.38235611,-9.02021142,-9.15844384
59.015,6.02369609,-4.06364167,2.65860703,-13.76679081,4.49468722,-12.88753286,22.61886764,-5.84643213,-5.97524096,-58.27289972,-8.6226604,-9.00229625
59.02,5.53964824,-4.28750127,2.77523674,-13.35079801,4.43775601,-12.65983234,22.78085792,-5.70904665,-6.50687623,-57.0913664,-8.24588894,-8.82769915
59.025,5.05862954,-4.50134078,2.90105832,-12.93584582,4.38322079,-12.4348363,22.91578778,-5.58278119,-7.03516634,-55.84468527,-7.88920472,-8.63605201
59.03,4.58371892,-4.70557896,3.03543256,-12.52532622,4.33162305,-12.21294185,23.02615788,-5.46589663,-7.55716709,-54.53551778,-7.54505066,-8.42262275
59.035,4.12074397,-4.89718222,3.16122278,-12.12462887,4.28256515,-11.99961262,23.11738146,-5.36234569,-8.07179879,-53.16774531,-7.20968877,-8.18829516
59.04,3.66097972,-5.07181029,3.30574672,-11.72397768,4.23936045,-11.78297946,23.18872121,-5.2681444,-8.5600224,-51.74497017,-6.88225927,-7.93094365
59.045,3.20839023,-5.2313939,3.4582627,-11.32888796,4.20383719,-11.56708761,23.24235089,-5.1834368,-9.02511269,-50.27034468,-6.55844407,-7.64844883
59.05,2.77640684,-5.3764272,3.58745946,-10.94714454,4.1752541,-11.36688718,23.2903483,-5.10978396,-9.4691258,-48.74672156,-6.23230413,-7.34145541
59.055,2.35063462,-5.49958164,3.72833199,-10.57163291,4.15659171,-11.16355315,23.32316223,-5.04883306,-9.8795891,-47.17718074,-5.9048644,-7.00998676
59.06,1.94169843,-5.60095474,3.8573368,-10.2064558,4.14344181,-10.96726902,23.3521588,-5.00012799,-10.25281682,-45.56412279,-5.57392824,-6.6606076
59.065,1.54737672,-5.68441791,3.97782601,-9.85284714,4.14459378,-10.77802478,23.37428427,-4.96155869,-10.59337302,-43.90860572,-5.23540589,-6.28379145
59.07,1.16586045,-5.7415263,4.09299475,-9.50871937,4.15522397,-10.59164862,23.3911055,-4.93826318,-10.89078429,-42.21450338,-4.89246138,-5.89340707
59.075,0.79883793,-5.77571815,4.19746809,-9.177471,4.18100305,-10.4126698,23.4032724,-4.9284115,-11.1489626,-40.48283218,-4.54394911,-5.48632647
59.08,0.45084174,-5.78523046,4.28263388,-8.85841155,4.21495838,-10.24291874,23.41701878,-4.93140207,-11.36249127,-38.7149493,-4.18991644,-5.07248224
59.085,0.11518207,-5.76855743,4.35923889,-8.55165126,4.26572574,-10.07865896,23.42521881,-4.95059365,-11.53429703,-36.91332553,-3.83059777,-4.64877088
59.09,-0.2041681,-5.72680207,4.42038412,-8.25712263,4.32443964,-9.92127394,23.43322265,-4.98432815,-11.66090294,-35.07862973,-3.46899384,-4.23017829
59.095,-0.51006344,-5.6587386,4.46502426,-7.97563744,4.39983253,-9.77374121,23.43726367,-5.03454373,-11.74684453,-33.21227565,-3.10698993,-3.81522175
59.1,-0.80480276,-5.56399662,4.49877306,-7.70657076,4.48907297,-9.63236593,23.43601546,-5.10228461,-11.79011863,-31.31649312,-2.74809351,-3.4141088
59.105,-1.08827308,-5.44345646,4.52071064,-7.44983742,4.59120603,-9.49867216,23.42891607,-5.18647146,-11.79261591,-29.39182146,-2.39599506,-3.03487496
59.11,-1.35124958,-5.29641746,4.54421927,-7.20699234,4.66767066,-9.36079164,23.42425914,-5.28492146,-11.73498098,-27.43927195,-2.05603035,-2.71735221
59.115,-1.62946683,-5.11571205,4.55197032,-6.98315344,4.84260279,-9.2446921,23.3866508,-5.4183194,-11.66537322,-25.46838149,-1.72518341,-2.34763233
59.12,-1.88943628,-4.91204881,4.55057124,-6.76797092,4.99315422,-9.13844151,23.35168403,-5.56506036,-11.55009782,-23.47417029,-1.4328768,-2.08911481
59.125,-2.14819218,-4.67913349,4.54012512,-6.56548535,5.17692304,-9.04739334,23.3035793,-5.73773449,-11.40610261,-21.46657834,-1.16564954,-1.86783484
59.13,-2.39048818,-4.42465653,4.53979733,-6.38376867,5.36137641,-8.96868961,23.25098419,-5.92862947,-11.22527395,-19.44746417,-0.93822807,-1.71642712
59.135,-2.63873379,-4.14235614,4.53486293,-6.20801803,5.56808279,-8.8964653,23.1827287,-6.14974764,-11.02538442,-17.42921273,-0.73336903,-1.60895001
59.14,-2.89062381,-3.83342248,4.53162863,-6.04696436,5.79352443,-8.82579486,23.09835724,-6.39955083,-10.80844597,-15.4217765,-0.55876098,-1.55147029
59.145,-3.15223681,-3.49255028,4.52772465,-5.89775971,6.03962342,-8.75400423,22.99678375,-6.68449066,-10.57381999,-13.43756042,-0.4137308,-1.55417517
59.15,-3.41897366,-3.12531377,4.53126942,-5.7637837,6.30590643,-8.68521052,22.88426605,-7.00136886,-10.32349931,-11.49269074,-0.30613039,-1.6218771
59.155,-3.69508736,-2.73112929,4.53681271,-5.64405538,6.59024712,-8.61606472,22.76104988,-7.34944975,-10.05952384,-9.59931541,-0.23011575,-1.76695869
59.16,-4.00701115,-2.31830331,4.50423278,-5.51560499,6.8759511,-8.51961349,22.62132685,-7.70996458,-9.74674468,-7.7721055,-0.17361786,-2.082019
59.165,-4.29439236,-1.89433291,4.52383689,-5.42488218,7.19360037,-8.45304104,22.49330827,-8.09940399,-9.4567731,-6.0191059,-0.177905,-2.40404085
59.17,-4.59186775,-1.46187189,4.5616247,-5.34861933,7.52164224,-8.38388929,22.36226651,-8.50252956,-9.1440857,-4.35080337,-0.2194513,-2.83006897
59.175,-4.88959535,-1.0409327,4.61369157,-5.28921967,7.86430993,-8.32488504,22.23676533,-8.90530153,-8.84614192,-2.77790765,-0.2949371,-3.31423633
59.18,-5.19102587,-0.60668688,4.66450276,-5.2475135,8.2217511,-8.27790562,22.12021496,-9.3349115,-8.60798737,-1.32126527,-0.36455494,-3.79225761
59.185,-5.50686391,-0.21992722,4.72866681,-5.22164013,8.59439014,-8.22490415,21.99678816,-9.71541767,-8.31289059,0.0417685,-0.54219798,-4.48804449
59.19,-5.8162705,0.17786575,4.82309396,-5.21772899,8.95770123,-8.16763038,21.89154906,-10.12860465,-8.09734268,1.26597817,-0.63308913,-5.02789126
59.195,-6.14186997,0.50969718,4.91595828,-5.23291669,9.34610677,-8.11804164,21.77542806,-10.47256675,-7.84903712,2.38956318,-0.86327649,-5.81345447
59.2,-6.46535312,0.82311949,5.03998488,-5.26480648,9.72221332,-8.05512561,21.67472385,-10.81263985,-7.64018643,3.37624012,-1.04872141,-6.514086
59.205,-6.79081309,1.09129707,5.15142309,-5.3266354,10.10831644,-8.00290758,21.57791745,-11.10990828,-7.46735878,4.2353683,-1.27804155,-7.26745621
59.21,-7.11120667,1.33968638,5.2799325,-5.41192621,10.46714464,-7.93510233,21.49821382,-11.39848155,-7.33941383,4.95190336,-1.46269518,-7.94006562
59.215,-7.4461119,1.48707626,5.40771697,-5.51207097,10.84919501,-7.87661028,21.40726781,-11.58161489,-7.19189473,5.56069111,-1.786269,-8.79780949
59.22,-7.76883597,1.60764144,5.53953308,-5.6428116,11.2075955,-7.80804112,21.3371068,-11.74419009,-7.08881084,6.02744968,-2.07422499,-9.56164848
59.225,-8.08146814,1.69661286,5.68838674,-5.80413447,11.53187023,-7.72260271,21.2812655,-11.88422346,-7.0278503,6.35734719,-2.34132787,-10.2644007
59.23,-8.39865557,1.69782942,5.81617564,-5.9867634,11.86049884,-7.64536697,21.22451807,-11.93145804,-6.9722962,6.57180345,-2.69834961,-11.03831197
59.235,-8.69825104,1.65315511,5.96099484,-6.20097974,12.15727036,-7.55541285,21.19093939,-11.93728896,-6.9322406,6.65241067,-3.04786316,-11.73720527
59.24,-8.98997573,1.54948579,6.06442898,-6.44722518,12.42418194,-7.45925364,21.16734301,-11.87375125,-6.91381815,6.623146,-3.44502185,-12.4388226
59.245,-9.26846668,1.39577784,6.16169821,-6.71971116,12.65430761,-7.34773487,21.16377508,-11.76343656,-6.90596088,6.47100154,-3.85749652,-13.08713862
59.25,-9.52641639,1.19436162,6.24727121,-7.02815623,12.84956952,-7.22960824,21.18124551,-11.60085317,-6.91196045,6.2059152,-4.2904022,-13.68167315
59.255,-9.76766851,0.94958933,6.31182526,-7.36695795,12.99979927,-7.0978112,21.21996554,-11.39179615,-6.92497534,5.83389299,-4.74404276,-14.22150213
59.26,-9.98661659,0.66521154,6.35307591,-7.74724448,13.10372645,-6.94734539,21.2776299,-11.13917644,-6.9406624,5.36365322,-5.22051973,-14.71172116
59.265,-10.18178501,0.34669764,6.37330981,-8.16433339,13.15871818,-6.78295497,21.35873737,-10.84761581,-6.95763362,4.80043656,-5.71113901,-15.13921041
59.27,-10.37226481,0.01364168,6.34625101,-8.62464487,13.19638676,-6.55455604,21.4426196,-10.53308164,-6.94145249,4.15488854,-6.24040412,-15.57367182
59.275,-10.4939064,-0.37327228,6.33594029,-9.12403459,13.11655898,-6.3983082,21.58502796,-10.16448753,-6.97318088,3.43135486,-6.72652454,-15.82222064
59.28,-10.60262061,-0.77900334,6.27781411,-9.67120369,13.01010539,-6.1765146,21.72815635,-9.77162381,-6.9809119,2.64570034,-7.24903517,-16.07715957
59.285,-10.6973129,-1.19317926,6.16052542,-10.26859049,12.89373486,-5.87208863,21.87565851,-9.3594724,-6.95473983,1.80431662,-7.79448147,-16.34497561
59.29,-10.73139854,-1.62333107,6.06472213,-10.90672822,12.61650348,-5.66526531,22.06759783,-8.92601645,-6.94071711,0.91325117,-8.26665473,-16.41527597
59.295,-10.73966442,-2.07003706,5.92059129,-11.59985912,12.3195269,-5.38130498,22.26106741,-8.4706346,-6.9131317,-0.00961138,-8.7483947,-16.49320199
59.3,-10.71334382,-2.52376442,5.74029157,-12.35145965,11.96229386,-5.06460046,22.46196394,-7.99998922,-6.86494788,-0.95948604,-9.20413369,-16.52970841
59.305,-10.65544299,-2.97932229,5.49186256,-13.15622716,11.59523919,-4.65064392,22.67191818,-7.517399,-6.79693062,-1.93232168,-9.63921546,-16.57044374
59.31,-10.55773685,-3.43463893,5.258443,-14.01317841,11.0861777,-4.30257745,22.88293043,-7.03062683,-6.72291651,-2.90962586,-10.00244099,-16.50339728
59.315,-10.42145824,-3.88933211,4.99395966,-14.93362856,10.52897828,-3.91027158,23.09170651,-6.53795406,-6.63296449,-3.88685121,-10.31164245,-16.40644106
59.32,-10.252082,-4.34503398,4.73313819,-15.91234896,9.86849268,-3.54263856,23.28096646,-6.03940998,-6.52670835,-4.84376414,-10.55881799,-16.2618521
59.325,-10.0412822,-4.80117996,4.42037852,-16.95414344,9.17259705,-3.11410773,23.46859201,-5.53465846,-6.41375917,-5.79456935,-10.7400344,-16.10258859
59.33,-9.78006374,-5.24604156,4.05627592,-18.06175751,8.4697859,-2.56142196,23.66378048,-5.03553789,-6.27323167,-6.74204247,-10.83694553,-15.92927438
59.335,-9.50865778,-5.69686071,3.72662201,-19.22050026,7.61425293,-2.17170827,23.80144415,-4.53080285,-6.15870456,-7.64239341,-10.88365807,-15.73331536
59.34,-9.18769394,-6.14279697,3.35831552,-20.44170713,6.74129307,-1.68882763,23.93908163,-4.02638781,-6.01905139,-8.52696095,-10.83808755,-15.51556011
59.345,-8.82639754,-6.58112651,2.97742663,-21.72821611,5.81767145,-1.18648525,24.05074687,-3.53420244,-5.87296957,-9.37896569,-10.71087647,-15.29145133
59.35,-8.43901199,-7.01680623,2.62092263,-23.06638827,4.82410406,-0.71452792,24.12236933,-3.04300877,-5.71221432,-10.18723301,-10.52248045,-15.07386921
59.355,-8.01052643,-7.44841105,2.24445392,-24.46649857,3.80076202,-0.23149991,24.16926754,-2.56234202,-5.55584832,-10.96130584,-10.25561977,-14.85467963
59.36,-7.54267911,-7.87723571,1.86156864,-25.92084792,2.75339203,0.247545,24.19338358,-2.08916158,-5.40297089,-11.70228048,-9.91720656,-14.63242608
59.365,-7.03707721,-8.29823249,1.48265966,-27.42668305,1.6818711,0.71506509,24.1910016,-1.63165088,-5.25901211,-12.40890758,-9.50983282,-14.41724052
59.37,-6.49774704,-8.71235043,1.12485775,-28.97839232,0.59646775,1.15754283,24.1538533,-1.19200854,-5.11660702,-13.07537059,-9.04427925,-14.21629958
59.375,-5.93295231,-9.138059,0.80017418,-30.56995848,-0.50948488,1.54251792,24.06794924,-0.7439947,-4.95021099,-13.67979942,-8.55502426,-14.04320677
59.38,-5.32971221,-9.55240915,0.48033745,-32.20122183,-1.59514336,1.90595822,23.96197694,-0.31945278,-4.8059937,-14.25548003,-8.0106901,-13.88055295
59.385,-4.69264905,-9.96098961,0.18563205,-33.86360963,-2.66076975,2.22666747,23.82839127,0.089188,-4.67023925,-14.79226325,-7.42963406,-13.73435704
59.39,-4.02596063,-10.3615661,-0.0777334,-35.55031233,-3.69621249,2.49601979,23.66167294,0.48184594,-4.53889742,-15.28316094,-6.82556691,-13.61247119
59.395,-3.32758243,-10.75662929,-0.31199439,-37.25629183,-4.68671373,2.70952581,23.46859423,0.85893601,-4.41523928,-15.73393498,-6.20410559,-13.50662547
59.4,-2.59739205,-11.13978592,-0.51739318,-38.97320501,-5.62234617,2.86475754,23.25408382,1.21527198,-4.3094073,-16.1472838,-5.56875931,-13.41728199
59.405,-1.84808198,-11.51050113,-0.68000405,-40.69234416,-6.4989586,2.96131137,23.00284225,1.55570682,-4.19862357,-16.51072574,-4.9376078,-13.35970787
59.41,-1.06431884,-11.86941769,-0.81694224,-42.40967908,-7.2971315,2.98554774,22.74061162,1.87548664,-4.11394597,-16.84200529,-4.31322241,-13.30358257
59.415,-0.22639024,-12.18362778,-0.88165306,-44.11971866,-8.01076254,2.95656354,22.48086827,2.14372534,-4.05829033,-17.14164961,-3.66682992,-13.24109343
59.42,0.55040895,-12.51646188,-0.96910103,-45.79120003,-8.65820104,2.86344928,22.12444146,2.44463765,-3.94878729,-17.3663095,-3.10354989,-13.26390627
59.425,1.38275612,-12.81518796,-1.00525478,-47.44434236,-9.2088665,2.69478589,21.78394903,2.70519883,-3.88456872,-17.56574434,-2.55002495,-13.26568645
59.43,2.24336288,-13.08106796,-1.00527222,-49.06254541,-9.66889405,2.46613516,21.44039686,2.92854284,-3.85421985,-17.74171358,-2.0186389,-13.26599063
59.435,3.09162232,-13.31872112,-0.9807045,-50.62776477,-10.03695081,2.18854613,21.04935279,3.14132313,-3.78976504,-17.85120547,-1.5224964,-13.28909743
59.44,3.96501973,-13.52465294,-0.93017334,-52.14925153,-10.31724847,1.84879105,20.66063772,3.31852839,-3.76768705,-17.94335566,-1.06851259,-13.30551555
59.445,4.81540575,-13.69481155,-0.86647051,-53.60171654,-10.49605138,1.47460748,20.22255018,3.48029897,-3.7074597,-17.96863548,-0.64581069,-13.34148752
59.45,5.70337318,-13.8356543,-0.78061937,-55.001888,-10.61007521,1.03017574,19.81008807,3.60753773,-3.71084152,-17.99243383,-0.28349227,-13.34793097
59.455,6.57843449,-13.93943905,-0.68523477,-56.32460501,-10.63253244,0.55211885,19.36766912,3.71428225,-3.6963833,-17.96464665,0.04943613,-13.3569005
59.46,7.43299167,-14.01073298,-0.593011,-57.56492176,-10.56176055,0.04251222,18.89319834,3.80240748,-3.66276914,-17.88498614,0.34358016,-13.3663869
59.465,8.32163214,-14.03281308,-0.46922708,-58.73575097,-10.45879171,-0.49980078,18.44706657,3.84458254,-3.69264419,-17.80299284,0.58919663,-13.34118347
59.47,9.1591441,-14.04419378,-0.38978557,-59.8112769,-10.24884827,-1.0683967,17.95547589,3.89108323,-3.67069584,-17.6717379,0.79653537,-13.32070245
59.475,9.99118499,-14.0158413,-0.3089373,-60.79979648,-9.98196042,-1.64842755,17.46077881,3.90561151,-3.66493045,-17.51871651,0.9634625,-13.28468782
59.48,10.83008498,-13.95444521,-0.22156307,-61.6990425,-9.68816826,-2.25569819,16.97432189,3.895162,-3.68001466,-17.34326785,1.09713775,-13.21467002
59.485,11.66068445,-13.85505742,-0.13967383,-62.49529715,-9.36595996,-2.86092512,16.48148091,3.85537626,-3.70972638,-17.12560466,1.20944746,-13.11319016
59.49,12.462442,-13.7390623,-0.09074246,-63.19820062,-8.98607846,-3.46747972,15.98250788,3.80553139,-3.72315019,-16.90120796,1.28709041,-12.99416533
59.495,13.23697064,-13.60280833,-0.06769975,-63.79933051,-8.56709921,-4.06270648,15.47422518,3.7412835,-3.7293806,-16.65309138,1.33313473,-12.85927027
59.5,13.99684488,-13.43994278,-0.05943482,-64.29857202,-8.14043049,-4.6500528,14.96826906,3.65434991,-3.74698315,-16.38721485,1.36264196,-12.69027209
59.505,14.730245,-13.25934856,-0.07665408,-64.69650814,-7.69160635,-5.21954154,14.46002733,3.55414413,-3.75632187,-16.10732179,1.36952619,-12.49727221
59.51,15.43955913,-13.06191052,-0.12031282,-64.99127703,-7.24270174,-5.76865488,13.9528717,3.43665766,-3.77016804,-15.81541689,1.36414731,-12.27346571
59.515,16.10012766,-12.89439412,-0.18011498,-65.1898591,-6.72326403,-6.206375,13.4133759,3.34706475,-3.7808507,-15.49508536,1.27957517,-12.12929685
59.52,16.77364814,-12.62576461,-0.28721125,-65.27316683,-6.34502429,-6.78650412,12.93954032,3.16407713,-3.7648284,-15.20110113,1.30372515,-11.76316192
59.525,17.39323674,-12.45292855,-0.38288762,-65.27322446,-5.84628126,-7.17629726,12.40977295,3.06614154,-3.7928571,-14.85741557,1.19075768,-11.58615838
59.53,17.98085873,-12.1619439,-0.56908106,-65.15070922,-5.48315196,-7.66480089,11.92415247,2.85065856,-3.74723344,-14.55341134,1.20914444,-11.15427282
59.535,18.53218918,-11.93139489,-0.7538587,-64.93860781,-5.08206404,-8.06052646,11.41438776,2.68536815,-3.74721259,-14.2192437,1.16085589,-10.8025211
59.54,19.05130878,-11.68922786,-0.96035072,-64.63070562,-4.70903286,-8.42010444,10.90911137,2.50664197,-3.72883239,-13.88731079,1.11001332,-10.44018046
59.545,19.53775848,-11.4550205,-1.19371695,-64.22904494,-4.35320493,-8.74672272,10.40745263,2.32779301,-3.71453613,-13.55426752,1.04368581,-10.07422477
59.55,19.98170094,-11.19809815,-1.43719284,-63.73695724,-4.04338808,-9.05276145,9.90038055,2.1299088,-3.65989199,-13.22586282,1.01194831,-9.65383825
59.555,20.3915289,-10.95746914,-1.70949226,-63.15366383,-3.75404113,-9.32601891,9.39638279,1.9360284,-3.62036609,-12.8954769,0.96512573,-9.23892977
59.56,20.76530033,-10.72051723,-2.00210529,-62.48172966,-3.49326663,-9.57219526,8.89588194,1.73933411,-3.57134772,-12.56926722,0.91693951,-8.81487839
59.565,21.10480531,-10.48856399,-2.31123742,-61.72719736,-3.26224547,-9.79518736,8.39750411,1.54125807,-3.51495032,-12.24517146,0.87104027,-8.38229182
59.57,21.40731084,-10.2599808,-2.63349405,-60.89016758,-3.05994039,-10.00043173,7.90038862,1.34209793,-3.45086054,-11.9262184,0.83112746,-7.93984887
59.575,21.67469926,-10.03762464,-2.9654773,-59.97418217,-2.88489502,-10.1910193,7.40466761,1.14344414,-3.38162177,-11.61165239,0.79807247,-7.49211452
59.58,21.9075762,-9.81996329,-3.30412459,-58.98074162,-2.73459865,-10.36994257,6.91158139,0.94615893,-3.30546817,-11.30334728,0.77036565,-7.03992961
59.585,22.10932211,-9.61071511,-3.64851782,-57.91515382,-2.60840586,-10.53777731,6.42181675,0.75348052,-3.2248812,-10.99932375,0.74837161,-6.59091723
59.59,22.28111024,-9.40934742,-3.99631075,-56.77772616,-2.50314272,-10.69686491,5.93805959,0.564906,-3.13816871,-10.70221143,0.72939542,-6.14543933
59.595,22.42571092,-9.21678297,-4.33903177,-55.57282611,-2.41515075,-10.853027,5.4587019,0.38422822,-3.04719725,-10.40941857,0.71799663,-5.707215
59.6,22.54035942,-9.02987734,-4.67979951,-54.30079239,-2.34245204,-11.00985112,4.98440198,0.20810421,-2.95203547,-10.12509837,0.7158637,-5.27324915
59.605,22.63284575,-8.85337759,-5.01165041,-52.96624633,-2.28230446,-11.16560638,4.5180376,0.04199951,-2.85284873,-9.84613082,0.72064476,-4.85310188
59.61,22.70282975,-8.68605985,-5.33074118,-51.57097676,-2.22920613,-11.32672779,4.05863797,-0.11347369,-2.75174708,-9.57319683,0.7339187,-4.44570201
59.615,22.76075054,-8.53790179,-5.64896941,-50.11790261,-2.17920326,-11.48577026,3.61904573,-0.2542139,-2.66540604,-9.31158599,0.73859009,-4.06476698
59.62,22.7888459,-8.38196162,-5.92895061,-48.60707023,-2.14189279,-11.65749763,3.17222309,-0.38930845,-2.53465508,-9.04767028,0.78861481,-3.68660451
59.625,22.8185476,-8.25709554,-6.20991856,-47.04499269,-2.09022634,-11.82834352,2.75648373,-0.50072071,-2.44867457,-8.79808101,0.80741882,-3.35015617
59.63,22.81856922,-8.1242681,-6.45085693,-45.42788817,-2.05333885,-12.01243379,2.33406779,-0.60745156,-2.31208254,-8.54888705,0.88318509,-3.01935717
59.635,22.81266421,-8.01199463,-6.68004041,-43.76043129,-2.00452225,-12.20247117,1.9324444,-0.69522826,-2.19450522,-8.30909265,0.94888045,-2.71905274
59.64,22.80420089,-7.91394774,-6.8776716,-42.04753425,-1.94827365,-12.39529589,1.54854267,-0.76235641,-2.07466398,-8.07522352,1.02901523,-2.45420083
59.645,22.7866934,-7.83415386,-7.06597266,-40.28591632,-1.8774633,-12.60049138,1.18291787,-0.81283278,-1.96437447,-7.8511736,1.10999002,-2.21667777
59.65,22.75687242,-7.76076103,-7.21100874,-38.47899399,-1.80256998,-12.81424728,0.82514418,-0.84758221,-1.8308131,-7.63219107,1.22220315,-2.004238
59.655,22.72670661,-7.70884545,-7.33006995,-36.63084498,-1.71394831,-13.03037274,0.48676177,-0.85817865,-1.70549673,-7.41936936,1.34494137,-1.82852875
59.66,22.68257673,-7.66641247,-7.42045396,-34.74006212,-1.62270746,-13.25731809,0.15847989,-0.85620768,-1.5632937,-7.21628033,1.49177658,-1.67546277
59.665,22.63514782,-7.64640611,-7.48434184,-32.81075273,-1.51753101,-13.49035103,-0.15375413,-0.82993889,-1.42397236,-7.01971387,1.6526024,-1.55573487
59.67,22.58469719,-7.64558487,-7.51305449,-30.84648148,-1.40028479,-13.72639003,-0.45126309,-0.78099564,-1.2813846,-6.83023524,1.83185262,-1.46815289
59.675,22.52720952,-7.66505123,-7.51500313,-28.84836048,-1.2775223,-13.96670498,-0.73559614,-0.71151086,-1.13480213,-6.6490842,2.03178076,-1.40925885
59.68,22.45973852,-7.70765739,-7.48718861,-26.81929971,-1.15550119,-14.21256725,-1.01235486,-0.61858392,-0.97707699,-6.47447973,2.25345511,-1.37446088
59.685,22.38355053,-7.76979383,-7.42979008,-24.76344283,-1.04615659,-14.45449064,-1.27888037,-0.50773358,-0.81029372,-6.30938748,2.49014936,-1.36170927
59.69,22.30360184,-7.86446023,-7.34857952,-22.69102406,-0.92407205,-14.69995917,-1.53647732,-0.36713662,-0.64682521,-6.15131055,2.751743,-1.37556654
59.695,22.2371116,-7.98676202,-7.19451247,-20.61805032,-0.75199882,-14.9123603,-1.7745658,-0.19074948,-0.49032291,-6.01103409,3.04757862,-1.41583227
59.7,22.1105315,-8.1252086,-7.11124671,-18.50592281,-0.73165662,-15.19233556,-2.03808695,-0.02926186,-0.28022243,-5.86254731,3.31966099,-1.45312774
59.705,22.03126959,-8.31747954,-6.92431377,-16.43703043,-0.58425496,-15.36558839,-2.27239285,0.20357462,-0.12279381,-5.73775281,3.67907648,-1.52159153
59.71,21.92350574,-8.54703492,-6.76178588,-14.37500773,-0.51024437,-15.56902404,-2.5165291,0.45286621,0.07635159,-5.62158909,4.0363936,-1.58599254
59.715,21.77524484,-8.78657109,-6.64825876,-12.3229348,-0.51170124,-15.86592634,-2.78816905,0.6894984,0.30119589,-5.48973826,4.35383248,-1.66583856
59.72,21.65981121,-9.07065526,-6.46559896,-10.34291513,-0.46202333,-16.03676454,-3.04307129,0.97694243,0.50243073,-5.38726807,4.74642474,-1.74950231
59.725,21.55865764,-9.3783261,-6.25913233,-8.43290056,-0.41992281,-16.12269517,-3.28933321,1.28243036,0.6995632,-5.30915931,5.18146097,-1.83061941
59.73,21.44593245,-9.72137651,-6.09130047,-6.5991887,-0.39271074,-16.24427367,-3.55440141,1.60321336,0.92031043,-5.23149068,5.60419612,-1.90119158
59.735,21.33677356,-10.07354483,-5.92959367,-4.85221193,-0.38350663,-16.33574408,-3.8265501,1.92425168,1.14285141,-5.16610896,6.03950515,-1.97153409
59.74,21.20549157,-10.44168034,-5.81128892,-3.19672323,-0.38581529,-16.48150012,-4.12618211,2.23976859,1.39617262,-5.10210262,6.4431653,-2.03240025
59.745,21.12802807,-10.78765625,-5.6478583,-1.66339502,-0.41180969,-16.45512843,-4.39967259,2.54586445,1.60173604,-5.07606233,6.93055563,-2.09692035
59.75,21.02006531,-11.15751039,-5.55332784,-0.24283064,-0.40511515,-16.50693673,-4.70847164,2.84610913,1.85103098,-5.05186064,7.36194056,-2.11074474
59.755,20.9347499,-11.49344967,-5.45106082,1.05445407,-0.43181012,-16.47721044,-5.01210605,3.11462916,2.08144174,-5.05508719,7.82702174,-2.12223335
59.76,20.85959349,-11.80764874,-5.36495061,2.22242194,-0.46456741,-16.4185094,-5.3201319,3.35492989,2.30559047,-5.07923652,8.29120373,-2.10654106
59.765,20.79424802,-12.09118638,-5.29190733,3.25895542,-0.50880026,-16.33627308,-5.63089686,3.56011599,2.52129627,-5.12618677,8.75160314,-2.06423989
59.77,20.73738511,-12.33794689,-5.23060968,4.16234333,-0.56861169,-16.23357401,-5.94346229,3.72425137,2.72839544,-5.19775737,9.20485367,-1.99359942
59.775,20.68618496,-12.54261764,-5.18175459,4.93149974,-0.64520953,-16.11639741,-6.25853211,3.84198757,2.92806746,-5.29475382,9.64699117,-1.88780894
59.78,20.64772325,-12.70209497,-5.13787727,5.56412567,-0.74408571,-15.98696049,-6.56967022,3.9138176,3.10990086,-5.41921054,10.07375271,-1.75628134
59.785,20.62030146,-12.81424049,-5.09677305,6.06114666,-0.86711781,-15.85175772,-6.87525892,3.93668813,3.27740807,-5.57401234,10.47952336,-1.59346766
59.79,20.60226535,-12.87337008,-5.05787495,6.42382939,-1.0171685,-15.71371723,-7.17471147,3.90557985,3.42764909,-5.75987693,10.85942434,-1.39420148
59.795,20.60160881,-12.88647441,-5.01714823,6.65127212,-1.19850846,-15.5779667,-7.46066061,3.82933817,3.55304206,-5.98106857,11.20942374,-1.17131507
59.8,20.61625737,-12.84860358,-4.97014073,6.75217766,-1.41051631,-15.44811316,-7.73246295,3.70483826,3.65389429,-6.23281885,11.51898123,-0.92325986
59.805,20.64454686,-12.76138523,-4.91580308,6.73151115,-1.65682155,-15.32671567,-7.98709482,3.53164878,3.73505041,-6.52072764,11.78742483,-0.64201243
59.81,20.69552309,-12.62660182,-4.84196079,6.58359741,-1.93342304,-15.21331112,-8.22222868,3.31623659,3.78336808,-6.84374678,11.99834582,-0.34145701
59.815,20.76234093,-12.44965218,-4.76390333,6.32018328,-2.2473471,-15.11703117,-8.43617454,3.05746503,3.81210533,-7.20317206,12.16234741,-0.00340258
59.82,20.84988272,-12.23753103,-4.66448597,5.94553847,-2.59262885,-15.03279723,-8.62510698,2.76953052,3.81386355,-7.60610569,12.26326289,0.35269416
59.825,20.95183479,-11.98857986,-4.55348958,5.46793699,-2.96787984,-14.97491286,-8.78729233,2.44426107,3.78806779,-8.05440224,12.31404969,0.75352348
59.83,21.06812422,-11.71487911,-4.42130762,4.88954488,-3.37574463,-14.94572443,-8.9281808,2.10032954,3.71350289,-8.5509175,12.32442063,1.19533076
59.835,21.23088424,-11.42544838,-4.25167985,4.22123596,-3.81127898,-14.84798252,-9.03214959,1.75588145,3.63849619,-9.05769431,12.15168462,1.50911413
59.84,21.37086371,-11.06817692,-4.09578126,3.49655031,-4.29436918,-14.92825364,-9.0906025,1.32122975,3.54349131,-9.67268842,12.11041115,2.11626391
59.845,21.54270494,-10.71508569,-3.89578787,2.69057313,-4.79128572,-14.96345959,-9.12763347,0.91188614,3.39253418,-10.30738248,11.89350322,2.62830196
59.85,21.72902823,-10.34371515,-3.67302323,1.82777794,-5.30572862,-15.03031871,-9.12396179,0.4869633,3.22385745,-10.99671344,11.61591574,3.17117569
59.855,21.9250827,-9.95990483,-3.42656038,0.91808526,-5.82716345,-15.12655664,-9.08581158,0.0546836,3.02342107,-11.73499469,11.26080093,3.73769865
59.86,22.12883353,-9.56499463,-3.15382098,-0.02910797,-6.35387772,-15.26470007,-9.00791429,-0.38321533,2.79063915,-12.53212803,10.83921365,4.34006721
59.865,22.33608555,-9.16252565,-2.85636029,-1.0030364,-6.87099575,-15.43080678,-8.8918905,-0.82426524,2.53687135,-13.3841838,10.33653047,4.95984597
59.87,22.5425914,-8.75599935,-2.5367913,-1.99560644,-7.37111585,-15.6377964,-8.73768738,-1.26374883,2.25316342,-14.29519257,9.754839,5.60434447
59.875,22.74041883,-8.34703751,-2.20011499,-2.99581272,-7.83527858,-15.85855708,-8.54860037,-1.7036792,1.95982334,-15.26126608,9.08506571,6.24645563
59.88,22.93220956,-7.94980749,-1.83057876,-4.0048145,-8.25856345,-16.18689645,-8.32052363,-2.12766904,1.63421949,-16.29142393,8.34487571,6.93638803
59.885,23.10453071,-7.52717482,-1.47558858,-4.99310113,-8.64446257,-16.42418126,-8.0549195,-2.57736084,1.31206309,-17.37749815,7.5194856,7.56966238
59.89,23.25721414,-7.12062353,-1.09996034,-5.96987016,-8.9723259,-16.72404827,-7.75542766,-3.01092192,0.97266784,-18.52485038,6.61300417,8.2268009
59.895,23.40049809,-6.71101268,-0.69716388,-6.93873748,-9.22493801,-17.1405441,-7.40995921,-3.44497496,0.63784793,-19.73489384,5.65032669,8.90599445
59.9,23.4913725,-6.30870416,-0.32132784,-7.85660941,-9.42565,-17.44574231,-7.04324404,-3.87965327,0.28790826,-21.0046387,4.58697889,9.50051156
59.905,23.58743259,-5.904853,0.08670492,-8.77765983,-9.54983233,-17.90321407,-6.62840127,-4.31039001,-0.04963961,-22.32755078,3.49769525,10.13210441
59.91,23.63395844,-5.50462705,0.47582659,-9.65237538,-9.60715454,-18.29863805,-6.19128101,-4.74592535,-0.38139999,-23.70382599,2.32748418,10.68747522
59.915,23.65012468,-5.1096639,0.85592123,-10.49392134,-9.59049693,-18.71487636,-5.72099639,-5.18143139,-0.70619973,-25.13378842,1.10794121,11.20367122
59.92,23.63639096,-4.7199988,1.22546026,-11.30276818,-9.50204096,-19.15718751,-5.21828395,-5.61769046,-1.01824807,-26.61390813,-0.14744147,11.66995822
59.925,23.58677603,-4.33536626,1.57845822,-12.07152338,-9.34567626,-19.60280972,-4.68706237,-6.05572699,-1.31380918,-28.13791244,-1.43187832,12.07417457
59.93,23.46978354,-3.9656188,1.87091415,-12.80443825,-9.09821879,-19.96390022,-4.16371834,-6.49633914,-1.58683548,-29.69126047,-2.77318896,12.39273643
59.935,23.38482982,-3.58489395,2.22799246,-13.4931259,-8.8369943,-20.48845795,-3.54335669,-6.93556536,-1.83384129,-31.30256756,-4.03142101,12.68121054
59.94,23.23157574,-3.22003985,2.51542503,-14.14348017,-8.50125914,-20.93657136,-2.93552864,-7.3756523,-2.05624651,-32.92922979,-5.3225375,12.87589029
59.945,23.05428203,-2.86804494,2.77611023,-14.76332361,-8.11145194,-21.39494043,-2.30018608,-7.81050137,-2.25350582,-34.58166024,-6.57401019,12.9996847
59.95,22.82832936,-2.52023429,3.01476193,-15.32720114,-7.67141688,-21.80468763,-1.65334284,-8.24478329,-2.40556473,-36.24647378,-7.79317417,13.05156045
59.955,22.55568703,-2.18765352,3.21481453,-15.85990793,-7.18148568,-22.18410712,-1.01353795,-8.6722654,-2.55129175,-37.91086321,-8.96840402,13.06199107
59.96,22.3065329,-1.8663551,3.3993294,-16.34846017,-6.69430351,-22.61783572,-0.29127988,-9.08548448,-2.62949142,-39.59363367,-10.02833784,12.94177166
59.965,21.9858363,-1.5554432,3.55648465,-16.79934233,-6.16588709,-22.98217221,0.38631326,-9.49195402,-2.72034945,-41.24947644,-11.04869704,12.83080643
59.97,21.66273654,-1.25924116,3.67800879,-17.20498803,-5.63710409,-23.34379683,1.10977417,-9.88188931,-2.75601423,-42.89939212,-11.95115482,12.61006344
59.975,21.31048665,-0.98539017,3.77914769,-17.57423713,-5.09441512,-23.68445877,1.83516294,-10.24764759,-2.77094022,-44.52014457,-12.75591728,12.35638301
59.98,20.94067933,-0.72995275,3.8473293,-17.89941335,-4.55661309,-23.99663785,2.57715496,-10.59072864,-2.75576277,-46.1101203,-13.44805203,12.04155348
59.985,20.54956673,-0.49963054,3.89059405,-18.1856692,-4.02265144,-24.28084239,3.32441687,-10.90284926,-2.71817604,-47.65755035,-14.02268308,11.6915809
59.99,20.14062973,-0.29301503,3.90704753,-18.43143084,-3.50195152,-24.53144782,4.07611734,-11.18314298,-2.66298461,-49.15461113,-14.47902841,11.30757922
59.995,19.71799007,-0.11346443,3.89621579,-18.64314329,-3.00061866,-24.74377792,4.83332771,-11.42918198,-2.59455362,-50.59752847,-14.81826725,10.89299383
60,19.27751879,0.03942166,3.87080226,-18.81148608,-2.51997682,-24.92312285,5.5865009,-11.63964459,-2.52424196,-51.97240467,-15.04021128,10.46579686
